-- MySQL dump 10.13  Distrib 5.7.25, for Linux (x86_64)
--
-- Host: localhost    Database: zoneManager_staging
-- ------------------------------------------------------
-- Server version	5.7.25-0ubuntu0.16.04.2

/*!40101 SET @OLD_CHARACTER_SET_CLIENT=@@CHARACTER_SET_CLIENT */;
/*!40101 SET @OLD_CHARACTER_SET_RESULTS=@@CHARACTER_SET_RESULTS */;
/*!40101 SET @OLD_COLLATION_CONNECTION=@@COLLATION_CONNECTION */;
/*!40101 SET NAMES utf8 */;
/*!40103 SET @OLD_TIME_ZONE=@@TIME_ZONE */;
/*!40103 SET TIME_ZONE='+00:00' */;
/*!40014 SET @OLD_UNIQUE_CHECKS=@@UNIQUE_CHECKS, UNIQUE_CHECKS=0 */;
/*!40014 SET @OLD_FOREIGN_KEY_CHECKS=@@FOREIGN_KEY_CHECKS, FOREIGN_KEY_CHECKS=0 */;
/*!40101 SET @OLD_SQL_MODE=@@SQL_MODE, SQL_MODE='NO_AUTO_VALUE_ON_ZERO' */;
/*!40111 SET @OLD_SQL_NOTES=@@SQL_NOTES, SQL_NOTES=0 */;

--
-- Table structure for table `ar_internal_metadata`
--

DROP TABLE IF EXISTS `ar_internal_metadata`;
/*!40101 SET @saved_cs_client     = @@character_set_client */;
/*!40101 SET character_set_client = utf8 */;
CREATE TABLE `ar_internal_metadata` (
  `key` varchar(255) NOT NULL,
  `value` varchar(255) DEFAULT NULL,
  `created_at` datetime NOT NULL,
  `updated_at` datetime NOT NULL,
  PRIMARY KEY (`key`)
) ENGINE=InnoDB DEFAULT CHARSET=utf8;
/*!40101 SET character_set_client = @saved_cs_client */;

--
-- Dumping data for table `ar_internal_metadata`
--

LOCK TABLES `ar_internal_metadata` WRITE;
/*!40000 ALTER TABLE `ar_internal_metadata` DISABLE KEYS */;
INSERT INTO `ar_internal_metadata` VALUES ('environment','staging','2019-04-08 04:15:44','2019-04-08 04:15:44');
/*!40000 ALTER TABLE `ar_internal_metadata` ENABLE KEYS */;
UNLOCK TABLES;

--
-- Table structure for table `beneficiary_schemes`
--

DROP TABLE IF EXISTS `beneficiary_schemes`;
/*!40101 SET @saved_cs_client     = @@character_set_client */;
/*!40101 SET character_set_client = utf8 */;
CREATE TABLE `beneficiary_schemes` (
  `id` bigint(20) NOT NULL AUTO_INCREMENT,
  `place_id` bigint(20) DEFAULT NULL,
  `user_id` bigint(20) DEFAULT NULL,
  `scheme_type_id` bigint(20) DEFAULT NULL,
  `beneficiary_phone` varchar(255) DEFAULT NULL,
  `beneficiary_name` varchar(255) DEFAULT NULL,
  `application_date` date DEFAULT NULL,
  `granted_relief` text,
  `status` varchar(255) DEFAULT NULL,
  `remarks` text,
  `created_at` datetime NOT NULL,
  `updated_at` datetime NOT NULL,
  `entity_status_id` bigint(20) DEFAULT NULL,
  PRIMARY KEY (`id`),
  KEY `index_beneficiary_schemes_on_place_id` (`place_id`),
  KEY `index_beneficiary_schemes_on_user_id` (`user_id`),
  KEY `index_beneficiary_schemes_on_scheme_type_id` (`scheme_type_id`),
  KEY `index_beneficiary_schemes_on_entity_status_id` (`entity_status_id`),
  CONSTRAINT `fk_rails_003b5dc70d` FOREIGN KEY (`user_id`) REFERENCES `users` (`id`),
  CONSTRAINT `fk_rails_82485089a2` FOREIGN KEY (`place_id`) REFERENCES `places` (`id`),
  CONSTRAINT `fk_rails_84bd4c12a2` FOREIGN KEY (`scheme_type_id`) REFERENCES `scheme_types` (`id`),
  CONSTRAINT `fk_rails_890eabb032` FOREIGN KEY (`entity_status_id`) REFERENCES `entity_statuses` (`id`)
) ENGINE=InnoDB AUTO_INCREMENT=157 DEFAULT CHARSET=utf8;
/*!40101 SET character_set_client = @saved_cs_client */;

--
-- Dumping data for table `beneficiary_schemes`
--

LOCK TABLES `beneficiary_schemes` WRITE;
/*!40000 ALTER TABLE `beneficiary_schemes` DISABLE KEYS */;
INSERT INTO `beneficiary_schemes` VALUES (1,59,NULL,2,'1','ಶ್ರೀಮತಿ. ಮಾದೇವಿ ರಾಮ ಮೊಗೇರ','2019-04-12','ರೂ.10757.00\r\nಚೆಕ್ ನಂಬರ: 715367 \r\nದಿನಾಂಕ: 11/02/2019','ಮಂಜೂರಾಗಿರುತ್ತದೆ. - Sanctioned.','','2019-04-12 08:39:47','2019-04-14 09:18:11',13),(2,330,NULL,2,'2','ಶ್ರೀ.ಸುಕ್ರಯ್ಯ ಕುಪ್ಪ ನಾಯ್ಕ','2019-04-12','ರೂ. 9981.00\r\nಚೆಕ್ ನಂಬರ:715416\r\nದಿನಾಂಕ12/02/2019','ಮಂಜೂರಾಗಿರುತ್ತದೆ. - Sanctioned.','','2019-04-12 08:42:55','2019-04-14 09:18:11',13),(3,331,NULL,2,'3','ಶ್ರೀ. ನಾರಾಯಣ ರಾಮಚಂದ್ರ ಹೆಗಡೆ','2019-04-12','ರೂ. 13078.00\r\nಚೆಕ್ ನಂಬರ:715485\r\nದಿನಾಂಕ13/02/2019','ಮಂಜೂರಾಗಿರುತ್ತದೆ. - Sanctioned.','','2019-04-12 08:51:38','2019-04-14 09:18:11',13),(4,263,NULL,2,'4','ಕುಮಾರಿ.ಆಶಾ ಸುಬ್ರಾಯ ನಾಯ್ಕ','2019-04-12','ರೂ.8336.00\r\nಚೆಕ್ ನಂಬರ:718567\r\nದಿನಾಂಕ: 20/02/2019','ಮಂಜೂರಾಗಿರುತ್ತದೆ. - Sanctioned.','','2019-04-12 08:53:31','2019-04-14 09:18:11',13),(5,114,NULL,2,'5','ಶ್ರೀ.ಸಣ್ಣು ಮಾಸ್ತಿ ಗೊಂಡ','2019-04-12','ರೂ. 11600.00\r\nಚೆಕ್ ನಂಬರ:718568\r\nದಿನಾಂಕ:  20/02/2019','ಮಂಜೂರಾಗಿರುತ್ತದೆ. - Sanctioned.','','2019-04-12 08:55:10','2019-04-14 09:18:11',13),(6,136,NULL,2,'6','ಶ್ರೀಮತಿ. ಸಬೀನಾ ಕೋಂ ಉಸ್ಮಾನ ಕಾಕಾ','2019-04-12','ರೂ. 7795.00\r\nಚೆಕ್ ನಂಬರ: 718570\r\nದಿನಾಂಕ: 20/02/2019','ಮಂಜೂರಾಗಿರುತ್ತದೆ. - Sanctioned.','','2019-04-12 08:59:58','2019-04-14 09:18:11',13),(7,283,NULL,2,'7','ಶ್ರೀ.ಜಯಂತ ದುರ್ಗಪ್ಪ ನಾಯ್ಕ','2019-04-12','ರೂ. 7954.೦೦\r\nಚೆಕ್ ನಂಬರ: 718574\r\nದಿನಾಂಕ: 20/02/2019','ಮಂಜೂರಾಗಿರುತ್ತದೆ. - Sanctioned.','','2019-04-12 09:01:28','2019-04-14 09:18:11',13),(8,156,NULL,2,'8','ಶ್ರೀ.ಕೃಷ್ಣ ಹನುಮಂತ ನಾಯ್ಕ','2019-04-12','ರೂ. 16595.00\r\nಚೆಕ್ ನಂಬರ: 718577\r\nದಿನಾಂಕ: 20/02/2019','ಮಂಜೂರಾಗಿರುತ್ತದೆ. - Sanctioned.','','2019-04-12 09:03:28','2019-04-14 09:18:11',13),(9,302,NULL,2,'9','ಬೇಬಿ ಆಪ್‌ ಶ್ರೀಮತಿ ನಾಗವೇಣಿ ಕೃಷ್ಣ ನಾಯ್ಕ','2019-04-12','ರೂ. 16356.00\r\nಚೆಕ್ ನಂಬರ: 718621\r\nದಿನಾಂಕ: 21/02/2019','ಮಂಜೂರಾಗಿರುತ್ತದೆ. - Sanctioned.','','2019-04-12 09:06:01','2019-04-14 09:18:11',13),(10,293,NULL,2,'10','ಶ್ರೀ.ನಾಗೇಂದ್ರ ಮಾದೇವ ನಾಯ್ಕ','2019-04-12','ರೂ. 16084.00\r\nಚೆಕ್ ನಂಬರ: 718623\r\nದಿನಾಂಕ: 21/02/2019','ಮಂಜೂರಾಗಿರುತ್ತದೆ. - Sanctioned.','','2019-04-12 09:07:45','2019-04-14 09:18:11',13),(11,6,NULL,2,'11','ಶ್ರೀಮತಿ.ಮಾಸ್ತಿ ಮಂಜಪ್ಪ ಮೊಗೇರ','2019-04-12','ರೂ. 9501.00\r\nಚೆಕ್ ನಂಬರ: 718629\r\nದಿನಾಂಕ: 21/02/2019','ಮಂಜೂರಾಗಿರುತ್ತದೆ. - Sanctioned.','','2019-04-12 09:09:09','2019-04-14 09:18:11',13),(12,117,NULL,2,'12','ಶ್ರೀ.ಶಂಕರ ನಾರಾಯಣ ಮೊಗೇರ','2019-04-12','ರೂ. 14305.00\r\nಚೆಕ್ ನಂಬರ: 718638\r\nದಿನಾಂಕ: 21/02/2019','ಮಂಜೂರಾಗಿರುತ್ತದೆ. - Sanctioned.','','2019-04-12 09:10:16','2019-04-14 09:18:11',13),(13,332,NULL,2,'13','ಶ್ರೀ. ಅಚ್ಚಲಗುಂಡಿ ಗಜಾನನ ನಾಯ್ಕ','2019-04-12','ರೂ. 7685.00\r\nಚೆಕ್ ನಂಬರ: 718639\r\nದಿನಾಂಕ: 21/02/2019','ಮಂಜೂರಾಗಿರುತ್ತದೆ. - Application Approved.','','2019-04-12 09:17:32','2019-04-12 09:17:32',NULL),(14,333,NULL,2,'14','ಶ್ರೀಮತಿ. ಮಾದೇವಿ ರಮೇಶ ನಾಯ್ಕ','2019-04-12','ರೂ. 6875.00\r\nಚೆಕ್ ನಂಬರ: 718640\r\nದಿನಾಂಕ: 21/02/2019','ಮಂಜೂರಾಗಿರುತ್ತದೆ. - Sanctioned.','','2019-04-12 09:25:40','2019-04-14 09:18:11',13),(15,61,NULL,2,'15','ಶ್ರೀ. ದೇವಿದರ್ಶನ ಫಕೀರ ಮೊಗೇರ','2019-04-12','ರೂ. 13076.00\r\nಚೆಕ್ ನಂಬರ: 718641\r\nದಿನಾಂಕ: 21/02/2019','ಮಂಜೂರಾಗಿರುತ್ತದೆ. - Sanctioned.','','2019-04-12 09:27:20','2019-04-14 09:18:11',13),(16,138,NULL,2,'16','ಶ್ರೀ. ದೇವು ನಾರಾಯಣ ಮರಾಠಿ','2019-04-12','ರೂ. 24201.00\r\nಚೆಕ್ ನಂಬರ: 718654\r\nದಿನಾಂಕ: 21/02/2019','ಮಂಜೂರಾಗಿರುತ್ತದೆ. - Sanctioned.','','2019-04-12 09:28:38','2019-04-14 09:18:11',13),(17,302,NULL,2,'17','ಮಾಸ್ಟರ್‌ ಚಂದನ ಸದಾನಂದ ನಾಯ್ಕ','2019-04-12','ರೂ. 62968.00\r\nಚೆಕ್ ನಂಬರ: 695420\r\nದಿನಾಂಕ: 08/08/2018','ಮಂಜೂರಾಗಿರುತ್ತದೆ. - Sanctioned.','','2019-04-12 09:30:18','2019-04-14 09:18:11',13),(18,249,NULL,2,'18','ಕುಮಾರ ಮಹ್ಮದ ಆಯಿದ್‌ ಬಿನ್‌ ಮಹ್ಮ ಆರಿಫ ಮನಿಯಾರ್','2019-04-12','ರೂ. ‌15000.00\r\nಚೆಕ್ ನಂಬರ: 695421\r\nದಿನಾಂಕ: 08/08/2018','ಮಂಜೂರಾಗಿರುತ್ತದೆ. - Sanctioned.','','2019-04-12 09:32:31','2019-04-14 09:18:11',13),(19,249,NULL,2,'19','ಶ್ರೀ.ಮಹ್ಮ ಫೈಜಾನ್‌ ಬಿನ್‌ ಮಹ್ಮದ ಫಾರುಖ ಶೇಖ್','2019-04-12','ರೂ. 25000.00\r\nಚೆಕ್ ನಂಬರ: 695422\r\nದಿನಾಂಕ: 08/08/2018','ಮಂಜೂರಾಗಿರುತ್ತದೆ. - Sanctioned.','','2019-04-12 09:35:05','2019-04-14 09:18:11',13),(20,334,NULL,2,'20','ದಿ. ಶ್ರೀ. ನಾಗೇಶ ಪಾಂಡುರಂಗ ನಾಯ್ಕ','2019-04-12','ರೂ. 67834\r\nಚೆಕ್ ನಂಬರ: 695423\r\nದಿನಾಂಕ: 08/08/2018','ವಿಲೇಗೆ ತರಲಾಗಿದೆ. - Application Filed.','ಮೃತಪಟ್ಟಿರುವುದರಿಂದ ಚೆಕನ್ನು ರದ್ದುಪಡಿಸಲಾಗಿದೆ.','2019-04-12 09:39:08','2019-04-14 09:18:11',12),(21,330,NULL,2,'21','ಬೇಬಿ ಆಪ್‌ ಶ್ರೀಮತಿ ನಾಗರತ್ನ ಭಾಸ್ಕರ ಬಾಕಡ್','2019-04-12','ರೂ. 34136.00\r\nಚೆಕ್ ನಂಬರ: 695424\r\nದಿನಾಂಕ: 08/08/2018','ಮಂಜೂರಾಗಿರುತ್ತದೆ. - Sanctioned.','','2019-04-12 09:41:50','2019-04-14 09:18:11',13),(22,126,NULL,2,'22','ಶ್ರೀ.ನಾಗಪ್ಪ ನಾರಾಯಣ ನಾಯ್ಕ','2019-04-12','ರೂ. 30000.00\r\nಚೆಕ್ ನಂಬರ: 695438\r\nದಿನಾಂಕ: 08/08/2018','ಮಂಜೂರಾಗಿರುತ್ತದೆ. - Sanctioned.','','2019-04-12 09:43:08','2019-04-14 09:18:11',13),(23,251,NULL,2,'23','ಶ್ರೀ.ಅಣ್ನಪ್ಪ ರಾಮ ಮೊಗೇರ','2019-04-12','ರೂ. 8103.00\r\nಚೆಕ್ ನಂಬರ: 695439\r\nದಿನಾಂಕ: 08/08/2018','ಮಂಜೂರಾಗಿರುತ್ತದೆ. - Sanctioned.','','2019-04-12 09:44:45','2019-04-14 09:18:11',13),(24,81,NULL,2,'24','ಶ್ರೀ.ಶ್ರೀಧರ ನಾಗಪ್ಪ ನಾಯ್ಕ','2019-04-13','ರೂ:50000.00\r\nಚೆಕ್  ನಂಬರ: 695440\r\nದಿನಾಂಕ:08/08/2018','ಮಂಜೂರಾಗಿರುತ್ತದೆ. - Sanctioned.','','2019-04-13 07:07:18','2019-04-14 09:18:11',13),(25,335,NULL,2,'25','ಶ್ರೀ. ನಾರಾಯಣ ನಾಗಪ್ಪ ಗೌಡ','2019-04-13','ರೂ:5000.00\r\nಚೆಕ್  ನಂಬರ: 700287\r\nದಿನಾಂಕ:  27/09/2018','ಮಂಜೂರಾಗಿರುತ್ತದೆ. - Sanctioned.','','2019-04-13 07:10:50','2019-04-14 09:18:11',13),(26,336,NULL,2,'26','ಶ್ರೀ. ರಮೇಶ ಜಟ್ಟ ನಾಯ್ಕ','2019-04-13','ರೂ:8832.00\r\nಚೆಕ್  ನಂಬರ: 700288\r\nದಿನಾಂಕ:  27/09/2018','ಮಂಜೂರಾಗಿರುತ್ತದೆ. - Sanctioned.','','2019-04-13 07:14:49','2019-04-14 09:18:11',13),(27,59,NULL,2,'27','ಶ್ರೀ. ಯೋಗೇಶ ರಾಮ ಮೊಗೇರ','2019-04-13','ರೂ:5000.00\r\nಚೆಕ್  ನಂಬರ: 700289\r\nದಿನಾಂಕ:  27/09/2018','ಮಂಜೂರಾಗಿರುತ್ತದೆ. - Sanctioned.','','2019-04-13 07:19:50','2019-04-14 09:18:11',13),(28,269,NULL,2,'28','ಶ್ರೀಮತಿ. ಗೋಯ್ದಮ್ಮ ಮಂಜುನಾಥ ಮೊಗೇರ','2019-04-13','ರೂ:5962.00\r\nಚೆಕ್  ನಂಬರ: 700290\r\nದಿನಾಂಕ:  27/09/2018','ಮಂಜೂರಾಗಿರುತ್ತದೆ. - Sanctioned.','','2019-04-13 07:21:27','2019-04-14 09:18:11',13),(29,47,NULL,2,'29','ಶ್ರೀ. ಪುರುಷು ರಾಮ ಮರಾಠಿ','2019-04-13','ರೂ:40102.00\r\nಚೆಕ್  ನಂಬರ: 700374\r\nದಿನಾಂಕ:  01/10/2018','ಮಂಜೂರಾಗಿರುತ್ತದೆ. - Sanctioned.','','2019-04-13 07:23:25','2019-04-14 09:18:11',13),(30,337,NULL,2,'30','ಶ್ರೀಮತಿ.ಶಾರದಾ ಕೃಷ್ಣ ಶೇಟ್','2019-04-13','ರೂ:60000.00\r\nಚೆಕ್  ನಂಬರ: 700376\r\nದಿನಾಂಕ:  01/10/2018','ಮಂಜೂರಾಗಿರುತ್ತದೆ. - Sanctioned.','','2019-04-13 07:27:02','2019-04-14 09:18:11',13),(31,338,NULL,2,'31','ಶ್ರೀಮತಿ. ಗಿರಿಜಾ ನಾರಾಯಣ ನಾಯ್ಕ','2019-04-13','ರೂ:46192.00\r\nಚೆಕ್  ನಂಬರ: 700377\r\nದಿನಾಂಕ:  01/10/2018','ಮಂಜೂರಾಗಿರುತ್ತದೆ. - Sanctioned.','','2019-04-13 07:30:47','2019-04-14 09:18:11',13),(32,268,NULL,2,'32','ಶ್ರೀಮತಿ. ಗೋಯ್ದಮ್ಮ ಹೊನ್ನಪ್ಪ ನಾಯ್ಕ','2019-04-13','ರೂ:14802.00\r\nಚೆಕ್  ನಂಬರ: 700472\r\nದಿನಾಂಕ:  01/10/2018','ಮಂಜೂರಾಗಿರುತ್ತದೆ. - Sanctioned.','','2019-04-13 07:32:16','2019-04-14 09:18:11',13),(33,58,NULL,2,'33','ಕುಮಾರ. ಉದಿತ ಗಣಪತಿ ನಾಯ್ಕ','2019-04-13','ರೂ:12428.00\r\nಚೆಕ್  ನಂಬರ: 700473\r\nದಿನಾಂಕ:  08/10/2018','ಮಂಜೂರಾಗಿರುತ್ತದೆ. - Sanctioned.','','2019-04-13 07:34:33','2019-04-14 09:18:11',13),(34,339,NULL,2,'34','ಶ್ರೀಮತಿ. ಮೀರಾ ಸುರೇಶ ನಾಯ್ಕ','2019-04-13','ರೂ:7037.00\r\nಚೆಕ್  ನಂಬರ: 700476\r\nದಿನಾಂಕ:  05/10/2018','ಮಂಜೂರಾಗಿರುತ್ತದೆ. - Sanctioned.','','2019-04-13 07:39:08','2019-04-14 09:18:11',13),(35,290,NULL,2,'35','ಶ್ರೀ. ಶ್ರೀಧರ ಮಂಜುನಾಥ ನಾಯ್ಕ','2019-04-13','ರೂ:10289.00\r\nಚೆಕ್  ನಂಬರ: 700477\r\nದಿನಾಂಕ:  05/10/2018','ಮಂಜೂರಾಗಿರುತ್ತದೆ. - Sanctioned.','','2019-04-13 07:40:41','2019-04-14 09:18:11',13),(36,165,NULL,2,'36','ಶ್ರೀಮತಿ. ಮುಕ್ತಾ ಪರಮೇಶ್ವರ ಆಚಾರಿ','2019-04-13','ರೂ:5000.00\r\nಚೆಕ್  ನಂಬರ: 700478\r\nದಿನಾಂಕ:  05/10/2018','ಮಂಜೂರಾಗಿರುತ್ತದೆ. - Sanctioned.','','2019-04-13 07:43:23','2019-04-14 09:18:11',13),(37,297,NULL,2,'37','ಕುಮಾರ. ಚಿನ್ಮಯ ಲಕ್ಷ್ಮಿಶ ಚಿತ್ರಾಪುರ','2019-04-13','ರೂ:8166.00\r\nಚೆಕ್  ನಂಬರ: 700484\r\nದಿನಾಂಕ:  05/10/2018','ಮಂಜೂರಾಗಿರುತ್ತದೆ. - Sanctioned.','','2019-04-13 07:45:36','2019-04-14 09:18:11',13),(38,340,NULL,2,'38','ಶ್ರೀಮತಿ. ರಾಧಿಕಾ ರಾಮದಾಸ ಮಹಾಲೆ','2019-04-13','ರೂ:22562.00\r\nಚೆಕ್  ನಂಬರ: 700485\r\nದಿನಾಂಕ:  05/10/2018','ಮಂಜೂರಾಗಿರುತ್ತದೆ. - Sanctioned.','','2019-04-13 07:48:53','2019-04-14 09:18:11',13),(39,290,NULL,2,'39','ಶ್ರೀ. ನಾರಾಯಣ ಸಣ್ಣಪ್ಪ ನಾಯ್ಕ','2019-04-13','ರೂ:8257.00\r\nಚೆಕ್  ನಂಬರ: 700486\r\nದಿನಾಂಕ:  05/10/2018','ಮಂಜೂರಾಗಿರುತ್ತದೆ. - Sanctioned.','','2019-04-13 07:50:15','2019-04-14 09:18:11',13),(40,286,NULL,2,'40','ಶ್ರೀ. ದೇವಿದಾಸ ಮಾಸ್ತಪ್ಪ ನಾಯ್ಕ','2019-04-13','ರೂ:10315.00\r\nಚೆಕ್  ನಂಬರ: 700564\r\nದಿನಾಂಕ:  11/10/2018','ಮಂಜೂರಾಗಿರುತ್ತದೆ. - Sanctioned.','','2019-04-13 07:51:58','2019-04-14 09:18:11',13),(41,13,NULL,2,'41','ಶ್ರೀಮತಿ. ಗೌರಿ ಹನುಮಂತ ನಾಯ್ಕ','2019-04-13','ರೂ:9398.00\r\nಚೆಕ್  ನಂಬರ: 700610\r\nದಿನಾಂಕ:  12/10/2018','ಮಂಜೂರಾಗಿರುತ್ತದೆ. - Sanctioned.','','2019-04-13 07:53:58','2019-04-14 09:18:11',13),(42,341,NULL,2,'42','ಶ್ರೀಮತಿ. ಲಕ್ಷ್ಮಿ ಸುಕ್ರಪ್ಪ ನಾಯ್ಕ','2019-04-13','ರೂ:39301.00\r\nಚೆಕ್  ನಂಬರ: 700682\r\nದಿನಾಂಕ:  15/10/2018','ಮಂಜೂರಾಗಿರುತ್ತದೆ. - Sanctioned.','','2019-04-13 07:57:29','2019-04-14 09:18:11',13),(43,96,NULL,2,'43','ಶ್ರೀ. ದಿನೇಶ ಮಂಜುನಾಥ ನಾಯ್ಕ','2019-04-13','ರೂ:75000.00\r\nಚೆಕ್  ನಂಬರ: 700682\r\nದಿನಾಂಕ:  15/10/2018','ಮಂಜೂರಾಗಿರುತ್ತದೆ. - Sanctioned.','','2019-04-13 07:59:06','2019-04-14 09:18:11',13),(44,332,NULL,2,'44','ಶ್ರೀಮತಿ. ರುಕ್ಮಿಣಿ ಸಂಜೀವ ಶೇಟ','2019-04-13','ರೂ:29555.00\r\nಚೆಕ್  ನಂಬರ: 700684\r\nದಿನಾಂಕ:  15/10/2018','ಮಂಜೂರಾಗಿರುತ್ತದೆ. - Sanctioned.','','2019-04-13 08:05:40','2019-04-14 09:18:11',13),(45,219,NULL,2,'45','ಶ್ರೀ. ಮಂಜುನಾಥ ನಾರಾಯಣ ಹರಿಕಾಂತ','2019-04-13','ರೂ:36780.00\r\nಚೆಕ್  ನಂಬರ: 700700\r\nದಿನಾಂಕ:  15/10/2018','ಮಂಜೂರಾಗಿರುತ್ತದೆ. - Sanctioned.','','2019-04-13 08:07:05','2019-04-14 09:18:11',13),(46,342,NULL,2,'46','ಕುಮಾರಿ.ತನಯ ಭಗೀರಥ ನಾಯ್ಕ','2019-04-13','ರೂ:36780.00\r\nಚೆಕ್  ನಂಬರ: 700700\r\nದಿನಾಂಕ:  15/10/2018','ಮಂಜೂರಾಗಿರುತ್ತದೆ. - Sanctioned.','','2019-04-13 08:11:35','2019-04-14 09:18:11',13),(47,61,NULL,2,'47','ಶ್ರೀಮತಿ. ಲಕ್ಷ್ಮಿ ಮಾಧವ ನಾಯ್ಕ','2019-04-13','ರೂ:5000.00\r\nಚೆಕ್  ನಂಬರ: 700487\r\nದಿನಾಂಕ:  29/11/2018','ಮಂಜೂರಾಗಿರುತ್ತದೆ. - Sanctioned.','','2019-04-13 08:13:04','2019-04-14 09:18:11',13),(48,343,NULL,2,'48','ಶ್ರೀಮತಿ. ಪೂರ್ಣಿಮಾ ಮಂಜುನಾಥ ನಾಯ್ಕ','2019-04-13','ರೂ:5000.00\r\nಚೆಕ್  ನಂಬರ: 700546\r\nದಿನಾಂಕ:  30/11/2018','ಮಂಜೂರಾಗಿರುತ್ತದೆ. - Sanctioned.','','2019-04-13 08:16:00','2019-04-14 09:18:11',13),(49,133,NULL,2,'49','ಶ್ರೀ. ನಾರಾಯಣ ಮಾಸ್ತಿ ನಾಯ್ಕ','2019-04-13','ರೂ:50000.00\r\nಚೆಕ್  ನಂಬರ: 711535\r\nದಿನಾಂಕ:  31/12/2018','ಮಂಜೂರಾಗಿರುತ್ತದೆ. - Sanctioned.','','2019-04-13 08:17:37','2019-04-14 09:18:11',13),(50,319,NULL,2,'50','ಶ್ರೀ. ರಾಮನಾಥ ಬಿಕ್ಕು ಮಹಾಲೆ','2019-04-13','ರೂ: 43673.00\r\nಚೆಕ್  ನಂಬರ: 711565\r\nದಿನಾಂಕ:  02/01/2019','ಮಂಜೂರಾಗಿರುತ್ತದೆ. - Sanctioned.','','2019-04-13 08:19:28','2019-04-14 09:18:11',13),(51,338,NULL,2,'51','ಶ್ರೀ. ಅಂತೋನ ಲಿಯಾಂವ್‌ ಸೋಜಾ','2019-04-13','ರೂ: 50000.00\r\nಚೆಕ್  ನಂಬರ: 711568\r\nದಿನಾಂಕ:  02/01/2019','ಮಂಜೂರಾಗಿರುತ್ತದೆ. - Sanctioned.','','2019-04-13 08:20:51','2019-04-14 09:18:11',13),(52,59,NULL,2,'52','ಶ್ರೀ. ಗಣಪತಿ ಮಂಜು ಮೊಗೇರ','2019-04-13','ರೂ: 37543.00\r\nಚೆಕ್  ನಂಬರ: 711579\r\nದಿನಾಂಕ:  02/01/2019','ಮಂಜೂರಾಗಿರುತ್ತದೆ. - Sanctioned.','','2019-04-13 08:22:04','2019-04-14 09:18:11',13),(53,141,NULL,2,'53','ಶ್ರೀ.ಮಾದೇವ ಹನುಮಂತ ನಾಯ್ಕ','2019-04-13','ರೂ: 33300.00\r\nಚೆಕ್  ನಂಬರ: 711581\r\nದಿನಾಂಕ:  02/01/2019','ಮಂಜೂರಾಗಿರುತ್ತದೆ. - Sanctioned.','','2019-04-13 08:29:51','2019-04-14 09:18:11',13),(54,6,NULL,2,'54','ಶ್ರೀ. ಮಾಸ್ತಪ್ಪ ತಿಮ್ಮಪ್ಪ ಮೊಗೇರ','2019-04-13','ರೂ: 50000.00\r\nಚೆಕ್  ನಂಬರ: 711590\r\nದಿನಾಂಕ:  02/01/2019','ಮಂಜೂರಾಗಿರುತ್ತದೆ. - Sanctioned.','','2019-04-13 08:31:47','2019-04-14 09:18:11',13),(55,344,NULL,2,'55','ಶ್ರೀ. ಹುಸೇನ ನೌಮಣಿ ಬಿನ್‌ ಶೇಖ ಫಾರೀದ','2019-04-13','ರೂ: 50000.00\r\nಚೆಕ್  ನಂಬರ: 711650\r\nದಿನಾಂಕ:  03/01/2019','ಮಂಜೂರಾಗಿರುತ್ತದೆ. - Sanctioned.','','2019-04-13 08:35:10','2019-04-14 09:18:11',13),(56,342,NULL,2,'56','ಶ್ರೀ. ಅಣ್ಣಪ್ಪ ದೇವಯ್ಯ ನಾಯ್ಕ','2019-04-13','ರೂ: 50000.00\r\nಚೆಕ್  ನಂಬರ: 711652\r\nದಿನಾಂಕ:  03/01/2019','ಮಂಜೂರಾಗಿರುತ್ತದೆ. - Sanctioned.','','2019-04-13 08:36:42','2019-04-14 09:18:11',13),(57,328,NULL,2,'57','ಬೇಬಿ. ರಿಶಾಂಕ ಮಂಜುನಾಥ ದೇವಾಡಿಗ','2019-04-13','ರೂ: 54343.00\r\nಚೆಕ್  ನಂಬರ: 711654\r\nದಿನಾಂಕ:  03/01/2019','ಮಂಜೂರಾಗಿರುತ್ತದೆ. - Sanctioned.','','2019-04-13 08:38:02','2019-04-14 09:18:11',13),(58,345,NULL,2,'58','ಶ್ರೀ. ನಾಗಪ್ಪ ಜಟ್ಟ ನಾಯ್ಕ','2019-04-13','ರೂ: 10583.00\r\nಚೆಕ್  ನಂಬರ: 712252\r\nದಿನಾಂಕ:  14/01/2019','ಮಂಜೂರಾಗಿರುತ್ತದೆ. - Sanctioned.','','2019-04-13 08:40:42','2019-04-14 09:18:11',13),(59,308,NULL,2,'59','ಶ್ರೀಮತಿ. ಲಕ್ಷ್ಮಿ ಮಾಸ್ತಿ ನಾಯ್ಕ','2019-04-13','ರೂ: 14450.00\r\nಚೆಕ್  ನಂಬರ: 714520\r\nದಿನಾಂಕ:  16/01/2019','ಮಂಜೂರಾಗಿರುತ್ತದೆ. - Sanctioned.','','2019-04-13 08:42:52','2019-04-14 09:18:11',13),(60,96,NULL,2,'60','ಶ್ರೀ. ಗೋಪಾಲ ನಾರಾಯಣ ಹೆಗಡೆ','2019-04-13','ರೂ: 7512.00\r\nಚೆಕ್  ನಂಬರ: 714522\r\nದಿನಾಂಕ:  16/01/2019','ಮಂಜೂರಾಗಿರುತ್ತದೆ. - Sanctioned.','','2019-04-13 08:44:42','2019-04-14 09:18:11',13),(61,346,NULL,2,'61','ಶ್ರೀ. ಸತೀಶ ನಾರಾಯಣ ನಾಯ್ಕ','2019-04-13','ರೂ: 12460.00\r\nಚೆಕ್  ನಂಬರ: 714522\r\nದಿನಾಂಕ:  16/01/2019','ಮಂಜೂರಾಗಿರುತ್ತದೆ. - Sanctioned.','','2019-04-13 09:23:47','2019-04-14 09:18:11',13),(62,131,NULL,2,'62','ಶ್ರೀಮತಿ. ರತ್ನ ಕುಪ್ಪಯ್ಯ ನಾಯ್ಕ','2019-04-13','ರೂ: 10830.00\r\nಚೆಕ್  ನಂಬರ: 714525\r\nದಿನಾಂಕ:  16/01/2019','ಮಂಜೂರಾಗಿರುತ್ತದೆ. - Sanctioned.','','2019-04-13 09:24:59','2019-04-14 09:18:11',13),(63,132,NULL,2,'63','ಕುಮಾರ. ಸುದೀಪ ರಾಜು ನಾಯ್ಕ','2019-04-13','ರೂ: 7630.00\r\nಚೆಕ್  ನಂಬರ: 714526\r\nದಿನಾಂಕ:  16/01/2019','ಮಂಜೂರಾಗಿರುತ್ತದೆ. - Sanctioned.','','2019-04-13 09:26:15','2019-04-14 09:18:11',13),(64,267,NULL,2,'64','ಶ್ರೀ. ಶೇಖರ ಶನಿಯಾರ ನಾಯ್ಕ','2019-04-13','ರೂ: 6745.00\r\nಚೆಕ್  ನಂಬರ: 714711\r\nದಿನಾಂಕ:  19/01/2019','ಮಂಜೂರಾಗಿರುತ್ತದೆ. - Sanctioned.','','2019-04-13 09:27:55','2019-04-14 09:18:11',13),(65,343,NULL,2,'65','ಶ್ರೀ. ಈಶ್ವರ ಸುಬ್ರಾಯ ನಾಯ್ಕ','2019-04-13','ರೂ: 500.00\r\nಚೆಕ್  ನಂಬರ: 714712\r\nದಿನಾಂಕ:  19/01/2019','ಮಂಜೂರಾಗಿರುತ್ತದೆ. - Sanctioned.','','2019-04-13 09:29:45','2019-04-14 09:18:11',13),(66,292,NULL,2,'66','ಕುಮಾರ. ಪ್ರತೀಶ ಪರಶುರಾಮ ನಾಯ್ಕ','2019-04-13','ರೂ: 16653.00\r\nಚೆಕ್  ನಂಬರ: 714716\r\nದಿನಾಂಕ:  19/01/2019','ಮಂಜೂರಾಗಿರುತ್ತದೆ. - Sanctioned.','','2019-04-13 09:31:13','2019-04-14 09:18:11',13),(67,73,NULL,2,'67','ಶ್ರೀಮತಿ. ನಾಗಮ್ಮ ಕೃಷ್ಣ ಮೊಗೇರ','2019-04-13','ರೂ: 9230.00\r\nಚೆಕ್  ನಂಬರ: 714758\r\nದಿನಾಂಕ:  21/01/2019','ಮಂಜೂರಾಗಿರುತ್ತದೆ. - Sanctioned.','','2019-04-13 09:33:13','2019-04-14 09:18:11',13),(68,58,NULL,2,'68','ಮಾಸ್ಟರ್.‌ ಸಮರ್ಥ ನಾಗೇಶ ಮೊಗೇರ','2019-04-13','ರೂ: 9307.00\r\nಚೆಕ್  ನಂಬರ: 714767\r\nದಿನಾಂಕ:  21/01/2019','ಮಂಜೂರಾಗಿರುತ್ತದೆ. - Sanctioned.','','2019-04-13 09:34:53','2019-04-14 09:18:11',13),(69,73,NULL,2,'69','ಶ್ರೀಮತಿ. ಬಿಬಿ ಲತಿಫಾ‌ ಕೋಂ ಮೊಹಿದ್ದೀನ ಅಬ್ದಲ ಖಾದರ್','2019-04-13','ರೂ: 5460.00\r\nಚೆಕ್  ನಂಬರ: 714770\r\nದಿನಾಂಕ:  21/01/2019','ಮಂಜೂರಾಗಿರುತ್ತದೆ. - Sanctioned.','','2019-04-13 09:36:38','2019-04-14 09:18:11',13),(70,88,NULL,2,'70','ಶ್ರೀ. ಮಾದೇವ ಸುಬ್ಬಯ್ಯ ನಾಯ್ಕ','2019-04-13','ರೂ: 18457.00\r\nಚೆಕ್  ನಂಬರ: 714774\r\nದಿನಾಂಕ:  21/01/2019','ಮಂಜೂರಾಗಿರುತ್ತದೆ. - Sanctioned.','','2019-04-13 09:38:12','2019-04-14 09:18:11',13),(71,9,NULL,2,'71','ಶ್ರೀಮತಿ. ಶೋಭಾ ಲಕ್ಷ್ಮಣ ನಾಯ್ಕ','2019-04-13','ರೂ: 19280.00\r\nಚೆಕ್  ನಂಬರ: 714775\r\nದಿನಾಂಕ:  21/01/2019','ಮಂಜೂರಾಗಿರುತ್ತದೆ. - Sanctioned.','','2019-04-13 09:39:51','2019-04-14 09:18:11',13),(72,342,NULL,2,'72','ಶೃಇ. ಬೆಂಜಾಮಿನ್‌ ಸಾಲ್ವ ಪಿಂಟೋ','2019-04-13','ರೂ: 16174.00\r\nಚೆಕ್  ನಂಬರ: 714782\r\nದಿನಾಂಕ:  21/01/2019','ಮಂಜೂರಾಗಿರುತ್ತದೆ. - Sanctioned.','','2019-04-13 09:41:19','2019-04-14 09:18:11',13),(73,92,NULL,2,'73','ಶ್ರೀಮತಿ. ಕುಸುಮಾ ಶೇಖರ ನಾಯ್ಕ','2019-04-13','ರೂ: 8234.00\r\nಚೆಕ್  ನಂಬರ: 714794\r\nದಿನಾಂಕ:  21/01/2019','ಮಂಜೂರಾಗಿರುತ್ತದೆ. - Sanctioned.','','2019-04-13 09:42:57','2019-04-14 09:18:11',13),(74,347,NULL,2,'74','ಶ್ರೀ. ಕಿರಣ ಗೋಪಾಲ ನಾಯ್ಕ','2019-04-13','ರೂ: 5602.00\r\nಚೆಕ್  ನಂಬರ: 714796\r\nದಿನಾಂಕ:  21/01/2019','ಮಂಜೂರಾಗಿರುತ್ತದೆ. - Sanctioned.','','2019-04-13 09:45:22','2019-04-14 09:18:11',13),(75,55,NULL,2,'75','ಶ್ರೀ. ಶ್ರೀಧರ ಮಂಜಪ್ಪ ನಾಯ್ಕ','2019-04-13','ರೂ: 1750600\r\nಚೆಕ್  ನಂಬರ: 714798\r\nದಿನಾಂಕ:  21/01/2019','ಮಂಜೂರಾಗಿರುತ್ತದೆ. - Sanctioned.','','2019-04-13 09:47:13','2019-04-14 09:18:11',13),(76,348,NULL,2,'76','ಕುಮಾರ. ಸಂಜಯ ಈಶ್ವರ ಗೌಡ','2019-04-13','ರೂ: 7493.00\r\nಚೆಕ್  ನಂಬರ: 714864\r\nದಿನಾಂಕ:  21/01/2019','ಮಂಜೂರಾಗಿರುತ್ತದೆ. - Sanctioned.','','2019-04-13 09:49:39','2019-04-14 09:18:11',13),(77,123,NULL,2,'77','ಶ್ರೀ. ಬಡಿಯಾ ಸುಕ್ರ ಗೊಂಡ','2019-04-13','ರೂ: 10464.00\r\nಚೆಕ್  ನಂಬರ: 714866\r\nದಿನಾಂಕ:  21/01/2019','ಮಂಜೂರಾಗಿರುತ್ತದೆ. - Sanctioned.','','2019-04-13 09:51:18','2019-04-14 09:18:11',13),(78,20,NULL,2,'78','ಶ್ರೀ. ವೆಂಕ್ಟಯ್ಯ ದುರ್ಗಪ್ಪ ನಾಯ್ಕ','2019-04-13','ರೂ: 9545.00\r\nಚೆಕ್  ನಂಬರ: 714868\r\nದಿನಾಂಕ:  23/01/2019','ಮಂಜೂರಾಗಿರುತ್ತದೆ. - Sanctioned.','','2019-04-13 09:53:11','2019-04-14 09:18:11',13),(79,243,NULL,2,'79','ಶ್ರೀ. ಕುಮಾರ ತಿಮ್ಮಪ್ಪ ಮೊಗೇರ','2019-04-13','ರೂ: 15099.00\r\nಚೆಕ್  ನಂಬರ: 714869\r\nದಿನಾಂಕ:  23/01/2019','ಮಂಜೂರಾಗಿರುತ್ತದೆ. - Sanctioned.','','2019-04-13 09:54:55','2019-04-14 09:18:11',13),(80,296,NULL,2,'80','ಶ್ರೀ. ಯಾದವ ಆನಂದ ನಾಯ್ಕ','2019-04-13','ರೂ: 5735.00\r\nಚೆಕ್  ನಂಬರ: 714872\r\nದಿನಾಂಕ:  23/01/2019','ಮಂಜೂರಾಗಿರುತ್ತದೆ. - Sanctioned.','','2019-04-13 09:56:33','2019-04-14 09:18:11',13),(81,288,NULL,2,'81','ಶ್ರೀ. ಮಾದೇವ ಸುಕ್ರಪ್ಪ ನಾಯ್ಕ','2019-04-13','ರೂ: 22802.00\r\nಚೆಕ್  ನಂಬರ: 714873\r\nದಿನಾಂಕ:  23/01/2019','ಮಂಜೂರಾಗಿರುತ್ತದೆ. - Sanctioned.','','2019-04-13 09:58:26','2019-04-14 09:18:11',13),(82,272,NULL,2,'82','ಶ್ರೀ. ವೆಂಕಟ್ರಮಣ ಸುಬ್ಬಯ್ಯ ಮೊಗೇರ','2019-04-13','ರೂ: 7464.00\r\nಚೆಕ್  ನಂಬರ: 715037\r\nದಿನಾಂಕ:  04/02/2019','ಮಂಜೂರಾಗಿರುತ್ತದೆ. - Sanctioned.','','2019-04-13 10:04:56','2019-04-14 09:18:11',13),(83,126,NULL,2,'83','ಕುಮಾರಿ. ಶಿಲ್ಪಾ ಕೃಷ್ಣಪ್ಪ ನಾಯ್ಕ','2019-04-13','ರೂ: 10021.00\r\nಚೆಕ್  ನಂಬರ: 715042\r\nದಿನಾಂಕ:  04/02/2019','ಮಂಜೂರಾಗಿರುತ್ತದೆ. - Sanctioned.','','2019-04-13 10:06:22','2019-04-14 09:18:11',13),(84,349,NULL,2,'84','ಶ್ರೀ. ನಾಗಪ್ಪ ಜಟ್ಟ ನಾಯ್ಕ','2019-04-13','ರೂ: 10595.00\r\nಚೆಕ್  ನಂಬರ: 715043\r\nದಿನಾಂಕ:  04/02/2019','ಮಂಜೂರಾಗಿರುತ್ತದೆ. - Sanctioned.','','2019-04-13 10:09:47','2019-04-14 09:18:11',13),(85,120,NULL,2,'85','ಶ್ರೀ.ತಿಮ್ಮಪ್ಪ ನಾರಾಯಣ ನಾಯ್ಕ','2019-04-13','ರೂ: 7977.00\r\nಚೆಕ್  ನಂಬರ: 715045\r\nದಿನಾಂಕ:  04/02/2019','ಮಂಜೂರಾಗಿರುತ್ತದೆ. - Sanctioned.','','2019-04-13 10:11:09','2019-04-14 09:18:11',13),(86,130,NULL,2,'86','ಶ್ರೀಮತಿ. ನಾಗರತ್ನ ವಿಶ್ವನಾಥ ನಾಯ್ಕ','2019-04-13','ರೂ: 11268.00\r\nಚೆಕ್  ನಂಬರ: 715112\r\nದಿನಾಂಕ:  05/02/2019','ಮಂಜೂರಾಗಿರುತ್ತದೆ. - Sanctioned.','','2019-04-13 10:12:35','2019-04-14 09:18:11',13),(87,119,NULL,2,'87','ಶ್ರೀಮತಿ. ದುರ್ಗಮ್ಮ ನಾರಾಯಣ ಮೊಗೇರ','2019-04-13','ರೂ: 9629.00\r\nಚೆಕ್  ನಂಬರ: 715117\r\nದಿನಾಂಕ:  05/02/2019','ಮಂಜೂರಾಗಿರುತ್ತದೆ. - Sanctioned.','','2019-04-13 10:14:20','2019-04-14 09:18:11',13),(88,67,NULL,2,'88','ಶ್ರೀಮತಿ. ಜಟ್ಟಮ್ಮ ನಾರಾಯಣ ನಾಯ್ಕ','2019-04-13','ರೂ: 14440.00\r\nಚೆಕ್  ನಂಬರ: 715118\r\nದಿನಾಂಕ:  05/02/2019','ಮಂಜೂರಾಗಿರುತ್ತದೆ. - Sanctioned.','','2019-04-13 10:15:36','2019-04-14 09:18:11',13),(89,272,NULL,2,'89','ಶ್ರೀಮತಿ. ಮಂಗಲಾ ಯಶವಂತ ಮೊಗೇರ','2019-04-13','ರೂ: 9578.00\r\nಚೆಕ್  ನಂಬರ: 715119\r\nದಿನಾಂಕ:  05/02/2019','ಮಂಜೂರಾಗಿರುತ್ತದೆ. - Sanctioned.','','2019-04-13 10:17:07','2019-04-14 09:18:11',13),(90,258,NULL,2,'90','ಶ್ರೀಮತಿ. ಗೀತಾ ಶಂಕರ ನಾಯ್ಕ','2019-04-13','ರೂ: 8141.00\r\nಚೆಕ್  ನಂಬರ: 715282\r\nದಿನಾಂಕ:  08/02/2019','ಮಂಜೂರಾಗಿರುತ್ತದೆ. - Sanctioned.','','2019-04-13 10:18:33','2019-04-14 09:18:11',13),(91,150,NULL,2,'91','ಶ್ರೀ. ಯೋಗೇಶ ಶಂಭು ನಾಯ್ಕ','2019-04-13','ರೂ: 15251.00\r\nಚೆಕ್  ನಂಬರ: 715327\r\nದಿನಾಂಕ:  11/02/2019','ಮಂಜೂರಾಗಿರುತ್ತದೆ. - Sanctioned.','','2019-04-13 10:19:59','2019-04-14 09:18:11',13),(92,342,NULL,2,'92','ಶ್ರೀ. ರಾಮ ಹೊನ್ನಪ್ಪ ನಾಯ್ಕ','2019-04-13','ರೂ: 5454.00\r\nಚೆಕ್  ನಂಬರ: 715336\r\nದಿನಾಂಕ:  11/02/2019','ಮಂಜೂರಾಗಿರುತ್ತದೆ. - Sanctioned.','','2019-04-13 10:24:25','2019-04-14 09:18:12',13),(93,291,NULL,2,'93','ಶ್ರೀ. ಗಂಗಾಧರ ಮಂಜುನಾಥ ಮೊಗೇರ','2019-04-13','ರೂ: 8301.00\r\nಚೆಕ್  ನಂಬರ: 715338\r\nದಿನಾಂಕ:  11/02/2019','ಮಂಜೂರಾಗಿರುತ್ತದೆ. - Sanctioned.','','2019-04-13 10:25:37','2019-04-14 09:18:12',13),(94,126,NULL,2,'94','ಶ್ರೀಮತಿ. ನಾಗರತ್ನ ಮಂಜುನಾಥ ನಾಯ್ಕ','2019-04-13','ರೂ: 8240.00\r\nಚೆಕ್  ನಂಬರ: 715346\r\nದಿನಾಂಕ:  11/02/2019','ಮಂಜೂರಾಗಿರುತ್ತದೆ. - Sanctioned.','','2019-04-13 10:26:50','2019-04-14 09:18:12',13),(95,337,NULL,2,'95','ಶ್ರೀಮತಿ. ಸುಬ್ಬಿ ದೇವಪ್ಪ ನಾಯ್ಕ','2019-04-13','ರೂ: 5782.00\r\nಚೆಕ್  ನಂಬರ: 715347\r\nದಿನಾಂಕ:  11/02/2019','ಮಂಜೂರಾಗಿರುತ್ತದೆ. - Sanctioned.','','2019-04-13 10:28:30','2019-04-14 09:18:12',13),(96,351,NULL,2,'96','ಶ್ರೀ. ಸುರೇಶ ಸುಬ್ಬು ನಾಯ್ಕ','2019-04-13','ರೂ: 18714.00\r\nಚೆಕ್  ನಂಬರ: 715349\r\nದಿನಾಂಕ:  11/02/2019','ಮಂಜೂರಾಗಿರುತ್ತದೆ. - Sanctioned.','','2019-04-13 10:31:09','2019-04-14 09:18:12',13),(97,140,NULL,2,'97','ಶ್ರೀಮತಿ. ಲಕ್ಷ್ಮಿ ಶಿವರಾಮ ಹೆಗಡೆ','2019-04-13','ರೂ: 12871.00\r\nಚೆಕ್  ನಂಬರ: 718205\r\nದಿನಾಂಕ:  13/02/2019','ಮಂಜೂರಾಗಿರುತ್ತದೆ. - Sanctioned.','','2019-04-13 10:32:39','2019-04-14 09:18:12',13),(98,138,NULL,2,'98','ಶ್ರೀ. ಮಹೇಶ ರುಕ್ಕ ಮರಾಠಿ','2019-04-13','ರೂ: 11553.00\r\nಚೆಕ್  ನಂಬರ: 718876\r\nದಿನಾಂಕ:  25/02/2019','ಮಂಜೂರಾಗಿರುತ್ತದೆ. - Sanctioned.','','2019-04-13 10:33:53','2019-04-14 09:18:12',13),(99,249,NULL,2,'99','ಶ್ರೀ. ಖಲೀಲ ಹುಸ್ಸೇನ ಸಾಬ್','2019-04-13','','ಮುಖ್ಯಮಂತ್ರಿ ಕಾರ್ಯಾಲಯಕ್ಕೆ ಸಲ್ಲಿಸಲಾಗಿದ್ದು ಪ್ರಗತಿಯಲ್ಲಿದೆ - Submitted to CM Office and Under Progress','','2019-04-13 10:35:06','2019-04-14 09:18:12',31),(100,76,NULL,2,'100','ಶ್ರೀ. ನಾರಾಯಣ ಮಂಜಯ್ಯ ಹೆಬ್ಬಾರ','2019-04-13','','ಮುಖ್ಯಮಂತ್ರಿ ಕಾರ್ಯಾಲಯಕ್ಕೆ ಸಲ್ಲಿಸಲಾಗಿದ್ದು ಪ್ರಗತಿಯಲ್ಲಿದೆ - Submitted to CM Office and Under Progress','','2019-04-13 10:36:19','2019-04-14 09:18:12',31),(101,106,NULL,2,'101','ಶ್ರೀ. ಕಾರ್ತಿಕ ದರ್ಶನ ಗಾಬಿತ್','2019-04-13','ಈ ಹಿಂದೆ ದಿನಾಂಕ 08/02/2018 ರಂದು 13276.00 ಮಂಜೂರಾಗಿರುತ್ತದೆ.','ವಿಲೇಗೆ ತರಲಾಗಿದೆ. - Application Filed.','','2019-04-13 10:42:17','2019-04-14 09:18:12',12),(102,86,NULL,2,'102','ಶ್ರೀಮತಿ. ನಾಗಮ್ಮ ನಾರಾಯಣ ದೇವಾಡಿಗ','2019-04-13','','ದಾಖಲೆ ಕೇಳಿ ಪತ್ರ ಬರೆಯಲಾಗಿದೆ - Letter  Written For Additional Documents','ಅಂತಿಮ ಮೂಲ ಬಿಲ್ಲು','2019-04-13 10:45:47','2019-04-14 09:18:12',27),(103,34,NULL,2,'103','ಕುಮಾರಿ. ಲತಾ ಶಂಭು ದೇವಾಡಿಗ','2019-04-13','','ದಾಖಲೆ ಕೇಳಿ ಪತ್ರ ಬರೆಯಲಾಗಿದೆ - Letter  Written For Additional Documents','ಅಂತಿಮ ಮೂಲ ಬಿಲ್ಲು','2019-04-13 10:47:09','2019-04-14 09:18:12',27),(104,75,NULL,2,'104','ಶ್ರೀ. ಮಂಜಪ್ಪ ಮಂಜಪ್ಪ ನಾಯ್ಕ','2019-04-13','','ದಾಖಲೆ ಕೇಳಿ ಪತ್ರ ಬರೆಯಲಾಗಿದೆ - Letter  Written For Additional Documents','ಅಂತಿಮ ಮೂಲ ಬಿಲ್ಲು','2019-04-13 10:48:34','2019-04-14 09:18:12',27),(105,332,NULL,2,'105','ಶ್ರೀಮತಿ. ಸರೋಜಿನಿ ರಾಮಚಂದ್ರ ನಾಯ್ಕ','2019-04-13','','ದಾಖಲೆ ಕೇಳಿ ಪತ್ರ ಬರೆಯಲಾಗಿದೆ - Letter  Written For Additional Documents','ಅಂತಿಮ ಮೂಲ ಬಿಲ್ಲು ಮತ್ತು ಬಿಡುಗಡೆ ಸಾರಾಂಶ','2019-04-13 10:50:08','2019-04-14 09:18:12',27),(106,10,NULL,2,'106','ಶ್ರೀ. ಉಮೇಶ ಮಂಜುನಾಥ ನಾಯ್ಕ','2019-04-13','','ದಾಖಲೆ ಕೇಳಿ ಪತ್ರ ಬರೆಯಲಾಗಿದೆ - Letter  Written For Additional Documents','ಪತ್ರಾಂಕಿತ ಅಧಿಕಾರಿಗಳಿಂದ ಧೃಡಿಕೃತ ಬಿ.ಪಿ.ಎಲ್‌ ಕಾರ್ಡ','2019-04-13 10:52:38','2019-04-14 09:18:12',27),(107,352,NULL,2,'107','ಶ್ರೀ. ದೇವಪ್ಪ ಗಣಪತಿ ಮೇಸ್ತ','2019-04-13','','ದಾಖಲೆ ಕೇಳಿ ಪತ್ರ ಬರೆಯಲಾಗಿದೆ - Letter  Written For Additional Documents','ಪತ್ರಾಂಕಿತ ಅಧಿಕಾರಗಳಿಂದ ಧೃಡಿಕೃತ ಬಿ.ಪಿ.ಎಲ್‌ ಕಾರ್ಡ','2019-04-13 11:01:15','2019-04-14 09:18:12',27),(108,78,NULL,2,'108','ಶ್ರೀಮತಿ. ಸುಕ್ರಿ ಸುಕ್ರ ಗೊಂಡ','2019-04-13','','ದಾಖಲೆ ಕೇಳಿ ಪತ್ರ ಬರೆಯಲಾಗಿದೆ - Letter  Written For Additional Documents','ಸ್ಪಷ್ಟವಾದ ಅಂತಿಮ ಮೂಲ ಬಿಲ್ಲು','2019-04-13 16:40:57','2019-04-14 09:18:12',27),(109,299,NULL,2,'109','ಶ್ರೀಮತಿ. ಈರಮ್ಮ ರಾಮ ನಾಯ್ಕ','2019-04-13','','ದಾಖಲೆ ಕೇಳಿ ಪತ್ರ ಬರೆಯಲಾಗಿದೆ - Letter  Written For Additional Documents','ಅಂತಿಮ ಮೂಲ ಬಿಲ್ಲು','2019-04-13 16:42:03','2019-04-14 09:18:12',27),(110,93,NULL,2,'110','ಶ್ರೀ. ಶಿವಾನಂದ ರಾಮಚಂದ್ರ ಮೇಸ್ತ','2019-04-13','','ದಾಖಲೆ ಕೇಳಿ ಪತ್ರ ಬರೆಯಲಾಗಿದೆ - Letter  Written For Additional Documents','ಅಂತಿಮ ಮೂಲ ಬಿಲ್ಲು','2019-04-13 16:43:19','2019-04-14 09:18:12',27),(111,203,NULL,2,'111','ಶ್ರೀ. ರಮೇಶ ರಾಮ ಗೌಡ','2019-04-13','','ದಾಖಲೆ ಕೇಳಿ ಪತ್ರ ಬರೆಯಲಾಗಿದೆ - Letter  Written For Additional Documents','ಪತ್ರಾಂಕಿತ ಅಧಿಕಾರಿಯಿಂದ ಧೃಡಿಕೃತ ಬಿ.ಪಿ.ಎಲ್‌ ಪಡಿತರ ಚಿಟಿ','2019-04-13 16:44:54','2019-04-14 09:18:12',27),(112,126,NULL,2,'112','ಶ್ರೀಮತಿ. ಆಯಿಶಾ ಮುಸ್ಕಾನ್‌ ಮೊಮಿನ್','2019-04-13','','ದಾಖಲೆ ಕೇಳಿ ಪತ್ರ ಬರೆಯಲಾಗಿದೆ - Letter  Written For Additional Documents','ಪತ್ರಾಂಕಿತ ಅಧಿಕಾರಿಯಿಂದ ಧೃಡಿಕೃತ ಬಿ.ಪಿ.ಎಲ್‌ ಪಡಿತರ ಚಿಟಿ','2019-04-13 16:46:08','2019-04-14 09:18:12',27),(113,88,NULL,2,'113','ಬೇಬಿ ಆಪ್‌ ವಿದ್ಯಾ ವಿವೇಕ್‌ ಪೈ','2019-04-13','','ದಾಖಲೆ ಕೇಳಿ ಪತ್ರ ಬರೆಯಲಾಗಿದೆ - Letter  Written For Additional Documents','ಅಂತಿಮ ಮೂಲ ಬಿಲ್ಲು','2019-04-13 16:48:54','2019-04-14 09:18:12',27),(114,76,NULL,2,'114','ಕುಮಾರಿ. ಸುಚಿತ್ರ ಕೃಷ್ಣ ನಾಯ್ಕ','2019-04-13','','ದಾಖಲೆ ಕೇಳಿ ಪತ್ರ ಬರೆಯಲಾಗಿದೆ - Letter  Written For Additional Documents','ಆಸ್ಪತ್ರೆ ಬಿಡುಗಡೆ ಸಾರಾಂಶ ಮೂಲ ಪ್ರತಿ','2019-04-13 16:50:22','2019-04-14 09:18:12',27),(115,155,NULL,2,'115','ಶ್ರೀಮತಿ. ಜ್ಯೋತಿ ನಾರಾಯಣ ನಾಯ್ಕ','2019-04-13','','ದಾಖಲೆ ಕೇಳಿ ಪತ್ರ ಬರೆಯಲಾಗಿದೆ - Letter  Written For Additional Documents','ಅಂತಿಮ ಮೂಲ ಬಿಲ್ಲು','2019-04-13 16:52:14','2019-04-14 09:18:12',27),(116,156,NULL,2,'116','ಶ್ರೀಮತಿ. ದೇವಿ ಗಣಪಯ್ಯ ಗೌಡ','2019-04-13','','ದಾಖಲೆ ಕೇಳಿ ಪತ್ರ ಬರೆಯಲಾಗಿದೆ - Letter  Written For Additional Documents','ಅಂತಿಮ ಮೂಲ ಬಿಲ್ಲು','2019-04-13 16:53:22','2019-04-14 09:18:12',27),(117,58,NULL,2,'117','ಶ್ರೀಮತಿ ರೂಪಾ ಜನಾರ್ಧನ ಮೊಗೇರ','2019-04-13','','ದಾಖಲೆ ಕೇಳಿ ಪತ್ರ ಬರೆಯಲಾಗಿದೆ - Letter  Written For Additional Documents','ಪತ್ರಾಂಕಿತ ಅಧಿಕಾರಿಯಿಂದ  ರೋಗಿಯ ಮತ್ತು ಪತಿಯ ಧೃಡಿಕೃತ ಬಿ.ಪಿ.ಎಲ್‌ ಪಡಿತರ ಚಿಟಿ','2019-04-13 16:55:47','2019-04-14 09:18:12',27),(118,3,NULL,2,'118','ಶ್ರೀಮತಿ. ಶಶಿಕಲಾ ರಮೇಶ ನಾಯ್ಕ','2019-04-13','','ದಾಖಲೆ ಕೇಳಿ ಪತ್ರ ಬರೆಯಲಾಗಿದೆ - Letter  Written For Additional Documents','ಅಂತಿಮ ಮೂಲ ಬಿಲ್ಲು','2019-04-13 16:57:59','2019-04-14 09:18:12',27),(119,300,NULL,2,'119','ಶ್ರೀ. ನಾಗಪ್ಪ ಮಂಜುನಾಥ ನಾಯ್ಕ','2019-04-13','','ದಾಖಲೆ ಕೇಳಿ ಪತ್ರ ಬರೆಯಲಾಗಿದೆ - Letter  Written For Additional Documents','ತಂದೆ ಹೆಸರಿನ ಬಗ್ಗೆ ಸ್ಪಷ್ಟಿಕರಣ ನೀಡುವ ದಾಖಲಾತಿ','2019-04-13 16:59:42','2019-04-14 09:18:12',27),(120,329,NULL,2,'120','ಶ್ರೀಮತಿ. ಲಕ್ಷ್ಮಿ ನಾರಾಯಣ ದೇವಾಡಿಗ','2019-04-13','','ದಾಖಲೆ ಕೇಳಿ ಪತ್ರ ಬರೆಯಲಾಗಿದೆ - Letter  Written For Additional Documents','ಅಂತಿಮ ಮೂಲ ಬಿಲ್ಲು','2019-04-13 17:01:22','2019-04-14 09:18:12',27),(121,84,NULL,2,'121','ಶ್ರೀಮತಿ. ಸಾವಿತ್ರಿ ಮಾರುತಿ ದೇವಾಡಿಗ','2019-04-13','','ದಾಖಲೆ ಕೇಳಿ ಪತ್ರ ಬರೆಯಲಾಗಿದೆ - Letter  Written For Additional Documents','ಪತ್ರಾಂಕಿತ ಅಧಿಕಾರಿಯಿಂದ  ಧೃಡಿಕೃತ ಬಿ.ಪಿ.ಎಲ್‌ ಪಡಿತರ ಚಿಟಿ','2019-04-13 17:03:01','2019-04-14 09:18:12',27),(122,353,NULL,2,'122','ಕುಮಾರ. ಭಗೀರಥ ಸುಧೀರ ಶಾನಭಾಗ','2019-04-13','','ದಾಖಲೆ ಕೇಳಿ ಪತ್ರ ಬರೆಯಲಾಗಿದೆ - Letter  Written For Additional Documents','ಅಂತಿಮ ಮೂಲ ಬಿಲ್ಲು','2019-04-13 17:06:06','2019-04-14 09:18:12',27),(123,55,NULL,2,'123','ಶ್ರೀ. ವಿಠಲ ಸಣ್ಣು ಗೊಂಡ','2019-04-13','','ದಾಖಲೆ ಕೇಳಿ ಪತ್ರ ಬರೆಯಲಾಗಿದೆ - Letter  Written For Additional Documents','ಅಂತಿಮ ಮೂಲ ಬಿಲ್ಲಿನ ಎಲ್ಲ ಪ್ರತಿ','2019-04-13 17:08:10','2019-04-14 09:18:12',27),(124,354,NULL,2,'124','ಶ್ರೀ. ಗಣಪ ನಅರಾಯಣ ನಾಯ್ಕ','2019-04-13','','ದಾಖಲೆ ಕೇಳಿ ಪತ್ರ ಬರೆಯಲಾಗಿದೆ - Letter  Written For Additional Documents','ಪತ್ರಾಂಕಿತ ಅಧಿಕಾರಿಯಿಂದ ಧೃಡಿಕೃತ ಬಿ.ಪಿ.ಎಲ್‌ ಪಡಿತರ ಚಿಟಿ','2019-04-13 17:10:49','2019-04-14 09:18:12',27),(125,271,NULL,2,'125','ಶ್ರೀ. ರಾಮಚಂದ್ರ ಕುಪ್ಪಯ್ಯ ನಾಯ್ಕ','2019-04-13','','ದಾಖಲೆ ಕೇಳಿ ಪತ್ರ ಬರೆಯಲಾಗಿದೆ - Letter  Written For Additional Documents','ಪತ್ರಾಂಕಿತ ಅಧಿಕಾರಿಯಿಂದ  ಧೃಡಿಕೃತ ಬಿ.ಪಿ.ಎಲ್‌ ಪಡಿತರ ಚಿಟಿ','2019-04-13 17:12:04','2019-04-14 09:18:12',27),(126,355,NULL,2,'126','ಶ್ರೀ. ಪರಮೇಶ್ವರ ಜಟ್ಟಯ್ಯ ದೇವಾಡಿಗ','2019-04-13','','ದಾಖಲೆ ಕೇಳಿ ಪತ್ರ ಬರೆಯಲಾಗಿದೆ - Letter  Written For Additional Documents','ಅಂತಿಮ ಮೂಲ ಬಿಲ್ಲು','2019-04-13 17:15:22','2019-04-14 09:18:12',27),(127,10,NULL,2,'127','ಶ್ರೀ. ಯೋಗೇಶ ಗಣಪತಿ ಶೆಟ್ಟಿ','2019-04-13','ರೂ 50307.00 ಇನ್ಸುರೆನಸ್‌ ಪಡೆದಿರುತ್ತಾರೆ.','ವಿಲೇಗೆ ತರಲಾಗಿದೆ. - Application Filed.','','2019-04-13 17:18:47','2019-04-14 09:18:12',12),(128,244,NULL,2,'128','ದಿ. ಧನುಷ್‌ ಅಶೋಕ ನಾಯ್ಕ','2019-04-13','','ಮುಖ್ಯಮಂತ್ರಿ ಕಾರ್ಯಾಲಯಕ್ಕೆ ಸಲ್ಲಿಸಲಾಗಿದ್ದು ಪ್ರಗತಿಯಲ್ಲಿದೆ - Submitted to CM Office and Under Progress','','2019-04-13 17:20:26','2019-04-14 09:18:12',31),(129,10,NULL,2,'129','ಶ್ರೀಮತಿ. ಗಣಪಿ ತಿಮ್ಮಪ್ಪ ಗೌಡ','2019-04-13','VAS 75500.00 ಸೌಲಭ್ಯ ಪಡೆದಿರುತ್ತಾರೆ','ವಿಲೇಗೆ ತರಲಾಗಿದೆ. - Application Filed.','','2019-04-13 17:21:59','2019-04-14 09:18:12',12),(130,251,NULL,2,'131','ಶ್ರೀಮತಿ. ಕೃಷ್ಣಮ್ಮ ನಾರಾಯಣ ಮೊಗೇರ','2019-04-13','ರೂ 7606.00 ಇನ್ಸುರೆನ್ಸ ಪಡೆದಿರುತ್ತಾರೆ.','ವಿಲೇಗೆ ತರಲಾಗಿದೆ. - Application Filed.','','2019-04-13 17:24:00','2019-04-14 09:18:12',12),(131,55,NULL,2,'132','ಶ್ರೀಮತಿ. ಸರಸ್ವತಿ ಹೊನ್ನಪ್ಪ ನಾಯ್ಕ','2019-04-13','ಹೆರಿಗೆ ಪ್ರಕರಣ','ವಿಲೇಗೆ ತರಲಾಗಿದೆ. - Application Filed.','','2019-04-13 17:26:19','2019-04-14 09:18:12',12),(132,75,NULL,2,'133','ಶ್ರೀಮತಿ. ಲಕ್ಷ್ಮಿ ಸೋಮಯ್ಯ ನಾಯ್ಕ','2019-04-13','VAS 128000.00 ಪಡೆದಿರುತ್ತಾರೆ.','ವಿಲೇಗೆ ತರಲಾಗಿದೆ. - Application Filed.','','2019-04-13 17:28:06','2019-04-14 09:18:12',12),(133,111,NULL,2,'134','ಶ್ರೀ. ಪುಂಡಲಿಕ ಈರಪ್ಪ ನಾಯ್ಕ','2019-04-13','','ಮುಖ್ಯಮಂತ್ರಿ ಕಾರ್ಯಾಲಯಕ್ಕೆ ಸಲ್ಲಿಸಲಾಗಿದ್ದು ಪ್ರಗತಿಯಲ್ಲಿದೆ - Submitted to CM Office and Under Progress','','2019-04-13 17:29:26','2019-04-14 09:18:12',31),(134,85,NULL,2,'135','ಶ್ರೀಮತಿ. ಮಾಸತಮ್ಮ ಮಾಸ್ತಯ್ಯ ನಾಯ್ಕ','2019-04-13','','ಮುಖ್ಯಮಂತ್ರಿ ಕಾರ್ಯಾಲಯಕ್ಕೆ ಸಲ್ಲಿಸಲಾಗಿದ್ದು ಪ್ರಗತಿಯಲ್ಲಿದೆ - Submitted to CM Office and Under Progress','','2019-04-13 17:30:59','2019-04-14 09:18:12',31),(135,126,NULL,2,'136','ದಿ. ವೆಂಕಟೇಶ ಮಂಜಪ್ಪ ನಾಯ್ಕ','2019-04-13','ರೋಗಿಯ ಮರಣ ನಂತರ ಅರ್ಜಿ ಸಲ್ಲಿಸಿರುತ್ತಾರೆ','ವಿಲೇಗೆ ತರಲಾಗಿದೆ. - Application Filed.','','2019-04-13 17:33:08','2019-04-14 09:18:12',12),(136,1,NULL,2,'137','ದಿ. ಶಂಕರ ಸೋಮಯ್ಯ ಮೊಗೇರ','2019-04-13','ರೋಗಿಯ ಮರಣ ನಂತರ ಅರ್ಜಿ ಸಲ್ಲಿಸಿರುತ್ತಾರೆ','ವಿಲೇಗೆ ತರಲಾಗಿದೆ. - Application Filed.','','2019-04-13 17:34:13','2019-04-14 09:18:12',12),(137,215,NULL,2,'138','ಶ್ರೀ. ಕೃಷ್ಣ ನಾಗಪ್ಪ ಮೊಗೇರ','2019-04-13','ARK ರೂ 80000.00 ಪಡೆದಿರುತ್ತಾರೆ.','ವಿಲೇಗೆ ತರಲಾಗಿದೆ. - Application Filed.','','2019-04-13 17:35:45','2019-04-14 09:18:12',12),(138,114,NULL,2,'139','ದಿ. ತಾರಾ ಸುಕ್ರ ಗೊಂಡ','2019-04-13','ರೋಗಿಯ ಮರಣ ನಂತರ ಅರ್ಜಿ ಸಲ್ಲಿಸಿರುತ್ತಾರೆ','ವಿಲೇಗೆ ತರಲಾಗಿದೆ. - Application Filed.','','2019-04-13 17:36:43','2019-04-14 09:18:12',12),(139,89,NULL,2,'140','ದಿ. ನಾಗವೇಣಿ ದೇವಪ್ಪ ನಾಯ್ಕ','2019-04-13','ರೋಗಿಯ ಮರಣ ನಂತರ ಅರ್ಜಿ ಸಲ್ಲಿಸಿರುತ್ತಾರೆ','ವಿಲೇಗೆ ತರಲಾಗಿದೆ. - Application Filed.','','2019-04-13 17:37:33','2019-04-14 09:18:12',12),(140,342,NULL,2,'141','ಶ್ರೀ.ಗಣಪತಿ ದೇಮು ನಾಯ್ಕ','2019-04-13','','ಮುಖ್ಯಮಂತ್ರಿ ಕಾರ್ಯಾಲಯಕ್ಕೆ ಸಲ್ಲಿಸಲಾಗಿದ್ದು ಪ್ರಗತಿಯಲ್ಲಿದೆ - Submitted to CM Office and Under Progress','','2019-04-13 17:38:30','2019-04-14 09:18:12',31),(141,155,NULL,2,'142','ಶ್ರೀ. ವಸಂತ ರಾಮ ಅಂಬಿಗ','2019-04-13','ಸಂಪೂರ್ಣ ಸುರಕ್ಷಾ 50000.00 ಪಡೆದಿರುತ್ತಾರೆ.','ವಿಲೇಗೆ ತರಲಾಗಿದೆ. - Application Filed.','','2019-04-13 17:40:13','2019-04-14 09:18:12',12),(142,147,NULL,2,'143','ಕುಮಾರ. ಸಚಿನ್‌ ಬಾಬು ಅಂಬಿಗ','2019-04-13','','ಮುಖ್ಯಮಂತ್ರಿ ಕಾರ್ಯಾಲಯಕ್ಕೆ ಸಲ್ಲಿಸಲಾಗಿದ್ದು ಪ್ರಗತಿಯಲ್ಲಿದೆ - Submitted to CM Office and Under Progress','','2019-04-13 17:42:33','2019-04-14 09:18:12',31),(143,300,NULL,2,'145','ಶ್ರೀ.ರಾಮಚಂದ್ರ ಬಿಳಿಯ ನಾಯ್ಕ','2019-04-13','','ಮುಖ್ಯಮಂತ್ರಿ ಕಾರ್ಯಾಲಯಕ್ಕೆ ಸಲ್ಲಿಸಲಾಗಿದ್ದು ಪ್ರಗತಿಯಲ್ಲಿದೆ - Submitted to CM Office and Under Progress','','2019-04-13 17:43:44','2019-04-14 09:18:12',31),(144,89,NULL,2,'146','ದಿ. ಬೇಬಿ ಗಣೇಶ ನಾಯ್ಕ','2019-04-13','ರೋಗಿಯ ಮರಣ ನಂತರ ಅರ್ಜಿ ಸಲ್ಲಿಸಿರುತ್ತಾರೆ','ವಿಲೇಗೆ ತರಲಾಗಿದೆ. - Application Filed.','','2019-04-13 17:45:31','2019-04-14 09:18:12',12),(145,93,NULL,2,'147','ಶ್ರೀ. ತಿಮ್ಮಪ್ಪ ಗಣಪಯ್ಯ ಗೌಡ','2019-04-13','ಸಂಪೂರ್ಣ ಸುರಕ್ಷೆಯ 50000.00 ಪಡೆದಿರುತ್ತಾರೆ','ವಿಲೇಗೆ ತರಲಾಗಿದೆ. - Application Filed.','','2019-04-13 17:47:08','2019-04-14 09:18:12',12),(146,47,NULL,2,'148','ದಿ. ರಾಘವೇಂದ್ರ ಗಣಪತಿ ಶೆಟ್ಟಿ','2019-04-13','ರೋಗಿಯ ಮರಣ ನಂತರ ಅರ್ಜಿ ಸಲ್ಲಿಸಿರುತ್ತಾರೆ. VAS ನಲ್ಲಿ 140000.00 ಪಡೆದಿರುತ್ತಾರೆ','ವಿಲೇಗೆ ತರಲಾಗಿದೆ. - Application Filed.','','2019-04-13 17:49:36','2019-04-14 09:18:12',12),(147,132,NULL,2,'149','ದಿ. ರಾಜು ಸತೀಶ ','2019-04-13','ರೋಗಿಯ ಮರಣ ನಂತರ ಅರ್ಜಿ ಸಲ್ಲಿಸಿರುತ್ತಾರೆ','ವಿಲೇಗೆ ತರಲಾಗಿದೆ. - Application Filed.','','2019-04-13 17:50:47','2019-04-14 09:18:12',12),(148,86,NULL,2,'150','ದಿ. ಪುಂಡಲೀಕ ಸುಕ್ರಪ್ಪ ನಾಯ್ಕ','2019-04-13','ರೋಗಿಯ ಮರಣ ನಂತರ ಅರ್ಜಿ ಸಲ್ಲಿಸಿರುತ್ತಾರೆ','ವಿಲೇಗೆ ತರಲಾಗಿದೆ. - Application Filed.','','2019-04-13 17:52:47','2019-04-14 09:18:12',12),(149,132,NULL,2,'151','ದಿ. ಜಮೀರ ಅಹ್ಮದ ಹಾವನೂರು','2019-04-13','ರೋಗಿಯ ಮರಣ ನಂತರ ಅರ್ಜಿ ಸಲ್ಲಿಸಿರುತ್ತಾರೆ','ವಿಲೇಗೆ ತರಲಾಗಿದೆ. - Application Filed.','','2019-04-13 17:54:10','2019-04-14 09:18:12',12),(150,138,NULL,2,'152','ಕುಮಾರ. ಮಯೂರ ಗಿರಿಶ ಭಟ್','2019-04-13','','ಮುಖ್ಯಮಂತ್ರಿ ಕಾರ್ಯಾಲಯಕ್ಕೆ ಸಲ್ಲಿಸಲಾಗಿದ್ದು ಪ್ರಗತಿಯಲ್ಲಿದೆ - Submitted to CM Office and Under Progress','','2019-04-13 17:55:29','2019-04-14 09:18:12',31),(151,136,NULL,2,'153','ಶ್ರೀ. ಫಜರುಲ್‌ ಗುಲಾಮ  ರಹಮಾನ','2019-04-13','','ಮುಖ್ಯಮಂತ್ರಿ ಕಾರ್ಯಾಲಯಕ್ಕೆ ಸಲ್ಲಿಸಲಾಗಿದ್ದು ಪ್ರಗತಿಯಲ್ಲಿದೆ - Submitted to CM Office and Under Progress','','2019-04-13 17:56:36','2019-04-14 09:18:12',31),(152,341,NULL,2,'154','ಮಅಸ್ಟರ. ಆಡನ್‌ ಪ್ರಾನ್ಸಿಸ್‌ ಪುರ್ತಡೊ','2019-04-13','','ಮುಖ್ಯಮಂತ್ರಿ ಕಾರ್ಯಾಲಯಕ್ಕೆ ಸಲ್ಲಿಸಲಾಗಿದ್ದು ಪ್ರಗತಿಯಲ್ಲಿದೆ - Submitted to CM Office and Under Progress','','2019-04-13 17:57:52','2019-04-14 09:18:12',31),(153,244,NULL,2,'144','ಶ್ರೀ. ಮಂಜುನಾಥ ಪುಟ್ಟ ಆಚಾರಿ','2019-04-13','','ಮುಖ್ಯಮಂತ್ರಿ ಕಾರ್ಯಾಲಯಕ್ಕೆ ಸಲ್ಲಿಸಲಾಗಿದ್ದು ಪ್ರಗತಿಯಲ್ಲಿದೆ - Submitted to CM Office and Under Progress','','2019-04-13 17:58:52','2019-04-14 09:18:12',31),(154,20,NULL,2,'130','ಶ್ರೀಮತಿ. ವರ್ಷ ವಿಘ್ನೇಶ್ವರ ಕಾಮತ್','2019-04-13','','ಮುಖ್ಯಮಂತ್ರಿ ಕಾರ್ಯಾಲಯಕ್ಕೆ ಸಲ್ಲಿಸಲಾಗಿದ್ದು ಪ್ರಗತಿಯಲ್ಲಿದೆ - Submitted to CM Office and Under Progress','','2019-04-13 18:00:17','2019-04-14 09:18:12',31),(155,20,NULL,2,'155','ಶ್ರೀಮತಿ. ಲಕ್ಷ್ಮಿ ತಿಮ್ಮಯ್ಯ ಮೊಗೇರ','2019-04-13','','ಮುಖ್ಯಮಂತ್ರಿ ಕಾರ್ಯಾಲಯಕ್ಕೆ ಸಲ್ಲಿಸಲಾಗಿದ್ದು ಪ್ರಗತಿಯಲ್ಲಿದೆ - Submitted to CM Office and Under Progress','','2019-04-13 18:01:43','2019-04-14 09:18:12',31),(156,86,NULL,2,'156','ಶ್ರೀಮತಿ. ಸುಚಿತ್ರ ಮಹೇಶ ಎನ್','2019-04-13','','ಮುಖ್ಯಮಂತ್ರಿ ಕಾರ್ಯಾಲಯಕ್ಕೆ ಸಲ್ಲಿಸಲಾಗಿದ್ದು ಪ್ರಗತಿಯಲ್ಲಿದೆ - Submitted to CM Office and Under Progress','','2019-04-13 18:03:48','2019-04-14 09:18:12',31);
/*!40000 ALTER TABLE `beneficiary_schemes` ENABLE KEYS */;
UNLOCK TABLES;

--
-- Table structure for table `citizens`
--

DROP TABLE IF EXISTS `citizens`;
/*!40101 SET @saved_cs_client     = @@character_set_client */;
/*!40101 SET character_set_client = utf8 */;
CREATE TABLE `citizens` (
  `id` bigint(20) NOT NULL AUTO_INCREMENT,
  `addl_details` text,
  `pincode` varchar(255) DEFAULT NULL,
  `gender` varchar(255) DEFAULT NULL,
  `address` text,
  `email` varchar(255) DEFAULT NULL,
  `phone` varchar(255) DEFAULT NULL,
  `name` varchar(255) DEFAULT NULL,
  `age` varchar(255) DEFAULT NULL,
  `dob` date DEFAULT NULL,
  `place_id` bigint(20) DEFAULT NULL,
  `position_id` bigint(20) DEFAULT NULL,
  `user_id` bigint(20) DEFAULT NULL,
  `created_at` datetime NOT NULL,
  `updated_at` datetime NOT NULL,
  PRIMARY KEY (`id`),
  KEY `index_citizens_on_place_id` (`place_id`),
  KEY `index_citizens_on_position_id` (`position_id`),
  KEY `index_citizens_on_user_id` (`user_id`),
  KEY `index_citizens_on_phone` (`phone`),
  CONSTRAINT `fk_rails_07839ce497` FOREIGN KEY (`user_id`) REFERENCES `users` (`id`),
  CONSTRAINT `fk_rails_437ec82b93` FOREIGN KEY (`position_id`) REFERENCES `positions` (`id`),
  CONSTRAINT `fk_rails_c852b91f0a` FOREIGN KEY (`place_id`) REFERENCES `places` (`id`)
) ENGINE=InnoDB AUTO_INCREMENT=160 DEFAULT CHARSET=utf8;
/*!40101 SET character_set_client = @saved_cs_client */;

--
-- Dumping data for table `citizens`
--

LOCK TABLES `citizens` WRITE;
/*!40000 ALTER TABLE `citizens` DISABLE KEYS */;
INSERT INTO `citizens` VALUES (1,NULL,'','Male','','','9448679131','LAXMAN NAIK',NULL,NULL,405,1,NULL,'2019-04-16 19:04:50','2019-04-17 07:07:09'),(2,NULL,'','Male','','','9900736075','VINAYAK ACHARI',NULL,NULL,405,2,NULL,'2019-04-16 19:05:48','2019-04-17 07:07:32'),(3,NULL,'','Male','','','9741406005','SHREEDHAR NAIK',NULL,NULL,405,3,NULL,'2019-04-16 19:14:17','2019-04-17 07:07:52'),(4,NULL,'','Male','','','9115131159','SHABAREESH NAIK',NULL,NULL,405,3,NULL,'2019-04-16 19:15:49','2019-04-17 07:08:17'),(5,NULL,'','Male','','','9741121856','MAHENDRA NAIK',NULL,NULL,405,4,NULL,'2019-04-16 19:21:40','2019-04-17 07:08:38'),(6,NULL,'','Male','','','8008880250','NITEESH MAHALE',NULL,NULL,405,4,NULL,'2019-04-16 19:30:01','2019-04-17 07:09:00'),(7,NULL,'','Male','','','9739026563','UDAY NAIK',NULL,NULL,405,4,NULL,'2019-04-16 19:31:29','2019-04-17 07:09:20'),(8,NULL,'','Male','','','9844425673','CHANDRASHEKHAR DEVADIG',NULL,NULL,405,4,NULL,'2019-04-16 19:33:10','2019-04-17 07:09:43'),(9,NULL,'','Male','','','9036300501','ANAND BALIGA',NULL,NULL,405,5,NULL,'2019-04-16 19:34:27','2019-04-17 07:10:06'),(10,NULL,'','Male','','','7975660449','AJAY KHARVI',NULL,NULL,405,6,NULL,'2019-04-16 19:35:55','2019-04-17 07:10:28'),(11,NULL,'','Male','','','8762389597','SHREEDHAR SHETTY',NULL,NULL,405,6,NULL,'2019-04-16 19:37:53','2019-04-17 07:10:49'),(12,NULL,'','Male','','','9964431147','NIRANJAN NAIK',NULL,NULL,405,6,NULL,'2019-04-16 19:39:20','2019-04-17 07:11:12'),(13,NULL,'','Male','','','9945246394','MAHESH MOGER',NULL,NULL,405,6,NULL,'2019-04-16 19:40:36','2019-04-17 07:11:34'),(14,NULL,'','Male','','','7026241096','GOPAL NAIK',NULL,NULL,405,6,NULL,'2019-04-16 19:41:59','2019-04-17 07:11:56'),(15,NULL,'','Male','','','9742257350','TIMMAPPA NAIK',NULL,NULL,405,6,NULL,'2019-04-16 19:43:43','2019-04-17 07:13:23'),(16,NULL,'','Male','','','8748069798','BALCHANDRA NAIK',NULL,NULL,405,6,NULL,'2019-04-16 19:44:46','2019-04-17 07:13:45'),(17,NULL,'','Male','','','9916227842','ANAND NAIK',NULL,NULL,405,6,NULL,'2019-04-16 19:46:43','2019-04-17 07:14:05'),(18,NULL,'','Male','','','7406969347','RAVI DEVADIGA',NULL,NULL,405,6,NULL,'2019-04-16 19:48:06','2019-04-17 07:13:00'),(19,NULL,'','Male','','','8073481358','GANESH GONDA',NULL,NULL,405,6,NULL,'2019-04-16 19:49:19','2019-04-17 07:12:37'),(20,NULL,'','Male','','','9008939302','RAGHAVENDRA NAIK',NULL,NULL,405,6,NULL,'2019-04-16 19:51:20','2019-04-17 07:12:19'),(21,NULL,'','Male','ಮಂಕಿ','','9448248901','SUBRAY B NAIK',NULL,NULL,375,1,NULL,'2019-04-17 07:15:53','2019-04-17 07:26:17'),(22,NULL,'','Male','ಹೊನ್ನಾವರ','','9448331519','RAJU BHANDARI',NULL,NULL,375,2,NULL,'2019-04-17 07:17:48','2019-04-17 07:25:16'),(23,NULL,'','Male','ಗೇರುಸೊಪ್ಪ','','9449781789','MANJUNATH NAIK',NULL,NULL,375,2,NULL,'2019-04-17 07:18:52','2019-04-17 07:24:46'),(24,NULL,'','Male','ಹಳದೀಪುರ','','9945929777','GANESH PAI',NULL,NULL,375,5,NULL,'2019-04-17 07:19:59','2019-04-17 07:24:15'),(25,NULL,'','Male','ಹೊನ್ನಾವರ','','9448806891','SATYANARAYAN SHET',NULL,NULL,375,3,NULL,'2019-04-17 07:23:25','2019-04-17 07:23:25'),(26,NULL,'','Male','ಮಂಕಿ','','8970844799','UDAY ISHWAR NAIK',NULL,NULL,375,3,NULL,'2019-04-17 07:28:00','2019-04-17 07:28:00'),(27,NULL,'','Male','ಹಳದೀಪುರ','','8792000830','MANJUNATH GOUDA',NULL,NULL,375,3,NULL,'2019-04-17 07:29:39','2019-04-17 07:29:39'),(28,NULL,'','Male','ನಗರಬಸ್ತಿಕೇರಿ','','9449781780','MANJUNATH M NAIK',NULL,NULL,375,3,NULL,'2019-04-17 07:33:50','2019-04-17 07:33:50'),(29,NULL,'','Male','ಮುಗ್ವಾ','','9481277586','M S HEGDE',NULL,NULL,375,3,NULL,'2019-04-17 07:39:21','2019-04-17 07:39:21'),(30,NULL,'','Male','ಮಾವಿನಕುರ್ವಾ','','9901575387','R.T. HEBBAR',NULL,NULL,375,3,NULL,'2019-04-17 07:41:10','2019-04-17 07:41:10'),(31,NULL,'','Male','ಬಳಕೂರು','','9379012003','GANAPATI NAIK',NULL,NULL,375,3,NULL,'2019-04-17 07:42:43','2019-04-17 07:42:43'),(32,NULL,'','Male','ಹೊನ್ನಾವರ','','9448340825','UDAY PRABHU',NULL,NULL,375,4,NULL,'2019-04-17 07:43:55','2019-04-17 07:43:55'),(33,NULL,'','Male','ಕಾಸರಕೋಡ','','9986084884','HANUMANT K TANDEL',NULL,NULL,375,4,NULL,'2019-04-17 07:45:08','2019-04-17 07:45:08'),(34,NULL,'','Male','ನಗರಬಸ್ತಿಕೇರಿ','','9483154638','ARUN NAIK',NULL,NULL,375,4,NULL,'2019-04-17 07:46:23','2019-04-17 07:46:23'),(35,NULL,'','Male','ಮಾವಿನಕುರ್ವಾ','','9845275999','ULLAS SHANABHAG',NULL,NULL,375,4,NULL,'2019-04-17 07:47:57','2019-04-17 07:47:57'),(36,NULL,'','Male','ಮುಗ್ವಾ','','9481373287','MABLESHWAR MADIVAL',NULL,NULL,375,4,NULL,'2019-04-17 07:49:25','2019-04-17 07:49:25'),(37,NULL,'','Male','ಮಾವಿನಕುರ್ವಾ','','8971141743','MARUTI DEVA GOUDA',NULL,NULL,375,4,NULL,'2019-04-17 07:50:42','2019-04-17 07:50:42'),(38,NULL,'','Female','ಮಂಕಿ','','9449956137','SAROJA P NAIK',NULL,NULL,375,6,NULL,'2019-04-17 07:52:48','2019-04-17 07:52:48'),(39,NULL,'','Female','ಕೊಪ್ಪದಮಕ್ಕಿ','','9743789907','ROHINI ISHWAR MOGER',NULL,NULL,375,6,NULL,'2019-04-17 07:54:04','2019-04-17 07:54:04'),(40,NULL,'','Male','ಬಣಶಾಲೆ','','9886103248','MANJUNATH SHET',NULL,NULL,375,6,NULL,'2019-04-17 07:55:54','2019-04-17 07:55:54'),(41,NULL,'','Male','ಹೊಸಪಟ್ಟಣ','','9663003994','DEVA KANYA GOUDA',NULL,NULL,375,6,NULL,'2019-04-17 07:57:33','2019-04-17 07:57:33'),(42,NULL,'','Male','ಕಾಜಿಮನೆ','','9590409112','ISHWAR MADEV NAIK',NULL,NULL,375,6,NULL,'2019-04-17 07:59:53','2019-04-17 07:59:53'),(43,NULL,'','Male','ಉಪ್ಪೋಣಿ','','9480495522','LAXMAN M NAIK',NULL,NULL,375,6,NULL,'2019-04-17 08:02:39','2019-04-17 08:02:39'),(44,NULL,'','Male','ಮುಡ್ಕಣಿ','','9480495523','GAJANAN NARAYAN HEGDE',NULL,NULL,375,6,NULL,'2019-04-17 08:04:03','2019-04-17 08:04:03'),(45,NULL,'','Male','ತಲಗೋಡ','','9945890403','MANJUNATH ANKUSH GOUDA',NULL,NULL,375,6,NULL,'2019-04-17 08:05:32','2019-04-17 08:05:32'),(46,NULL,'','Male','ಮಾವಿನಹೊಳೆ','','8762134099','PRADEEP MANJUNATH NAIK',NULL,NULL,375,6,NULL,'2019-04-17 08:06:54','2019-04-17 08:06:54'),(47,NULL,'','Male','ನಗರಬಸ್ತಿಕೇರಿ','','9449102133','NARAYAN SANKOOS AMBIG',NULL,NULL,375,6,NULL,'2019-04-17 08:08:24','2019-04-17 08:08:24'),(48,NULL,'','Male','ಮುಗ್ವಾ','','9448943051','RAMACHANDRA G BAGWAT',NULL,NULL,375,6,NULL,'2019-04-17 08:09:57','2019-04-17 08:09:57'),(49,NULL,'','Male','ಕೆರೆಕೋಣ','','9449430143','GANAPATI SANNASHAMBU BHAT',NULL,NULL,375,6,NULL,'2019-04-17 08:13:08','2019-04-17 08:13:08'),(50,NULL,'','Male','ಚಂದಾವರ','','9902575059','KIRAN BADKAR',NULL,NULL,375,6,NULL,'2019-04-17 08:14:45','2019-04-17 08:14:45'),(51,NULL,'','Male','ಕಾಸಗಂಡ','','9482183866','G.S HEGDE',NULL,NULL,375,6,NULL,'2019-04-17 08:19:15','2019-04-17 08:19:15'),(52,NULL,'','Male','ಹಳದೀಪುರ','','8277648873','SHARADA GANGADHAR ACHARI',NULL,NULL,375,6,NULL,'2019-04-17 08:20:57','2019-04-17 08:20:57'),(53,NULL,'','Male','ಹಳದೀಪುರ','','9611522071','MANJUNATH SHIVU MUKRI',NULL,NULL,375,6,NULL,'2019-04-17 08:32:35','2019-04-17 08:32:35'),(54,NULL,'','Male','ಹಳದೀಪುರ','','9945538725','NAGAPPA K GOUDA',NULL,NULL,375,6,NULL,'2019-04-17 08:33:45','2019-04-17 08:33:45'),(55,NULL,'','Male','ಹಳದೀಪುರ','','9535315685','SURESH MESTA',NULL,NULL,375,6,NULL,'2019-04-17 08:42:36','2019-04-17 08:42:36'),(56,NULL,'','Male','ಹೊನ್ನಾವರ','','9886641799','SHREEDHAR MESTA',NULL,NULL,375,6,NULL,'2019-04-17 08:43:43','2019-04-17 08:43:43'),(57,NULL,'','Male','ಹೊನ್ನಾವರ','','9482411083','YOGESH MESTA',NULL,NULL,375,6,NULL,'2019-04-17 08:44:50','2019-04-17 08:44:50'),(58,NULL,'','Male','ಜಲವಳ್ಳಿ','','9900359759','C.D NAIK',NULL,NULL,375,6,NULL,'2019-04-17 08:45:41','2019-04-17 08:45:41'),(59,NULL,'','Male',' ಹಡಿನಬಾಳ','','9449454374','KESHAV NAIK',NULL,NULL,375,6,NULL,'2019-04-17 08:46:51','2019-04-17 08:46:51'),(60,NULL,'','Male','ಮರಬಳ್ಳಿ','','9535413136','GAJANAN SUBRAY NAIK',NULL,NULL,375,6,NULL,'2019-04-17 08:48:09','2019-04-17 08:48:09'),(61,NULL,'','Male','ಮೂಡ್ಕಣಿ','','8762201858','MOHAN HANUMANT NAIK',NULL,NULL,375,6,NULL,'2019-04-17 08:49:20','2019-04-17 08:49:20'),(62,NULL,'','Male','ಮಂಕಿ','','9620090253','VIGNESHWAR SHIVAYYA KHARVI',NULL,NULL,375,6,NULL,'2019-04-17 08:52:24','2019-04-17 08:52:24'),(63,NULL,'','Male','ಮಾಳಕೋಡ','','7829443089','GAJANAN JATTI NAIK',NULL,NULL,375,6,NULL,'2019-04-17 08:53:32','2019-04-17 08:53:32'),(64,NULL,'0','Male','ಹೊನ್ನಾವರ','','9448995890','VINOD VITTAL PAI',NULL,NULL,375,6,NULL,'2019-04-17 09:06:45','2019-04-17 09:06:45'),(65,NULL,'','Male','ಹೊನ್ನಾವರ','','9731699125','UDAY VENKATESH MESTA',NULL,NULL,375,6,NULL,'2019-04-17 09:07:59','2019-04-17 09:07:59'),(66,NULL,'','Male','ಹೊನ್ನಾವರ','','7259312951','SHIVANAND S MADIVAL',NULL,NULL,375,6,NULL,'2019-04-17 09:09:13','2019-04-17 09:09:13'),(67,NULL,'','Female','ಮಂಕಿ','','9482470315','MOHINI LAXMAN NAIK',NULL,NULL,375,6,NULL,'2019-04-17 09:10:46','2019-04-17 09:10:46'),(68,NULL,'','Male','ಹಳೇಮಠ','','9481132116','SHANKAR TAMMAPPA NIK',NULL,NULL,375,6,NULL,'2019-04-17 09:11:57','2019-04-17 09:11:57'),(69,NULL,'','Male','ಗುಂಡಬಾಳ','','9449126977','MARUTI PRABHU',NULL,NULL,375,6,NULL,'2019-04-17 09:12:58','2019-04-17 09:12:58'),(70,NULL,'','Male','ಗೇರುಸೊಪ್ಪ','','9741017234','MAHESH KRISHNA NAIK',NULL,NULL,375,6,NULL,'2019-04-17 09:14:00','2019-04-17 09:14:00'),(71,NULL,'','Male','ಇಡಗುಂಜಿ','','9449202495','GAJANAN NARAYAN HEGDE',NULL,NULL,375,6,NULL,'2019-04-17 09:15:03','2019-04-17 09:15:03'),(72,NULL,'','Male','ಕುದ್ರಿಗಿ','','9449574204','KANTU SHIVAPPA NAIK',NULL,NULL,375,6,NULL,'2019-04-17 09:16:14','2019-04-17 09:16:14'),(73,NULL,'','Male','ಕೋಡಾಣಿ','','9686242489','SANTOSH SHREEPAD NAIK',NULL,NULL,375,6,NULL,'2019-04-17 09:17:16','2019-04-17 09:17:16'),(74,NULL,'','Male','ಬೈಲಗದ್ದೆ','','1234567890','PURUSHU JOAGI MARATHI',NULL,NULL,375,6,NULL,'2019-04-17 09:18:18','2019-04-17 09:18:18'),(75,NULL,'','Male','ಮಂಕಿ','','9632597404','ULLAS NEMAYYA NAIK',NULL,NULL,376,1,NULL,'2019-04-17 09:25:26','2019-04-17 09:25:26'),(76,NULL,'','Male','ಕಾಸರಕೋಡ','','9743242447','RAVINDRA SHET',NULL,NULL,376,2,NULL,'2019-04-17 09:26:58','2019-04-17 09:26:58'),(77,NULL,'','Male','ಗುಳದಕೇರಿ','','9449912156','MAHESH GANGADHAR NAIK',NULL,NULL,376,3,NULL,'2019-04-17 09:28:03','2019-04-17 09:28:03'),(78,NULL,'','Male','ಅನಂತವಾಡಿ','','8762573388','RADHAKRISHNA DATTA VAIDYA',NULL,NULL,376,4,NULL,'2019-04-17 09:29:52','2019-04-17 09:29:52'),(79,NULL,'','Male','ಗುಣವಂತೆ','','1234567891','GANESH GOUDA',NULL,NULL,376,3,NULL,'2019-04-17 09:31:01','2019-04-17 09:31:01'),(80,NULL,'','Male','ಕಳಸಿನಮೋಟೆ','','9482371433','KESHAV OMAYYA MESTA',NULL,NULL,376,4,NULL,'2019-04-17 09:32:10','2019-04-17 09:32:10'),(81,NULL,'','Male','ಅಭಿತೋಟ','','8884034625','MABLU NAIK',NULL,NULL,376,5,NULL,'2019-04-17 09:33:26','2019-04-17 09:33:26'),(82,NULL,'','Female','','','9538343390','PARVATI N NAIK',NULL,NULL,376,6,NULL,'2019-04-17 09:34:41','2019-04-17 09:34:41'),(83,NULL,'','Male','ಹೊಸಪಟ್ಟಣ','','9972383890','GANAPATI NAIK',NULL,NULL,376,6,NULL,'2019-04-17 09:35:40','2019-04-17 09:35:40'),(84,NULL,'','Male','ಅನಂತವಾಡಿ','','9449955583','CHANDRAKANT B NAIK',NULL,NULL,376,6,NULL,'2019-04-17 09:36:49','2019-04-17 09:36:49'),(85,NULL,'','Male','ಖಾಜಿಮನೆ','','9590072657','KESHAV TIMMAPPA NAIK',NULL,NULL,376,6,NULL,'2019-04-17 09:37:59','2019-04-17 09:37:59'),(86,NULL,'','Male','ಬೋಳೆಬಸ್ತಿ','','9480105844','RATNAKAR SHANKAR NAIK',NULL,NULL,376,6,NULL,'2019-04-17 09:39:17','2019-04-17 09:39:17'),(87,NULL,'','Male','ಹೊಸಹಿತ್ಲ','','9480033822','NAGESH MANJU HARIKANT',NULL,NULL,376,6,NULL,'2019-04-17 09:40:24','2019-04-17 09:40:24'),(88,NULL,'','Female','ದೊಡ್ಡಗುಂದ','','8762521110','ASHA GAJANAN NAIK',NULL,NULL,376,6,NULL,'2019-04-17 09:41:34','2019-04-17 09:54:26'),(89,NULL,'','Male','ತಾಳಮಕ್ಕಿ','','9980318047','JEEVAYYA M NAIK',NULL,NULL,376,6,NULL,'2019-04-17 09:42:46','2019-04-17 09:42:46'),(90,NULL,'','Male','ಸಿಂಗಾಣಿಹಿತ್ಲು','','9513494621','VINOD RAMACHANDRA NAIK',NULL,NULL,376,6,NULL,'2019-04-17 09:44:06','2019-04-17 09:44:06'),(91,NULL,'','Male','','','8722726271','CHANDRU BALEGAR',NULL,NULL,376,6,NULL,'2019-04-17 09:44:58','2019-04-17 09:44:58'),(92,NULL,'','Male','ಮಲಬಾರಕೇರಿ','','9731541696','RAJU VENKAPPA MESTA',NULL,NULL,376,6,NULL,'2019-04-17 09:46:10','2019-04-17 09:46:10'),(93,NULL,'','Male','ದೊಡ್ಡಗುಂದ','','9916430191','SUBRAY M NAIK',NULL,NULL,376,6,NULL,'2019-04-17 09:47:08','2019-04-17 09:47:08'),(94,NULL,'','Male','','','9880768804','ISHWAR SHANTA HALLER',NULL,NULL,376,6,NULL,'2019-04-17 09:48:03','2019-04-17 09:48:03'),(95,NULL,'','Male','ನಗರಬಸ್ತಿಕೇರಿ','','9481407850','MARUTI M NAIK',NULL,NULL,378,1,NULL,'2019-04-17 09:49:16','2019-04-17 09:59:45'),(96,NULL,'','Male','ತಾಳಮಕ್ಕಿ','','9901006237','BABU RAMAYYA NAIK',NULL,NULL,376,6,NULL,'2019-04-17 09:50:44','2019-04-17 09:50:44'),(97,NULL,'','Male','ಇಡಗುಂಜಿ','','9481050711','KAMALAKAR SUBRAY NAIK',NULL,NULL,378,2,NULL,'2019-04-17 10:00:55','2019-04-17 10:00:55'),(98,NULL,'','Male','ಮೊಳ್ಕೋಡ','','9448629476','SHREEKANT NAIK',NULL,NULL,378,3,NULL,'2019-04-17 10:02:29','2019-04-17 10:02:29'),(99,NULL,'','Female','ಗೇರುಸೊಪ್ಪ','','9480897839','ANNAPOORNA SHASTRI',NULL,NULL,378,4,NULL,'2019-04-17 10:04:05','2019-04-17 10:04:05'),(100,NULL,'','Male','ಬಳ್ಖೂರು','','9448331520','PADMAVATI KESHAV NAIK',NULL,NULL,378,4,NULL,'2019-04-17 10:05:20','2019-04-17 10:05:20'),(101,NULL,'','Male','ಮಾಳಕೋಡ','','8762201819','GOVIND SANKUS GOUDA',NULL,NULL,378,3,NULL,'2019-04-17 10:06:48','2019-04-17 10:06:48'),(102,NULL,'','Male','','','9731630192','YASHWANT V DEVADIG',NULL,NULL,378,6,NULL,'2019-04-17 10:09:49','2019-04-17 10:09:49'),(103,NULL,'','Male','ಬಳ್ಕೂರು','','9591119706','VENKATESH NARAYAN NAIK',NULL,NULL,378,6,NULL,'2019-04-17 10:11:21','2019-04-17 10:17:36'),(104,NULL,'','Male','ಕೊಂಡದಕುಳಿ','','8762455905','KESHAV SHAANKAR NAIK',NULL,NULL,378,6,NULL,'2019-04-17 10:19:18','2019-04-17 10:19:18'),(105,NULL,'','Male','ಅನಿಲಗೋಡ','','9448649711','BAALAACHANDRA SHANKAR NAIK',NULL,NULL,378,6,NULL,'2019-04-17 10:21:57','2019-04-17 10:21:57'),(106,NULL,'','Male','ಅನಿಲಗೋಡ','','9480227472','RAVI K AMBIG',NULL,NULL,378,6,NULL,'2019-04-17 10:23:44','2019-04-17 10:23:44'),(107,NULL,'','Male','ಹಿನ್ನೂರ','','9480918816','TIMMAPPA NAGAPPA NAIK',NULL,NULL,378,6,NULL,'2019-04-17 10:25:25','2019-04-17 10:25:25'),(108,NULL,'','Male','ಗುರಾಡಿ','','9483809271','SHREEDHAR MANJUNATH NAIK',NULL,NULL,378,6,NULL,'2019-04-17 10:36:14','2019-04-17 10:36:14'),(109,NULL,'','Male','ಸಂಶಿ','','9481059273','NAGARAJ ISHWAR NAIK',NULL,NULL,378,6,NULL,'2019-04-17 10:37:49','2019-04-17 10:37:49'),(110,NULL,'','Male','ಸಂಶಿ','','9480138505','PRABHU ISHWAR HALLER',NULL,NULL,378,6,NULL,'2019-04-17 10:38:57','2019-04-17 10:38:57'),(111,NULL,'','Male','ಕುದ್ರಿಗಿ','','9482415550','RAJESH GANAPAATI KODIYA',NULL,NULL,378,6,NULL,'2019-04-17 10:40:26','2019-04-17 10:40:26'),(112,NULL,'','Male','ಹಾಡಗೇರಿ','','8387292183','JATTAPPA DEVAPPA NAIK',NULL,NULL,378,6,NULL,'2019-04-17 10:42:40','2019-04-17 10:42:40'),(113,NULL,'','Male','ಆಡುಕುಳ','','9343961176','MOHAN GANAPATI NAAIK',NULL,NULL,378,6,NULL,'2019-04-17 10:44:28','2019-04-17 10:44:28'),(114,NULL,'','Male','ಹಾಲಹಳ್ಳಿ','','9379256536','SURESH RAMACHANDRA NAIK',NULL,NULL,378,6,NULL,'2019-04-17 10:46:11','2019-04-17 10:46:11'),(115,'1.ನಗರ \r\n2.ಕುಳಕೋಡ \r\n3.ಆರೋಳ್ಳಿ ಮುಂಡಗೋಡ','','Male','','','1234567894','M.S.HEGDE',NULL,NULL,429,8,NULL,'2019-04-17 12:27:50','2019-04-17 15:28:47'),(116,'4.ಹಡಿನಬಾಳ \r\n5.ಕವೂರ \r\n6.ಬೇರೊಳ್ಳಿ \r\n7.ಹುಡಗೋಡ','','Male','','','9632036979','ASHOK G NAIK',NULL,NULL,428,8,NULL,'2019-04-17 12:31:45','2019-04-17 15:26:38'),(117,'8.ಗುಂಡಬಾಳ-1 \r\n9.ಗುಂಡಬಾಳ-2 \r\n10.ಜನ್ನಕಡ್ಕಲ \r\n11.ಹಿರೇಬೈಲ \r\n12.ಗುಂಡಿಬೈಲ \r\n13.ಕೆಂಚಗಾರ \r\n14.ಹೆರಾವಳಿ','','Male','','','7483337888','VIGNESHWAR HEGDE',NULL,NULL,427,8,NULL,'2019-04-17 12:35:14','2019-04-17 15:25:02'),(118,'15.ಯಲಗುಪ್ಪಾ \r\n16.ಕೊಳಗದ್ದೆ \r\n17.ವಲ್ಕಿ \r\n18.ಖರ್ವಾ \r\n19.ಕಡಗೇರಿ \r\n20.ಕೂಡ್ಲ','','Male','','','8971141749','MARUTI GOUDA',NULL,NULL,426,8,NULL,'2019-04-17 12:41:42','2019-04-17 15:21:23'),(119,'21.ಜಲವಳ್ಳಿಕರ್ಕಿ \r\n22.ಪಡಕುಳಿ \r\n23.ಜಲವಳ್ಳಿ \r\n24.ಸುಳಗೋಡ','','Male','','','1234567895','CHANDRAHAS',NULL,NULL,425,8,NULL,'2019-04-17 12:45:21','2019-04-17 15:19:20'),(120,'25.ಅಡ್ಕಾರ ಬಲ \r\n26.ಅಡ್ಕಾರ ಎಡ \r\n27.ಹೆರಂಗಡಿ ಬಲ \r\n28.ಹೆರಂಗಡಿ ಎಡ \r\n29.ಹೆರಂಗಡಿ ಉರ್ದು ಎಡ \r\n30.ಹೆರಂಗಡಿ ಉರ್ದು ಬಲ','','Male','','','9449061828','GANESH HALLER',NULL,NULL,424,8,NULL,'2019-04-17 12:51:54','2019-04-17 15:17:32'),(121,'31.ಶಶಿಗುಳಿ\r\n32. ಕೆಂಬಾಲು \r\n33.ಮಾವಿನಹೊಳೆ \r\n34.ಮಹಿಮೆ','','Male','','','7259313734','RAMESH NAIK',NULL,NULL,422,8,NULL,'2019-04-17 12:54:29','2019-04-17 15:15:33'),(122,'35.ಬೈಲಗದ್ದೆ \r\n36.ಸರಳಗಿ \r\n42.ಉಪ್ಪೋಣಿ \r\n43.ಉಪ್ಪೋಣಿ ಉರ್ದು','','Male','','','1234567896','ARUN NAIK',NULL,NULL,423,8,NULL,'2019-04-17 12:56:30','2019-04-17 15:13:02'),(123,'37.ನಾಗನತೊರೆ \r\n38.ಹುಳೆಗಾರ \r\n39.ನಗರಬಸ್ತಕೇರಿ \r\n40.ಹಾಡಗೇರಿ \r\n41.ನಗರೆ \r\n48.ಕಂಡೋಡಿ','','Male','','','9480335320','VINAYAK NAIK',NULL,NULL,416,8,NULL,'2019-04-17 12:59:22','2019-04-17 15:11:35'),(124,'44.ಸಂಶಿ ಎಡ \r\n45.ಸಂಶಿ ಬಲ \r\n46.ಕುಂಬಾರಕೇರಿ ಎಡ \r\n47.ಕುಂಬಾರಕೇರಿ ಬಲ','','Male','','','9590653533','NAGARAJ NAIK',NULL,NULL,421,8,NULL,'2019-04-17 13:02:10','2019-04-17 15:09:57'),(125,'49.ಬಾಳೆಮಟ್ಟು \r\n50.ಮಾಗೋಡ \r\n51.ಹಾಡಿ ತಲಕಣಿ \r\n52.ಕೋಡ್ಲಗದ್ದೆ','','Male','','','9449892719','GURUPRASAD HEGDE',NULL,NULL,420,8,NULL,'2019-04-17 13:04:18','2019-04-17 15:08:32'),(126,'53.ಕೊಡಾಣಿ \r\n54.ಬೇರಂಕಿ \r\n55.ಹಿನ್ನೂರು\r\n58. ಅನಿಲಗೋಡ','','Male','','','9449201833','SHREEKANT NAIK',NULL,NULL,419,8,NULL,'2019-04-17 13:07:46','2019-04-17 15:05:40'),(127,'59.ಮೇಲಿನ ಮಣ್ಣಿಗೆ \r\n60.ತಲಗೋಡ \r\n61.ಬಳ್ಕೂರು ಬಲ \r\n62.ಬಳ್ಕೂರ ಎಡ \r\n63.ಕಬಾಡಕೇರಿ','','Male','','','1379012003','GANAPATI M NAIK',NULL,NULL,418,8,NULL,'2019-04-17 13:10:57','2019-04-17 15:04:23'),(128,'56.ಮಾಳ್ಕೋಡ ಬಲ \r\n57.ಮಾಳ್ಕೋಡ ಎಡ \r\n64.ಮಾಳ್ಕೋಡ \r\n65.ಮೇಲಿನ ಇಡಗುಂಜಿ ಎಡ \r\n66.ಮೇಲಿನ ಇಡಗುಂಜಿ ಬಲ \r\n86.ಮೊಳ್ಕೋಡ','','Male','','','9620752252','MANJUNATH ACHARI',NULL,NULL,417,8,NULL,'2019-04-17 13:14:34','2019-04-17 15:02:24'),(129,'67.ಗುಣವಂತೆ ಬಲ\r\n68. ಗುಣವಂತೆ ಎಡ \r\n69.ಕೆಳಗಿನೂರು \r\n70.ಅಪ್ಸರಕೊಂಡ ಬಲ \r\n71.ಅಪ್ಸರಕೊಂಡ ಎಡ.','','Male','','','9448995670','NARAYAN NAIK HOSAPATTANA',NULL,NULL,408,8,NULL,'2019-04-17 13:25:14','2019-04-17 15:00:05'),(130,'72.ಹಿರೇಮಠ \r\n73.ಕಾಸರಕೋಡ ಉರ್ದು \r\n74.ಮಲ್ಲುಕುರ್ವಾ \r\n75.ಟೊಂಕ ಬಲ \r\n76.ಟೊಂಕ ಎಡ','','Male','','','7676131287','HEMANT KHARVI',NULL,NULL,409,8,NULL,'2019-04-17 13:28:26','2019-04-17 14:31:38'),(131,'77.ಮಲಬಾರಕೇರಿ \r\n78.ಕಾಸರಕೋಡ \r\n79.ಹೊಸಪಟ್ಟಣ \r\n80.ಕಳಸಿನಮೊಟೆ','','Male','','','9008232504','MANJUNATH GOUDA',NULL,NULL,414,8,NULL,'2019-04-17 13:32:37','2019-04-17 14:58:08'),(132,'81.ಹೊಸಾಡ \r\n82.ಬೆಳ್ಳುಕುರ್ವೆ \r\n83.ಸಾನಮೊಟೆ \r\n84.ಮಾವಿನಕುರ್ವಾ ಬಲ \r\n85.ಮಾವಿನಕುರ್ವಾ ಎಡ','','Male','','','1845275999','ULLAS SHANABHAG',NULL,NULL,415,8,NULL,'2019-04-17 13:35:52','2019-04-17 14:56:21'),(133,'87.ದೇವರಗದ್ದೆ ಬಲ \r\n88.ದೇವರಗದ್ದೆ ಎಡ \r\n89.ಮಂಕಿ ಉರ್ದು ಬಲ \r\n90.ಮಂಕಿ ಉರ್ದು ಎಡ \r\n92.ನಾಕುದ್ದಮೊಹಲ್ಲಾ','','Male','','','9449369697','SURESH KHARVI',NULL,NULL,412,8,NULL,'2019-04-17 13:39:22','2019-04-17 14:54:22'),(134,'91.ಮಂಕಿ ಬಣಸಾಲೆ ಉರ್ದು \r\n97.ದೊಡ್ಡಗುಂದ \r\n98.ಹೊಸಹಿತ್ತಲ \r\n99.ತಾಳಮಕ್ಕಿ','','Male','','','1449369697','ANAND NAIK',NULL,NULL,413,8,NULL,'2019-04-17 14:43:26','2019-04-17 14:43:26'),(135,'93.ಗುಳದಕೇರಿ ಬಲ \r\n94.ಗುಳದಕೇರಿ ಎಡ \r\n95.ಕುಂಬಾರಕೇರಿ ಬಲ \r\n96.ಕುಂಬಾರಕೇರಿ ಎಡ','','Male','','','1897034499','UDAY NAIK',NULL,NULL,411,8,NULL,'2019-04-17 14:46:22','2019-04-17 14:46:22'),(136,'101.ಅನಂತವಾಡಿ \r\n102.ಹೆರಾಳಿ \r\n103.ಕೊಪ್ಪದಮಕ್ಕಿ','','Male','','','9946091508','ULLAS H NAIK',NULL,NULL,410,8,NULL,'2019-04-17 14:49:00','2019-04-17 14:49:00'),(137,'100.ಚಿತ್ತಾರ \r\n104.ದಬ್ಬೋಡ \r\n105.ಆಡುಕಳ \r\n106.ಹಡಿಕಲ್‌ \r\n107.ಅಡಕೆಕುಳಿ \r\n108.ಅರಶಿಕೇರ','','Male','','','8310008159','MOHAN NAIK',NULL,NULL,407,8,NULL,'2019-04-17 14:51:47','2019-04-17 14:51:47'),(138,'','','Male','ಜಲವಳ್ಳಿ ಕರ್ಕಿ','','9480921621','LAMBODHAR NAIK',NULL,NULL,377,1,NULL,'2019-04-17 15:34:12','2019-04-17 15:34:12'),(139,'','','Male','ಹಾಡಗೇರಿ','','9448065755','KAMALAKAAR GANAPA ACHARI',NULL,NULL,377,2,NULL,'2019-04-17 15:35:42','2019-04-17 15:35:42'),(140,'','','Female','ಮೂಡ್ಕಣಿ','','7483388184','PARVATI GAJANAN NAIK',NULL,NULL,377,4,NULL,'2019-04-17 15:38:10','2019-04-17 15:38:10'),(141,'','','Male','ಜಲವಳ್ಳಿ','','9341815191','RAGHAVENDRA GANAPAATI SHET',NULL,NULL,377,4,NULL,'2019-04-17 15:47:25','2019-04-17 15:47:25'),(142,'','','Male','ಸಾನಡಿ','','9483657174','SHREEDHAR NAIK',NULL,NULL,377,3,NULL,'2019-04-17 15:48:45','2019-04-17 15:48:45'),(143,'','','Male','ಖರ್ವಾ','','7760241130','BALACHANDRA SHIVARAAM HEGDE',NULL,NULL,377,6,NULL,'2019-04-17 15:51:19','2019-04-17 15:51:19'),(144,'','','Male','ದಿಬ್ಬಣಗಲ್','','8197484096','DATTATREY SHYAMAL MESTA',NULL,NULL,377,6,NULL,'2019-04-17 15:52:50','2019-04-17 15:52:50'),(145,'','','Male','ಹಾಡಗೇರಿ','','9480385742','SANTOSH VINAY SHET',NULL,NULL,377,6,NULL,'2019-04-17 15:54:44','2019-04-17 15:54:44'),(146,'','','Male','ಹಡಿನಬಾಳ','','9483940831','MAHABALESHWAR S HEGDE',NULL,NULL,377,6,NULL,'2019-04-17 15:56:30','2019-04-17 15:56:30'),(147,'','','Male','ಬೇರೊಳ್ಳಿ','','8105872957','HAREESH NARAYAN PRABHU',NULL,NULL,377,6,NULL,'2019-04-17 15:58:16','2019-04-17 15:58:16'),(148,'','','Male','ಚಿಕ್ಕನಕೋಡ','','9379856443','MARUTI MOHAN NAIK',NULL,NULL,377,6,NULL,'2019-04-17 15:59:44','2019-04-17 15:59:44'),(149,'','','Male','ಗುಂಡಬಾಳ','','1379856443','RAVI NAGESH SHET',NULL,NULL,377,6,NULL,'2019-04-17 16:02:06','2019-04-17 16:02:06'),(150,'','','Male','ಕಡೆಹಳ್ಳ','','8277225153','MARUTI GANAPATI NAIK',NULL,NULL,377,6,NULL,'2019-04-17 16:03:42','2019-04-17 16:03:42'),(151,'','','Female','ಮೂಡ್ಕಣಿ','','9481071219','NAGARATNA HALLER',NULL,NULL,377,6,NULL,'2019-04-17 16:05:26','2019-04-17 16:05:26'),(152,'','','Female','ಗುಂಡಿಬೈಲ','','9448321910','NIRMALA SHANKAR NAIK',NULL,NULL,377,6,NULL,'2019-04-17 16:06:36','2019-04-17 16:06:36'),(153,'','','Male','ಹೆರಂಗಡಿ','','9482043177','PANDURANGA GABIT',NULL,NULL,377,6,NULL,'2019-04-17 16:08:17','2019-04-17 16:08:17'),(154,'','','Male','ಮಾವಿನಕುರ್ವಾ','','9449264102','NARAYAN GOUDA',NULL,NULL,377,6,NULL,'2019-04-17 16:09:24','2019-04-17 16:09:24'),(155,'','','Male','ಜಲವಳ್ಳಿ','','8387247143','DEVARAJ CHANDRA JAIN',NULL,NULL,377,6,NULL,'2019-04-17 16:14:02','2019-04-17 16:14:02'),(156,'','','Male','ಕರಿಕುರ್ವಾ','','9900585932','SATEESH MESTA',NULL,NULL,377,6,NULL,'2019-04-17 16:19:11','2019-04-17 16:19:11'),(157,'','','Male','ಚಿಕ್ಕೊಳ್ಳಿ','','9483226297','RAMESH NAIK',NULL,NULL,377,6,NULL,'2019-04-17 16:20:34','2019-04-17 16:20:34'),(158,'','','Male','ಮುಟ್ಟಾ','','9449061824','MANJUNATH GOUDA',NULL,NULL,102,6,NULL,'2019-04-17 16:22:17','2019-04-17 16:22:17'),(159,'','560043','Male','Bangalore','ullasgn@gmail.com','9980743670','Ullas GN',NULL,'1966-07-15',86,21,4,'2019-04-21 17:00:08','2019-04-23 10:01:15');
/*!40000 ALTER TABLE `citizens` ENABLE KEYS */;
UNLOCK TABLES;

--
-- Table structure for table `departments`
--

DROP TABLE IF EXISTS `departments`;
/*!40101 SET @saved_cs_client     = @@character_set_client */;
/*!40101 SET character_set_client = utf8 */;
CREATE TABLE `departments` (
  `id` bigint(20) NOT NULL AUTO_INCREMENT,
  `name` varchar(255) DEFAULT NULL,
  `code` varchar(255) DEFAULT NULL,
  `email` varchar(255) DEFAULT NULL,
  `phone` varchar(255) DEFAULT NULL,
  `created_at` datetime NOT NULL,
  `updated_at` datetime NOT NULL,
  PRIMARY KEY (`id`)
) ENGINE=InnoDB AUTO_INCREMENT=7 DEFAULT CHARSET=utf8;
/*!40101 SET character_set_client = @saved_cs_client */;

--
-- Dumping data for table `departments`
--

LOCK TABLES `departments` WRITE;
/*!40000 ALTER TABLE `departments` DISABLE KEYS */;
INSERT INTO `departments` VALUES (1,'Panchayat Raj Engineering Department','PRED','123@gmail.com','1234567890','2019-04-10 06:30:54','2019-04-10 06:47:25'),(2,'Land Army ','KRIDL','123@gmail.com','1234567890','2019-04-10 06:45:04','2019-04-10 06:45:41'),(3,'Public Welfare Department','PWD','123@gmail.com','1234567890','2019-04-10 06:46:20','2019-04-10 06:46:20'),(4,'Agreement','AGR','123@gmail.com','1234567890','2019-04-10 06:47:08','2019-04-10 06:47:08'),(5,'Minor Irrigation','MI','123@gmail.com','1234567890','2019-04-10 06:53:58','2019-04-10 06:53:58'),(6,'PORT AND INLAND','PORT','123@gmail.com','1234567890','2019-04-13 18:09:25','2019-04-13 18:09:25');
/*!40000 ALTER TABLE `departments` ENABLE KEYS */;
UNLOCK TABLES;

--
-- Table structure for table `development_works`
--

DROP TABLE IF EXISTS `development_works`;
/*!40101 SET @saved_cs_client     = @@character_set_client */;
/*!40101 SET character_set_client = utf8 */;
CREATE TABLE `development_works` (
  `id` bigint(20) NOT NULL AUTO_INCREMENT,
  `department_id` bigint(20) DEFAULT NULL,
  `place_id` bigint(20) DEFAULT NULL,
  `desc` longtext,
  `estimated_amount` float DEFAULT NULL,
  `sanctioned_amount` float DEFAULT NULL,
  `foundation_date` date DEFAULT NULL,
  `inaugration_date` date DEFAULT NULL,
  `status` varchar(255) DEFAULT NULL,
  `name` varchar(255) DEFAULT NULL,
  `remarks` longtext,
  `created_at` datetime NOT NULL,
  `updated_at` datetime NOT NULL,
  `entity_status_id` bigint(20) DEFAULT NULL,
  PRIMARY KEY (`id`),
  KEY `index_development_works_on_department_id` (`department_id`),
  KEY `index_development_works_on_place_id` (`place_id`),
  KEY `index_development_works_on_entity_status_id` (`entity_status_id`),
  CONSTRAINT `fk_rails_52907e5212` FOREIGN KEY (`department_id`) REFERENCES `departments` (`id`),
  CONSTRAINT `fk_rails_89773b51cd` FOREIGN KEY (`entity_status_id`) REFERENCES `entity_statuses` (`id`),
  CONSTRAINT `fk_rails_adcc8a5b3b` FOREIGN KEY (`place_id`) REFERENCES `places` (`id`)
) ENGINE=InnoDB AUTO_INCREMENT=212 DEFAULT CHARSET=utf8;
/*!40101 SET character_set_client = @saved_cs_client */;

--
-- Dumping data for table `development_works`
--

LOCK TABLES `development_works` WRITE;
/*!40000 ALTER TABLE `development_works` DISABLE KEYS */;
INSERT INTO `development_works` VALUES (1,1,251,'ಹಾವಳಿಕಂಟದ ಕಿರುನೀರು ಸರಬರಾಜು ಯೋಜನೆ ಪೈಪಲೈನ ದುರಸ್ಥಿ',150000,150000,NULL,NULL,'ಕಾಮಗಾರಿ ಮಂಜೂರಾಗಿರುತ್ತದೆ. - Work Granted','ಕುಡಿಯುವ ನೀರು','','2019-04-10 06:39:00','2019-04-14 09:18:43',1),(2,1,1,' ಪದ್ಮಾ ರಾಮ ನಾಯ್ಕ ಮನೆ ಹತ್ತಿರ ಕುಡಿಯುವ ನೀರಿನ ಬಾವಿ ಆಳಪಡಿಸಿ ದುರಸ್ಥಿ ಮಾಡುವುದು',150000,150000,NULL,NULL,'ಅನುದಾನ ಮಂಜೂರಾಗಿರುತ್ತದೆ. - Work Granted','ಕುಡಿಯುವ ನೀರು','','2019-04-10 07:05:21','2019-04-11 05:07:19',1),(3,1,81,'ಬಂದರ ಬಾಬು ಮಂಜುನಾಥ ಖಾರ್ವಿ ಮನೆಯ ಹತ್ತಿರ ಸಾರ್ವಜನಿಕ ಬಾವಿ ದುರಸ್ಥಿ',75000,75000,NULL,NULL,'ಅನುದಾನ ಮಂಜೂರಾಗಿರುತ್ತದೆ. - Work Granted','ಕುಡಿಯುವ ನೀರು','','2019-04-10 07:08:33','2019-04-11 05:07:45',1),(4,1,118,'ತಿಮ್ಮಪ್ಪ ಖಾರ್ವಿ ಮನೆಯಿಂದ ಬಂಗನಮನೆಯವರೆಗೆ ಕಿರುನೀರು ಸರಬರಾಜು ಯೋಜನೆ ಪೈಪಲೈನ ದುರಸ್ಥಿ ಮತ್ತು ವಿಸ್ತರಣೆ',150000,150000,NULL,NULL,'ಅನುದಾನ ಮಂಜೂರಾಗಿರುತ್ತದೆ. - Work Granted','ಕುಡಿಯುವ ನೀರು','','2019-04-10 07:13:59','2019-04-11 05:08:07',1),(5,1,126,'ಪುರವರ್ಗ ದಾಸಿನಮನಯ ಹತ್ತಿರ ಕಿರುನೀರು ಸರಬರಾಜು ಯೋಜನೆಯ ಪೈಪಲೈನ ದುರಸ್ಥಿ',100000,100000,NULL,NULL,'ಅನುದಾನ ಮಂಜೂರಾಗಿರುತ್ತದೆ. - Work Granted','ಕುಡಿಯುವ ನೀರು','','2019-04-10 07:37:03','2019-04-11 05:08:27',1),(6,1,85,'ಅಯ್ಯಪ್ಪ ಸ್ವಾಮಿ ಸನ್ನಿದಾನದ ಹತ್ತಿರ ತೆರೆದ ಬಾವಿ ದುರಸ್ಥಿ ',75000,75000,NULL,NULL,'ಅನುದಾನ ಮಂಜೂರಾಗಿರುತ್ತದೆ. - Work Granted','ಕುಡಿಯುವ ನೀರು','','2019-04-10 07:56:17','2019-04-11 05:08:43',1),(7,1,318,'ಮಂಜುನಾಥ ನಾಯ್ಕರ ಮನೆಯ ಹತ್ತಿರ ಸಾರ್ವಜನಿಕ ಬಾವಿ ಆಳಪಡಿಸುವುದು',100000,100000,NULL,NULL,'ಅನುದಾನ ಮಂಜೂರಾಗಿರುತ್ತದೆ. - Work Granted','ಕುಡಿಯುವ ನೀರು','','2019-04-10 08:04:18','2019-04-11 05:08:57',1),(8,1,286,'ಕಿರುನೀರು ಸರಬರಾಜು ಯೋಜನೆ ಪೈಪಲೈನ ದುರಸ್ಥಿ ಮತ್ತು ವಿಸ್ತರಣೆ',150000,150000,NULL,NULL,'ಅನುದಾನ ಮಂಜೂರಾಗಿರುತ್ತದೆ. - Work Granted','ಕುಡಿಯುವ ನೀರು','','2019-04-10 08:06:59','2019-04-11 05:09:11',1),(9,1,62,'ಬಾಳೆಹಿತ್ಲು ಶಾಲೆಯ ಹತ್ತಿರ ಸಾರ್ವಜನಿಕ ಬಾವಿ ದುರಸ್ಥಿ',100000,100000,NULL,NULL,'ಅನುದಾನ ಮಂಜೂರಾಗಿರುತ್ತದೆ. - Work Granted','ಕುಡಿಯುವ ನೀರು','','2019-04-10 08:10:08','2019-04-11 05:09:25',1),(10,1,122,'ಕಿರುನೀರು ಸರಬರಾಜು ಬಾವಿ ಆಳಗೊಳಿಸಿ ದುರಸ್ಥಿಪಡಿಸುವುದು',125000,125000,NULL,NULL,'ಅನುದಾನ ಮಂಜೂರಾಗಿರುತ್ತದೆ. - Work Granted','ಕುಡಿಯುವ ನೀರು','','2019-04-10 08:12:02','2019-04-11 05:09:39',1),(11,1,273,'ಅಂಗನವಾಡಿ ಸಮೀಪದ ಕೊಳವೆ ಬಾವಿ ಕೇಸಿಂಗ ದುರಸ್ಥಪಡಿಸುವುದು',150000,150000,NULL,NULL,'ಅನುದಾನ ಮಂಜೂರಾಗಿರುತ್ತದೆ. - Work Granted','ಕುಡಿಯುವ ನೀರು','','2019-04-10 08:14:29','2019-04-11 05:09:57',1),(12,1,294,'ಪ್ರಾಥಮಿಕ ಆರೋಗ್ಯ ಕೇಂದ್ರದ  ಬಾವಿ ಆಳಗೊಳಿಸಿ ದುರಸ್ಥಿಪಡಿಸುವುದು',150000,150000,NULL,NULL,'ಅನುದಾನ ಮಂಜೂರಾಗಿರುತ್ತದೆ. - Work Granted','ಕುಡಿಯುವ ನೀರು','','2019-04-10 08:15:40','2019-04-11 05:10:16',1),(13,1,36,'ಕಿರುನೀರು ಸರಬರಾಜು ಯೋಜನೆಯ ಸಾರ್ವಜನಿಕ ಬಾವಿ ಆಳಗೊಳಿಸಿ ಪೈಪಲೈನ ದುರಸ್ಥಿಪಡಿಸುವುದು',150000,150000,NULL,NULL,'ಅನುದಾನ ಮಂಜೂರಾಗಿರುತ್ತದೆ. - Work Granted','ಕುಡಿಯುವ ನೀರು','','2019-04-10 08:17:20','2019-04-11 05:10:38',1),(14,1,2,'ದೇವಸ್ಥಾನದ ಹತ್ತಿರ  ಸಾರ್ವಜನಿಕ ಬಾವಿ ಮತ್ತು ಪೈಪಲೈನ ದುರಸ್ಥಿಪಡಿಸುವುದು',150000,150000,NULL,NULL,'ಅನುದಾನ ಮಂಜೂರಾಗಿರುತ್ತದೆ. - Work Granted','ಕುಡಿಯುವ ನೀರು','','2019-04-10 08:19:45','2019-04-11 05:11:04',1),(15,1,182,'ಆಟದ ಮೈದಾನದ  ಬಾವಿ ಆಳಗೊಳಿಸಿ ದುರಸ್ಥಿಪಡಿಸುವುದು',75000,75000,NULL,NULL,'ಅನುದಾನ ಮಂಜೂರಾಗಿರುತ್ತದೆ. - Work Granted','ಕುಡಿಯುವ ನೀರು','','2019-04-10 08:22:21','2019-04-11 05:11:22',1),(16,1,296,'ಹರ್ಕಲಿ ದೇವಸ್ಥಾನದ ಹತ್ತಿರ ಸಾರ್ವಜನಿಕ ಬಾವಿ ಸ್ವಚ್ಚಗೊಳಿಸಿ ದುರಸ್ಥಿಪಡಿಸುವುದು',100000,100000,NULL,NULL,'ಅನುದಾನ ಮಂಜೂರಾಗಿರುತ್ತದೆ. - Work Granted','ಕುಡಿಯುವ ನೀರು','','2019-04-10 08:23:55','2019-04-11 05:11:38',1),(17,1,27,'ಕೆರೆಗದ್ದೆಯಲ್ಲಿ ಕಿರುನೀರು ಸರಬರಾಜು ಯೋಜನೆಯ ಪೈಪಲೈನ ವಿಸ್ತರಣೆ',100000,100000,NULL,NULL,'ಅನುದಾನ ಮಂಜೂರಾಗಿರುತ್ತದೆ. - Work Granted','ಕುಡಿಯುವ ನೀರು','','2019-04-10 08:26:27','2019-04-11 05:11:55',1),(18,1,260,'ಕಿರುನೀರು ಸರಬರಾಜು ಯೋಜನೆಯ ಬೋರವೆಲಗೆ ಪಂಪ ಅಳವಡಿಸಿ ಪೈಪಲೈನ ವಿಸ್ತರಣೆಪಡಿಸುವುದು',250000,250000,NULL,NULL,'ಅನುದಾನ ಮಂಜೂರಾಗಿರುತ್ತದೆ. - Work Granted','ಕುಡಿಯುವ ನೀರು','','2019-04-10 08:35:16','2019-04-11 05:12:33',1),(19,1,76,'ಗಣೇಶ ಶೇಷಗಿರಿ ಹೆಬ್ಬಾರ  ಮಾಲ್ಕಿ ಜಮೀನಿನಲ್ಲಿ ಸ.ನಂ ೫೪ ರಲ್ಲಿ ಸಾರ್ವಜನಿಕ ಕುಡಿಯುವ ನೀರಿನ ತೆರೆದ ಬಾವಿ ನಿರ್ಮಾಣ',150000,150000,NULL,NULL,'ಅನುದಾನ ಮಂಜೂರಾಗಿರುತ್ತದೆ. - Work Granted','ಕುಡಿಯುವ ನೀರು','','2019-04-10 09:22:02','2019-04-11 05:12:15',1),(20,1,82,'ಸರಕಾರಿ ಪ್ರೌಡಶಾಲೆ ಆವರಣದಲ್ಲಿ ಕಿರುನೀರು ಸರಬರಾಜು ಯೋಜನೆಯ ಬಾವಿಗೆ ಪಂಪ ಅಳವಡಿಸುವುದು',150000,150000,NULL,NULL,'ಅನುದಾನ ಮಂಜೂರಾಗಿರುತ್ತದೆ. - Work Granted','ಕುಡಿಯುವ ನೀರು','','2019-04-10 09:24:03','2019-04-11 05:12:51',1),(21,1,287,'ಹದ್ದಿನಗೊಳಪೆ ಹತ್ತಿರದ ಕೊಳವೆ ಬಾವಿಗೆ ಪಂಪ ಅಳವಡಿಸಿ ಪೈಪಲೈನ ನಿರ್ಮಾಣ',150000,150000,NULL,NULL,'ಅನುದಾನ ಮಂಜೂರಾಗಿರುತ್ತದೆ. - Work Granted','ಕುಡಿಯುವ ನೀರು','','2019-04-10 09:26:11','2019-04-11 05:13:11',1),(22,1,11,'ಸಮುದಾಯಭವನದ ಹತ್ತಿರ ತೆರೆದ ಬಾವಿ ನಿರ್ಮಾಣ',90000,90000,NULL,NULL,'ಅನುದಾನ ಮಂಜೂರಾಗಿರುತ್ತದೆ. - Work Granted','ಕುಡಿಯುವ ನೀರು','','2019-04-10 09:30:07','2019-04-11 05:13:27',1),(23,1,287,'ಬೋರವೆಲ್‌ ಕೈಪಂಪು ಅಳವಡಿಸುವುದು',125000,125000,NULL,NULL,'ಅನುದಾನ ಮಂಜೂರಾಗಿರುತ್ತದೆ. - Work Granted','ಕುಡಿಯುವ ನೀರು','','2019-04-10 09:31:18','2019-04-11 05:13:45',1),(24,1,75,'ಕಾಯ್ಕಿನಿ ಪಂಚಾಯತ ಹತ್ತಿರ ಬೋರವೆಲ ಕೊರೆಯುವುದು',100000,100000,NULL,NULL,'ಅನುದಾನ ಮಂಜೂರಾಗಿರುತ್ತದೆ. - Work Granted','ಕುಡಿಯುವ ನೀರು','','2019-04-10 09:32:23','2019-04-11 05:14:01',1),(25,1,27,'ಅಂತಯ್ಯನ ಮನೆ ಹತ್ತಿರ ಬೋರವೆಲ್‌ ನಿರ್ಮಾಣ',200000,200000,NULL,NULL,'ಅನುದಾನ ಮಂಜೂರಾಗಿರುತ್ತದೆ. - Work Granted','ಕುಡಿಯುವ ನೀರು','','2019-04-10 09:34:07','2019-04-11 05:14:16',1),(26,1,252,'ಶಿರಜ್ಕಿಮನೆ ಹತ್ತಿರ ಬೋರವೆಲ್‌ ನಿರ್ಮಾಣ',150000,150000,NULL,NULL,'ಅನುದಾನ ಮಂಜೂರಾಗಿರುತ್ತದೆ. - Work Granted','ಕುಡಿಯುವ ನೀರು','','2019-04-10 09:35:54','2019-04-11 05:14:31',1),(27,1,266,'ಶೇಡಬರಿ ಬೆಲೆಗದ್ದೆ ಆರ್.ಡಿ. ನಾಯ್ಕ ಮನೆಯವರೆಗೆ ಪೈಪಲೈನ ವಿಸ್ತರಣೆ',100000,100000,NULL,NULL,'ಅನುದಾನ ಮಂಜೂರಾಗಿರುತ್ತದೆ. - Work Granted','ಕುಡಿಯುವ ನೀರು','','2019-04-10 09:39:27','2019-04-11 05:14:46',1),(28,1,295,'ತಟ್ಟತಿಹಕ್ಕಲ ಭಜನಾ ಮಂದಿರದ ಹತ್ತಿರ ಕಿರುನೀರು ಸರಬರಾಜು ಯೋಜನೆಯ ಪೈಪಲೈನ ವಿಸ್ತರಣರಣೆ',150000,150000,NULL,NULL,'ಅನುದಾನ ಮಂಜೂರಾಗಿರುತ್ತದೆ. - Work Granted','ಕುಡಿಯುವ ನೀರು','','2019-04-10 09:42:42','2019-04-11 05:15:04',1),(29,1,83,'ಮಳ್ಳಿ ಯಾನೆ ಮಂಗಲಾ ಮಂಜುನಾಥ ನಾಯ್ಕ ಮನೆಯ ಹತ್ತಿರ ಸಾರ್ವಜನಿಕ ತೆರೆದ ಬಾವಿ ನಿರ್ಮಾಣ',100000,100000,NULL,NULL,'ಅನುದಾನ ಮಂಜೂರಾಗಿರುತ್ತದೆ. - Work Granted','ಕುಡಿಯುವ ನೀರು','','2019-04-10 09:44:26','2019-04-11 05:15:21',1),(30,1,306,'ಮಹಾಸತಿ ದೇವಸ್ಥಾನದ ಹತ್ತಿರ ಕಿರುನೀರು ಸರಬರಾಜು ಯೋಜನೆಯ ಕೊಳವೆ ಬಾವಿ ಕೊರೆದು ಪಂಪ ಅಳವಡಿಸುವುದು',150000,150000,NULL,NULL,'ಅನುದಾನ ಮಂಜೂರಾಗಿರುತ್ತದೆ. - Work Granted','ಕುಡಿಯುವ ನೀರು','','2019-04-10 09:46:08','2019-04-11 05:15:38',1),(31,1,299,'ಕಿರುನೀರು ಸರಬರಾಜು ಯೋಜನೆಯ ಕೊಳವೆ ಬಾವಿ ಕೊರೆದು ಪಂಪ ಅಳವಡಿಸುವುದು',135000,135000,NULL,NULL,'ಅನುದಾನ ಮಂಜೂರಾಗಿರುತ್ತದೆ. - Work Granted','ಕುಡಿಯುವ ನೀರು','','2019-04-10 09:47:53','2019-04-11 05:15:58',1),(32,1,3,'ಹಿರಿಯ ಪ್ರಾಥಮಿಕ ಶಾಲೆ ದೊಡ್ಡಬಲಸೆ ಯಲ್ಲಿ ದುರಸ್ಥಿ ಕಾಮಗಾರಿ',100000,100000,NULL,NULL,'ಅನುದಾನ ಮಂಜೂರಾಗಿರುತ್ತದೆ. - Work Granted','ಪ್ರಾಥಮಿಕ ಮತ್ತು ಪ್ರೌಡ ಶಾಲೆ ನಿರ್ಮಾಣ/ದುರಸ್ಥಿ','','2019-04-10 09:50:54','2019-04-11 05:16:13',1),(33,1,84,'ಹಿರಿಯ ಪ್ರಾಥಮಿಕ ಶಾಲೆ ಶಿರಾಲಿಯಲ್ಲಿ ದುರಸ್ಥಿ ಕಾಮಗಾರಿ',100000,100000,NULL,NULL,'ಅನುದಾನ ಮಂಜೂರಾಗಿರುತ್ತದೆ. - Work Granted','ಪ್ರಾಥಮಿಕ ಮತ್ತು ಪ್ರೌಡ ಶಾಲೆ ನಿರ್ಮಾಣ/ದುರಸ್ಥಿ','','2019-04-10 09:53:21','2019-04-11 05:16:31',1),(34,1,79,'ಹಿರಿಯ ಪ್ರಾಥಮಿಕ ಶಾಲೆ ಹರಿಜನಕೇರಿ ಯಲ್ಲಿ ದುರಸ್ಥಿ ಕಾಮಗಾರಿ',125000,124999,NULL,NULL,'ಅನುದಾನ ಮಂಜೂರಾಗಿರುತ್ತದೆ. - Work Granted','ಪ್ರಾಥಮಿಕ ಮತ್ತು ಪ್ರೌಡ ಶಾಲೆ ನಿರ್ಮಾಣ/ದುರಸ್ಥಿ','','2019-04-10 09:55:19','2019-04-11 05:16:46',1),(35,1,85,'ಹಿರಿಯ ಪ್ರಾಥಮಿಕ ಶಾಲೆ ಯಲ್ವಡಿಕವುರನಲ್ಲಿ ದುರಸ್ಥಿ ಕಾಮಗಾರಿ',100000,100000,NULL,NULL,'ಅನುದಾನ ಮಂಜೂರಾಗಿರುತ್ತದೆ. - Work Granted','ಪ್ರಾಥಮಿಕ ಮತ್ತು ಪ್ರೌಡ ಶಾಲೆ ನಿರ್ಮಾಣ/ದುರಸ್ಥಿ','','2019-04-10 09:57:04','2019-04-11 05:17:02',1),(36,1,25,'ಹಿರಿಯ ಪ್ರಾಥಮಿಕ ಶಾಲೆ ಹೊನ್ನೆಮಡಿಯಲ್ಲಿ ದುರಸ್ಥಿ ಕಾಮಗಾರಿ',100000,100000,NULL,NULL,'ಅನುದಾನ ಮಂಜೂರಾಗಿರುತ್ತದೆ. - Work Granted','ಪ್ರಾಥಮಿಕ ಮತ್ತು ಪ್ರೌಡ ಶಾಲೆ ನಿರ್ಮಾಣ/ದುರಸ್ಥಿ','','2019-04-10 09:59:04','2019-04-11 05:17:18',1),(37,1,289,'ಕಿರಿಯ ಪ್ರಾಥಮಿಕ ಶಾಲೆ ಜೋಗಿಮನೆಯಲ್ಲಿ ದುರಸ್ಥಿ ಕಾಮಗಾರಿ',100000,100000,NULL,NULL,'ಅನುದಾನ ಮಂಜೂರಾಗಿರುತ್ತದೆ. - Work Granted','ಪ್ರಾಥಮಿಕ ಮತ್ತು ಪ್ರೌಡ ಶಾಲೆ ನಿರ್ಮಾಣ/ದುರಸ್ಥಿ','','2019-04-10 10:00:26','2019-04-11 05:17:39',1),(38,1,221,'ಹಿರಿಯ ಪ್ರಾಥಮಿಕ ಶಾಲೆ ಬೆಟ್ಕೂರು ಕೊಪ್ಪದಲ್ಲಿ ದುರಸ್ಥಿ ಕಾಮಗಾರಿ',100000,100000,'2019-04-10','2019-04-10','ಅನುದಾನ ಮಂಜೂರಾಗಿರುತ್ತದೆ. - Work Granted','ಪ್ರಾಥಮಿಕ ಮತ್ತು ಪ್ರೌಡ ಶಾಲೆ ನಿರ್ಮಾಣ/ದುರಸ್ಥಿ','','2019-04-10 10:12:01','2019-04-10 10:12:01',1),(39,1,317,'ಹೊಯಿಗೆಹಳ್ಳ ರಾಜು ನಾಯ್ಕರ ಮನೆಯ ಹತ್ತಿರ ಕಿರುನೀರು ಸರಬರಾಜು ಯೋಜನೆಗೆ ಕೊಳವೆಬಾವಿ ಕೊರೆದು ಪಂಪ ಅಳವಡಿಸುವುದು ಮತ್ತು ಪೈಪಲೈನ ವಿಸ್ತರಣೆ',150000,150000,'2019-04-10','2019-04-10','ಅನುದಾನ ಮಂಜೂರಾಗಿರುತ್ತದೆ. - Work Granted','ಕುಡಿಯುವ ನೀರು','','2019-04-10 10:20:10','2019-04-10 10:20:10',1),(40,1,23,'ಮೊಗೇರಕೇರಿ ನೀರಿನ ಟ್ಯಾಂಕ ನಿಂದ ಶೋಟ್ಟಿಮನೆತನಕ ಕಿರು ನೀರು ಸರಬರಾಜು ಯೋಜನೆ ಪೈಪಲೈನ ದುರಸ್ಥಿ ಮತ್ತು ವಿಸ್ತರಣೆ',150000,150000,'2019-04-10','2019-04-10','ಅನುದಾನ ಮಂಜೂರಾಗಿರುತ್ತದೆ. - Work Granted','ಕುಡಿಯುವ ನೀರು','','2019-04-10 10:33:50','2019-04-10 10:33:50',1),(41,1,265,'ತೆರ್ನಮಕ್ಕಿ ಕಿರು ನೀರು ಸರಬರಾಜು ಯೋಜನೆ ಪೈಪಲೈನ ವಿಸ್ತರಣೆ',150000,150000,NULL,NULL,'ಅನುದಾನ ಮಂಜೂರಾಗಿರುತ್ತದೆ. - Work Granted','ಕುಡಿಯುವ ನೀರು','','2019-04-10 10:37:07','2019-04-11 05:26:24',1),(42,1,23,'ಬೋರವೆಲ ಕೊರೆದು ಪಂಪ ಅಳವಡಿಸುವುದು',150000,150000,NULL,NULL,'ಅನುದಾನ ಮಂಜೂರಾಗಿರುತ್ತದೆ. - Work Granted','ಕುಡಿಯುವ ನೀರು','','2019-04-10 10:38:21','2019-04-11 05:25:55',1),(43,1,261,'ಸ.ನಂ 118 ರಲ್ಲಿ ಬೋರವೆಲ್‌ ಕೊರೆದು ಪಂಪ ಅಳವಡಿಸುವುದು',150000,150000,NULL,NULL,'ಅನುದಾನ ಮಂಜೂರಾಗಿರುತ್ತದೆ. - Work Granted','ಕುಡಿಯುವ ನೀರು','','2019-04-10 10:40:09','2019-04-11 05:25:22',1),(44,1,319,'ಶಾಸಕರ ಮಾದರಿ ಶಾಲೆ ಸೋನಾರಕೇರಿ ದುರಸ್ಥಿ',100000,100000,NULL,NULL,'ಅನುದಾನ ಮಂಜೂರಾಗಿರುತ್ತದೆ. - Work Granted','ಪ್ರಾಥಮಿಕ ಮತ್ತು ಪ್ರೌಡ ಶಾಲೆ ನಿರ್ಮಾಣ/ದುರಸ್ಥಿ','','2019-04-11 05:21:45','2019-04-11 05:21:45',1),(45,1,287,'ಹಿರಿಯ ಪ್ರಾಥಮಿಕ ಶಾಲೆ ಕೊಡಸೂಳು ದುರಸ್ಥಿ',100000,100000,NULL,NULL,'ಅನುದಾನ ಮಂಜೂರಾಗಿರುತ್ತದೆ. - Work Granted','ಪ್ರಾಥಮಿಕ ಮತ್ತು ಪ್ರೌಡ ಶಾಲೆ ನಿರ್ಮಾಣ/ದುರಸ್ಥಿ','','2019-04-11 05:23:56','2019-04-11 05:23:56',1),(46,1,61,'ಹಿರಿಯ ಪ್ರಾಥಮಿಕ ಶಾಲೆ ತೆಂಗಿನಗುಂಡಿ ದುರಸ್ಥಿ',100000,100000,NULL,NULL,'ಅನುದಾನ ಮಂಜೂರಾಗಿರುತ್ತದೆ. - Work Granted','ಪ್ರಾಥಮಿಕ ಮತ್ತು ಪ್ರೌಡ ಶಾಲೆ ನಿರ್ಮಾಣ/ದುರಸ್ಥಿ','','2019-04-11 05:29:53','2019-04-11 05:29:53',1),(47,1,274,'ಹಿರಿಯ ಪ್ರಾಥಮಿಕ ಶಾಲೆ ಒಂದಲಸೆ ದುರಸ್ಥಿ',NULL,100000,NULL,NULL,'ಅನುದಾನ ಮಂಜೂರಾಗಿರುತ್ತದೆ. - Work Granted','ಪ್ರಾಥಮಿಕ ಮತ್ತು ಪ್ರೌಡ ಶಾಲೆ ನಿರ್ಮಾಣ/ದುರಸ್ಥಿ','','2019-04-11 05:31:31','2019-04-11 05:31:31',1),(48,1,80,'ಹಿರಿಯ ಪ್ರಾಥಮಿಕ ಶಾಲೆ ಮಾವಲ್ಳಿ-2 ದುರಸ್ಥಿ',150000,150000,NULL,NULL,'ಅನುದಾನ ಮಂಜೂರಾಗಿರುತ್ತದೆ. - Work Granted','ಪ್ರಾಥಮಿಕ ಮತ್ತು ಪ್ರೌಡ ಶಾಲೆ ನಿರ್ಮಾಣ/ದುರಸ್ಥಿ','','2019-04-11 05:32:39','2019-04-11 05:32:39',1),(49,1,275,'ಹಿರಿಯ ಪ್ರಾಥಮಿಕ ಶಾಲೆ ಕಟಗಾರಕೊಪ್ಪ ದುರಸ್ಥಿ',100000,100000,NULL,NULL,'ಅನುದಾನ ಮಂಜೂರಾಗಿರುತ್ತದೆ. - Work Granted','ಪ್ರಾಥಮಿಕ ಮತ್ತು ಪ್ರೌಡ ಶಾಲೆ ನಿರ್ಮಾಣ/ದುರಸ್ಥಿ','','2019-04-11 05:34:05','2019-04-11 05:34:05',1),(50,1,111,'ಹಿರಿಯ ಪ್ರಾಥಮಿಕ ಶಾಲೆ ಹಡೀಲ್ ದುರಸ್ಥಿ',NULL,100000,NULL,NULL,'ಅನುದಾನ ಮಂಜೂರಾಗಿರುತ್ತದೆ. - Work Granted','ಪ್ರಾಥಮಿಕ ಮತ್ತು ಪ್ರೌಡ ಶಾಲೆ ನಿರ್ಮಾಣ/ದುರಸ್ಥಿ','','2019-04-11 05:34:56','2019-04-11 05:34:56',1),(51,1,40,'ಹಲ್ಯಾಣಿಯಲ್ಲಿ ಅಂಗನವಾಡಿ ದುರಸ್ಥಿ',100000,100000,NULL,NULL,'ಅನುದಾನ ಮಂಜೂರಾಗಿರುತ್ತದೆ. - Work Granted','ಪ್ರಾಥಮಿಕ ಮತ್ತು ಪ್ರೌಡ ಶಾಲೆ ನಿರ್ಮಾಣ/ದುರಸ್ಥಿ','','2019-04-11 05:36:12','2019-04-11 05:36:12',1),(52,1,297,'ಚಿತ್ರಾಪುರ ಅಂಗನವಾಡಿ ದುರಸ್ಥಿ',75000,75000,NULL,NULL,'ಅನುದಾನ ಮಂಜೂರಾಗಿರುತ್ತದೆ. - Work Granted','ಪ್ರಾಥಮಿಕ ಮತ್ತು ಪ್ರೌಡ ಶಾಲೆ ನಿರ್ಮಾಣ/ದುರಸ್ಥಿ','','2019-04-11 05:37:05','2019-04-11 05:37:05',1),(53,1,30,'ಹಾಡುವಳ್ಳಿ ಅಂಗನವಾಡಿ ದುರಸ್ಥಿ',100000,100000,NULL,NULL,'ಅನುದಾನ ಮಂಜೂರಾಗಿರುತ್ತದೆ. - Work Granted','ಪ್ರಾಥಮಿಕ ಮತ್ತು ಪ್ರೌಡ ಶಾಲೆ ನಿರ್ಮಾಣ/ದುರಸ್ಥಿ','','2019-04-11 05:37:50','2019-04-11 05:37:50',1),(54,1,253,'ಕಾನಮದ್ಲು ಅಂಗನವಾಡಿ ದುರಸ್ಥಿ',100000,100000,NULL,NULL,'ಅನುದಾನ ಮಂಜೂರಾಗಿರುತ್ತದೆ. - Work Granted','ಪ್ರಾಥಮಿಕ ಮತ್ತು ಪ್ರೌಡ ಶಾಲೆ ನಿರ್ಮಾಣ/ದುರಸ್ಥಿ','','2019-04-11 05:38:44','2019-04-11 05:38:44',1),(55,1,83,'ಹಿರಿಯ ಪ್ರಾಥಮಿಕ ಶಾಲೆ ಮುಟ್ಟಳ್ಳಿ ದುರಸ್ಥಿ',100000,100000,NULL,NULL,'ಅನುದಾನ ಮಂಜೂರಾಗಿರುತ್ತದೆ. - Work Granted','ಪ್ರಾಥಮಿಕ ಮತ್ತು ಪ್ರೌಡ ಶಾಲೆ ನಿರ್ಮಾಣ/ದುರಸ್ಥಿ','','2019-04-11 05:39:51','2019-04-11 05:39:51',1),(56,1,64,'ಹಿರಿಯ ಪ್ರಾಥಮಿಕ ಶಾಲೆ ಗೊರ್ಟೆಕೇರಿ ದುರಸ್ಥಿ',100000,100000,NULL,NULL,'','ಪ್ರಾಥಮಿಕ ಮತ್ತು ಪ್ರೌಡ ಶಾಲೆ ನಿರ್ಮಾಣ/ದುರಸ್ಥಿ','','2019-04-11 05:41:13','2019-04-11 05:41:13',1),(57,1,262,'ಹಿರಿಯ ಪ್ರಾಥಮಿಕ ಶಾಲೆ ಮಾವಿನಕಟ್ಟಾ ದುರಸ್ಥಿ',100000,100000,NULL,NULL,'ಅನುದಾನ ಮಂಜೂರಾಗಿರುತ್ತದೆ. - Work Granted','ಪ್ರಾಥಮಿಕ ಮತ್ತು ಪ್ರೌಡ ಶಾಲೆ ನಿರ್ಮಾಣ/ದುರಸ್ಥಿ','','2019-04-11 05:42:27','2019-04-11 05:42:27',1),(58,1,117,'ಹಿರಿಯ ಪ್ರಾಥಮಿಕ ಶಾಲೆ ಕರಿಕಲ್ ದುರಸ್ಥಿ',NULL,100000,NULL,NULL,'ಅನುದಾನ ಮಂಜೂರಾಗಿರುತ್ತದೆ. - Work Granted','ಪ್ರಾಥಮಿಕ ಮತ್ತು ಪ್ರೌಡ ಶಾಲೆ ನಿರ್ಮಾಣ/ದುರಸ್ಥಿ','','2019-04-11 05:43:23','2019-04-11 05:43:23',1),(59,1,263,'ಹಿರಿಯ ಪ್ರಾಥಮಿಕ ಶಾಲೆ ಮಲ್ಲಾರಿ ದುರಸ್ಥಿ',100000,100000,NULL,NULL,'ಅನುದಾನ ಮಂಜೂರಾಗಿರುತ್ತದೆ. - Work Granted','ಪ್ರಾಥಮಿಕ ಮತ್ತು ಪ್ರೌಡ ಶಾಲೆ ನಿರ್ಮಾಣ/ದುರಸ್ಥಿ','','2019-04-11 05:44:18','2019-04-11 05:44:18',1),(60,1,290,'ಪಾವಣಿಹಿತ್ಲು ಅಂಗನವಾಡಿ ದುರಸ್ಥಿ',100000,100000,NULL,NULL,'ಅನುದಾನ ಮಂಜೂರಾಗಿರುತ್ತದೆ. - Work Granted','ಪ್ರಾಥಮಿಕ ಮತ್ತು ಪ್ರೌಡ ಶಾಲೆ ನಿರ್ಮಾಣ/ದುರಸ್ಥಿ','','2019-04-11 05:45:28','2019-04-11 05:45:28',1),(61,1,78,'ಮಾರುಕೇರಿ ಅಂಗನವಾಡಿ ದುರಸ್ಥಿ',100000,100000,NULL,NULL,'ಅನುದಾನ ಮಂಜೂರಾಗಿರುತ್ತದೆ. - Work Granted','ಪ್ರಾಥಮಿಕ ಮತ್ತು ಪ್ರೌಡ ಶಾಲೆ ನಿರ್ಮಾಣ/ದುರಸ್ಥಿ','','2019-04-11 05:46:35','2019-04-11 05:46:35',1),(62,1,32,'ಮೂಡಶಿರಾಲಿಯ ಅಂಗನವಾಡಿ ದುರಸ್ಥಿ',100000,100000,NULL,NULL,'ಅನುದಾನ ಮಂಜೂರಾಗಿರುತ್ತದೆ. - Work Granted','ಪ್ರಾಥಮಿಕ ಮತ್ತು ಪ್ರೌಡ ಶಾಲೆ ನಿರ್ಮಾಣ/ದುರಸ್ಥಿ','','2019-04-11 05:47:51','2019-04-11 05:47:51',1),(63,1,281,'ಕಿಸ್ಸಾರಮಕ್ಕಿ ಪ.ಜಾತಿ ಕಾಲೋನಿಯಲ್ಲಿ ಕಾಂಕ್ರೀಟ ರಸ್ತೆ ನಿರ್ಮಾಣ',500000,500000,NULL,NULL,'ಅನುದಾನ ಮಂಜೂರಾಗಿರುತ್ತದೆ. - Work Granted','ಪ.ಜಾತಿ ಮತ್ತು ಪಂಗಡಗಳ ಕಾಲೋನಿಯ ಅಭಿವೃದ್ಧಿ','','2019-04-11 05:49:54','2019-04-11 05:49:54',1),(64,1,268,'ಸಭತಿ ಪ.ಜಾತಿ ಕಾಲೋನಿಯಲ್ಲಿ ಕಾಂಕ್ರೀಟ ರಸ್ತೆ ನಿರ್ಮಾಣ',500000,500000,NULL,NULL,'ಅನುದಾನ ಮಂಜೂರಾಗಿರುತ್ತದೆ. - Work Granted','ಪ.ಜಾತಿ ಮತ್ತು ಪಂಗಡಗಳ ಕಾಲೋನಿಯ ಅಭಿವೃದ್ಧಿ','','2019-04-11 05:50:50','2019-04-11 05:50:50',1),(65,1,282,'ಬಾಕಡಕೇರಿ ಕಾಲೋನಿಯಲ್ಲಿ ಕಾಂಕ್ರೀಟ ರಸ್ತೆ ನಿರ್ಮಾಣ',500000,500000,NULL,NULL,'ಅನುದಾನ ಮಂಜೂರಾಗಿರುತ್ತದೆ. - Work Granted','ಪ.ಜಾತಿ ಮತ್ತು ಪಂಗಡಗಳ ಕಾಲೋನಿಯ ಅಭಿವೃದ್ಧಿ','','2019-04-11 05:52:09','2019-04-11 05:52:09',1),(66,1,320,'ಗುಮ್ಮನಹಕ್ಲು ಪ.ಜಾತಿ ಕಾಲೋನಿಯಲ್ಲಿ ಕಾಂಕ್ರೀಟ ರಸ್ತೆ ನಿರ್ಮಾಣ',500000,500000,NULL,NULL,'ಅನುದಾನ ಮಂಜೂರಾಗಿರುತ್ತದೆ. - Work Granted','ಪ.ಜಾತಿ ಮತ್ತು ಪಂಗಡಗಳ ಕಾಲೋನಿಯ ಅಭಿವೃದ್ಧಿ','','2019-04-11 05:55:37','2019-04-11 05:55:37',1),(67,1,254,'ನಾಗರಮನೆ ಪ.ಜಾತಿ ಕಾಲೋನಿಯಲ್ಲಿ ಕಾಂಕ್ರೀಟ ರಸ್ತೆ ನಿರ್ಮಾಣ',500000,500000,NULL,NULL,'ಅನುದಾನ ಮಂಜೂರಾಗಿರುತ್ತದೆ. - Work Granted','ಪ.ಜಾತಿ ಮತ್ತು ಪಂಗಡಗಳ ಕಾಲೋನಿಯ ಅಭಿವೃದ್ಧಿ','','2019-04-11 05:56:30','2019-04-11 05:56:30',1),(68,1,215,'ಅಳ್ವೆಕೋಡಿ ಪ.ಜಾತಿ ಕಾಲೋನಿಯಲ್ಲಿ ಕಾಂಕ್ರೀಟ ರಸ್ತೆ ನಿರ್ಮಾಣ',500000,500000,NULL,NULL,'ಅನುದಾನ ಮಂಜೂರಾಗಿರುತ್ತದೆ. - Work Granted','ಪ.ಜಾತಿ ಮತ್ತು ಪಂಗಡಗಳ ಕಾಲೋನಿಯ ಅಭಿವೃದ್ಧಿ','','2019-04-11 05:57:26','2019-04-11 05:57:26',1),(69,1,283,'ಸರಕಾರಿ ಹಿರಿಯ ಪ್ರಾಥಮಿಕ ಶಾಲೆ ಆರ್.ಸಿ.ಸಿ.ಸ್ಲ್ಯಾಬ ಮತ್ತು ಇತರೆ ದುರಸ್ಥಿ',150000,150000,NULL,NULL,'ಅನುದಾನ ಮಂಜೂರಾಗಿರುತ್ತದೆ. - Work Granted','ಪ್ರಾಥಮಿಕ ಮತ್ತು ಪ್ರೌಡ ಶಾಲೆ ನಿರ್ಮಾಣ/ದುರಸ್ಥಿ','','2019-04-11 05:59:25','2019-04-11 05:59:25',1),(70,1,267,'ಸರಕಾರಿ ಮಾದರಿ ಪ್ರಾಥಮಿಕ ಶಾಲೆ ಮೇಲ್ಚಾವಣಿ ಮತ್ತು ಇತರೆ ದುರಸ್ಥಿ',1500000,150000,NULL,NULL,'ಅನುದಾನ ಮಂಜೂರಾಗಿರುತ್ತದೆ. - Work Granted','ಪ್ರಾಥಮಿಕ ಮತ್ತು ಪ್ರೌಡ ಶಾಲೆ ನಿರ್ಮಾಣ/ದುರಸ್ಥಿ','','2019-04-11 06:00:59','2019-04-11 06:00:59',1),(71,1,269,'ಸರಕಾರಿ ಹಿರಿಯ ಪ್ರಾಥಮಿಕ ಶಾಲೆ ಮೇಲ್ಚಾವಣಿ ಮತ್ತು ಇತರೆ ದುರಸ್ಥಿ',150000,150000,NULL,NULL,'ಅನುದಾನ ಮಂಜೂರಾಗಿರುತ್ತದೆ. - Work Granted','ಪ್ರಾಥಮಿಕ ಮತ್ತು ಪ್ರೌಡ ಶಾಲೆ ನಿರ್ಮಾಣ/ದುರಸ್ಥಿ','','2019-04-11 06:01:46','2019-04-11 06:01:46',1),(72,1,264,'ಸರಕಾರಿ ಹಿರಿಯ ಪ್ರಾಥಮಿಕ ಶಾಲೆ ಮೇಲ್ಚಾವಣಿ ಮತ್ತು ಇತರೆ ದುರಸ್ಥಿ',150000,149999,NULL,NULL,'ಅನುದಾನ ಮಂಜೂರಾಗಿರುತ್ತದೆ. - Work Granted','ಪ್ರಾಥಮಿಕ ಮತ್ತು ಪ್ರೌಡ ಶಾಲೆ ನಿರ್ಮಾಣ/ದುರಸ್ಥಿ','','2019-04-11 06:03:09','2019-04-11 06:03:09',1),(73,1,84,'ಸರಕಾರಿ ಮಾದರಿ ಪ್ರಾಥಮಿಕ ಶಾಲೆ ಮೇಲ್ಚಾವಣಿ ಮತ್ತು ಇತರೆ ದುರಸ್ಥಿ',150000,150000,NULL,NULL,'ಅನುದಾನ ಮಂಜೂರಾಗಿರುತ್ತದೆ. - Work Granted','ಪ್ರಾಥಮಿಕ ಮತ್ತು ಪ್ರೌಡ ಶಾಲೆ ನಿರ್ಮಾಣ/ದುರಸ್ಥಿ','','2019-04-11 06:05:36','2019-04-11 06:05:36',1),(74,1,134,'ಸರಕಾರಿ ಹಿರಿಯ ಪ್ರಾಥಮಿಕ ಶಾಲೆ ಮೇಲ್ಚಾವಣಿ ಮತ್ತು ಇತರೆ ದುರಸ್ಥಿ',150000,150000,NULL,NULL,'ಅನುದಾನ ಮಂಜೂರಾಗಿರುತ್ತದೆ. - Work Granted','ಪ್ರಾಥಮಿಕ ಮತ್ತು ಪ್ರೌಡ ಶಾಲೆ ನಿರ್ಮಾಣ/ದುರಸ್ಥಿ','','2019-04-11 06:06:31','2019-04-11 06:06:31',1),(75,1,133,'ಸರಕಾರಿ ಹಿರಿಯ ಪ್ರಾಥಮಿಕ ಶಾಲೆ ಮೇಲ್ಚಾವಣಿ ಮತ್ತು ಇತರೆ ದುರಸ್ಥಿ',150000,150000,NULL,NULL,'ಅನುದಾನ ಮಂಜೂರಾಗಿರುತ್ತದೆ. - Work Granted','ಪ್ರಾಥಮಿಕ ಮತ್ತು ಪ್ರೌಡ ಶಾಲೆ ನಿರ್ಮಾಣ/ದುರಸ್ಥಿ','','2019-04-11 06:07:16','2019-04-11 06:07:16',1),(76,1,114,'ಸರಕಾರಿ ಹಿರಿಯ ಪ್ರಾಥಮಿಕ ಶಾಲೆ ಮೇಲ್ಚಾವಣಿ ಮತ್ತು ಇತರೆ ದುರಸ್ಥಿ',150000,150000,NULL,NULL,'ಅನುದಾನ ಮಂಜೂರಾಗಿರುತ್ತದೆ. - Work Granted','ಪ್ರಾಥಮಿಕ ಮತ್ತು ಪ್ರೌಡ ಶಾಲೆ ನಿರ್ಮಾಣ/ದುರಸ್ಥಿ','','2019-04-11 06:08:07','2019-04-11 06:08:07',1),(77,1,115,'ಸರಕಾರಿ ಕಿರಿಯ ಪ್ರಾಥಮಿಕ ಶಾಲೆ ಮೇಲ್ಚಾವಣಿ ಮತ್ತು ಇತರೆ ದುರಸ್ಥಿ',150000,150000,NULL,NULL,'ಅನುದಾನ ಮಂಜೂರಾಗಿರುತ್ತದೆ. - Work Granted','ಪ್ರಾಥಮಿಕ ಮತ್ತು ಪ್ರೌಡ ಶಾಲೆ ನಿರ್ಮಾಣ/ದುರಸ್ಥಿ','','2019-04-11 06:08:57','2019-04-11 06:08:57',1),(78,1,298,'ಸರಕಾರಿ ಹಿರಿಯ ಪ್ರಾಥಮಿಕ ಶಾಲೆ ಮೇಲ್ಚಾವಣಿ ಮತ್ತು ಇತರೆ ದುರಸ್ಥಿ',150000,150000,NULL,NULL,'ಅನುದಾನ ಮಂಜೂರಾಗಿರುತ್ತದೆ. - Work Granted','ಪ್ರಾಥಮಿಕ ಮತ್ತು ಪ್ರೌಡ ಶಾಲೆ ನಿರ್ಮಾಣ/ದುರಸ್ಥಿ','','2019-04-11 06:09:44','2019-04-11 06:09:44',1),(79,1,215,'ಸರಕಾರಿ ಹಿರಿಯ  ಪ್ರಾಥಮಿಕ ಶಾಲೆ ಮೇಲ್ಚಾವಣಿ ಮತ್ತು ಇತರೆ ದುರಸ್ಥಿ',150000,150000,NULL,NULL,'ಅನುದಾನ ಮಂಜೂರಾಗಿರುತ್ತದೆ. - Work Granted','ಪ್ರಾಥಮಿಕ ಮತ್ತು ಪ್ರೌಡ ಶಾಲೆ ನಿರ್ಮಾಣ/ದುರಸ್ಥಿ','','2019-04-11 06:20:14','2019-04-11 06:20:14',1),(80,1,262,'ಸರಕಾರಿ ಹಿರಿಯ ಪ್ರಾಥಮಿಕ ಶಾಲೆ ಮೇಲ್ಚಾವಣಿ ಮತ್ತು ಇತರೆ ದುರಸ್ಥಿ',150000,150000,NULL,NULL,'ಅನುದಾನ ಮಂಜೂರಾಗಿರುತ್ತದೆ. - Work Granted','ಪ್ರಾಥಮಿಕ ಮತ್ತು ಪ್ರೌಡ ಶಾಲೆ ನಿರ್ಮಾಣ/ದುರಸ್ಥಿ','','2019-04-11 06:21:29','2019-04-11 06:21:29',1),(81,1,46,'ಸರಕಾರಿ ಹಿರಿಯ ಪ್ರಾಥಮಿಕ ಶಾಲೆ ಮೇಲ್ಚಾವಣಿ ಮತ್ತು ಇತರೆ ದುರಸ್ಥಿ',150000,150000,NULL,NULL,'ಅನುದಾನ ಮಂಜೂರಾಗಿರುತ್ತದೆ. - Work Granted','ಪ್ರಾಥಮಿಕ ಮತ್ತು ಪ್ರೌಡ ಶಾಲೆ ನಿರ್ಮಾಣ/ದುರಸ್ಥಿ','','2019-04-11 06:22:37','2019-04-11 06:22:37',1),(82,1,76,'ಸರಕಾರಿ ಹಿರಿಯ ಪ್ರಾಥಮಿಕ ಶಾಲೆ ಮೇಲ್ಚಾವಣಿ ಮತ್ತು ಇತರೆ ದುರಸ್ಥಿ',150000,150000,NULL,NULL,'ಅನುದಾನ ಮಂಜೂರಾಗಿರುತ್ತದೆ. - Work Granted','ಪ್ರಾಥಮಿಕ ಮತ್ತು ಪ್ರೌಡ ಶಾಲೆ ನಿರ್ಮಾಣ/ದುರಸ್ಥಿ','','2019-04-11 06:23:32','2019-04-11 06:23:32',1),(83,1,130,'ಸರಕಾರಿ ಹಿರಿಯ ಪ್ರಾಥಮಿಕ ಶಾಲೆ ಮೇಲ್ಚಾವಣಿ ಮತ್ತು ಇತರೆ ದುರಸ್ಥಿ',150000,150000,NULL,NULL,'ಅನುದಾನ ಮಂಜೂರಾಗಿರುತ್ತದೆ. - Work Granted','ಪ್ರಾಥಮಿಕ ಮತ್ತು ಪ್ರೌಡ ಶಾಲೆ ನಿರ್ಮಾಣ/ದುರಸ್ಥಿ','','2019-04-11 06:24:36','2019-04-11 06:24:36',1),(84,1,124,'ಸರಕಾರಿ ಕಿರಿಯ ಪ್ರಾಥಮಿಕ ಶಾಲೆ ಮೇಲ್ಚಾವಣಿ ಮತ್ತು ಇತರೆ ದುರಸ್ಥಿ',NULL,150000,NULL,NULL,'ಅನುದಾನ ಮಂಜೂರಾಗಿರುತ್ತದೆ. - Work Granted','ಪ್ರಾಥಮಿಕ ಮತ್ತು ಪ್ರೌಡ ಶಾಲೆ ನಿರ್ಮಾಣ/ದುರಸ್ಥಿ','','2019-04-11 06:25:33','2019-04-11 06:25:33',1),(85,1,123,'ಸರಕಾರಿ ಹಿರಿಯ ಪ್ರಾಥಮಿಕ ಶಾಲೆ ಮೇಲ್ಚಾವಣಿ ಮತ್ತು ಇತರೆ ದುರಸ್ಥಿ',150000,150000,NULL,NULL,'ಅನುದಾನ ಮಂಜೂರಾಗಿರುತ್ತದೆ. - Work Granted','ಪ್ರಾಥಮಿಕ ಮತ್ತು ಪ್ರೌಡ ಶಾಲೆ ನಿರ್ಮಾಣ/ದುರಸ್ಥಿ','','2019-04-11 06:26:21','2019-04-11 06:26:21',1),(86,1,86,'ಸರಕಾರಿ ಹಿರಿಯ ಪ್ರಾಥಮಿಕ ಶಾಲೆ ಮೇಲ್ಚಾವಣಿ ಮತ್ತು ಇತರೆ ದುರಸ್ಥಿ',150000,150000,NULL,NULL,'ಅನುದಾನ ಮಂಜೂರಾಗಿರುತ್ತದೆ. - Work Granted','ಪ್ರಾಥಮಿಕ ಮತ್ತು ಪ್ರೌಡ ಶಾಲೆ ನಿರ್ಮಾಣ/ದುರಸ್ಥಿ','','2019-04-11 06:28:41','2019-04-11 06:28:41',1),(87,1,86,'ಸರಕಾರಿ ಹಿರಿಯ ಪ್ರಾಥಮಿಕ ಹೆಣ್ಣುಮಕ್ಕಳ ಶಾಲೆ ಮೇಲ್ಚಾವಣಿ ಮತ್ತು ಇತರೆ ದುರಸ್ಥಿ',150000,149995,NULL,NULL,'ಅನುದಾನ ಮಂಜೂರಾಗಿರುತ್ತದೆ. - Work Granted','ಪ್ರಾಥಮಿಕ ಮತ್ತು ಪ್ರೌಡ ಶಾಲೆ ನಿರ್ಮಾಣ/ದುರಸ್ಥಿ','','2019-04-11 06:29:52','2019-04-11 06:29:52',1),(88,1,319,'ಶಾಸಕರ ಮಾದರಿ ಹಿರಿಯ ಪ್ರಾಥಮಿಕ ಶಾಲೆ ಮೇಲ್ಚಾವಣಿ ಮತ್ತು ಇತರೆ ದುರಸ್ಥಿ',150000,150000,NULL,NULL,'ಅನುದಾನ ಮಂಜೂರಾಗಿರುತ್ತದೆ. - Work Granted','ಪ್ರಾಥಮಿಕ ಮತ್ತು ಪ್ರೌಡ ಶಾಲೆ ನಿರ್ಮಾಣ/ದುರಸ್ಥಿ','','2019-04-11 06:31:31','2019-04-11 06:31:31',1),(89,1,82,'ಸರಕಾರಿ ಹಿರಿಯ ಪ್ರಾಥಮಿಕ ಶಾಲೆ ಮೇಲ್ಚಾವಣಿ ಮತ್ತು ಇತರೆ ದುರಸ್ಥಿ',150000,150000,NULL,NULL,'ಅನುದಾನ ಮಂಜೂರಾಗಿರುತ್ತದೆ. - Work Granted','ಪ್ರಾಥಮಿಕ ಮತ್ತು ಪ್ರೌಡ ಶಾಲೆ ನಿರ್ಮಾಣ/ದುರಸ್ಥಿ','','2019-04-11 06:40:47','2019-04-11 06:40:47',1),(90,1,291,'ಸರಕಾರಿ ಹಿರಿಯ ಪ್ರಾಥಮಿಕ ಶಾಲೆ ಮೇಲ್ಚಾವಣಿ ಮತ್ತು ಇತರೆ ದುರಸ್ಥಿ',150000,150000,NULL,NULL,'ಅನುದಾನ ಮಂಜೂರಾಗಿರುತ್ತದೆ. - Work Granted','ಪ್ರಾಥಮಿಕ ಮತ್ತು ಪ್ರೌಡ ಶಾಲೆ ನಿರ್ಮಾಣ/ದುರಸ್ಥಿ','','2019-04-11 06:41:36','2019-04-11 06:41:36',1),(91,1,293,'ಸರಕಾರಿ ಹಿರಿಯ ಪ್ರಾಥಮಿಕ ಶಾಲೆ ಮೇಲ್ಚಾವಣಿ ಮತ್ತು ಇತರೆ ದುರಸ್ಥಿ',150000,150000,NULL,NULL,'ಅನುದಾನ ಮಂಜೂರಾಗಿರುತ್ತದೆ. - Work Granted','ಪ್ರಾಥಮಿಕ ಮತ್ತು ಪ್ರೌಡ ಶಾಲೆ ನಿರ್ಮಾಣ/ದುರಸ್ಥಿ','','2019-04-11 06:42:50','2019-04-11 06:42:50',1),(92,1,126,'ಸರಕಾರಿ ಹಿರಿಯ ಪ್ರಾಥಮಿಕ ಶಾಲೆ ಮೇಲ್ಚಾವಣಿ ಮತ್ತು ಇತರೆ ದುರಸ್ಥಿ',150000,150000,NULL,NULL,'ಅನುದಾನ ಮಂಜೂರಾಗಿರುತ್ತದೆ. - Work Granted','ಪ್ರಾಥಮಿಕ ಮತ್ತು ಪ್ರೌಡ ಶಾಲೆ ನಿರ್ಮಾಣ/ದುರಸ್ಥಿ','','2019-04-11 06:43:46','2019-04-11 06:43:46',1),(93,1,85,'ಸರಕಾರಿ ಹಿರಿಯ ಪ್ರಾಥಮಿಕ ಶಾಲೆ ಮೇಲ್ಚಾವಣಿ ಮತ್ತು ಇತರೆ ದುರಸ್ಥಿ',100000,100000,NULL,NULL,'ಅನುದಾನ ಮಂಜೂರಾಗಿರುತ್ತದೆ. - Work Granted','ಪ್ರಾಥಮಿಕ ಮತ್ತು ಪ್ರೌಡ ಶಾಲೆ ನಿರ್ಮಾಣ/ದುರಸ್ಥಿ','','2019-04-11 06:44:31','2019-04-11 06:44:31',1),(94,1,24,'ಸರಕಾರಿ ಹಿರಿಯ ಪ್ರಾಥಮಿಕ ಶಾಲೆ ಮೇಲ್ಚಾವಣಿ ಮತ್ತು ಇತರೆ ದುರಸ್ಥಿ',100000,100000,NULL,NULL,'ಅನುದಾನ ಮಂಜೂರಾಗಿರುತ್ತದೆ. - Work Granted','ಪ್ರಾಥಮಿಕ ಮತ್ತು ಪ್ರೌಡ ಶಾಲೆ ನಿರ್ಮಾಣ/ದುರಸ್ಥಿ','','2019-04-11 06:46:36','2019-04-11 06:46:36',1),(95,1,119,'ಸರಕಾರಿ ಹಿರಿಯ ಪ್ರಾಥಮಿಕ ಶಾಲೆ ಮೇಲ್ಚಾವಣಿ ಮತ್ತು ಇತರೆ ದುರಸ್ಥಿ',150000,150000,NULL,NULL,'ಅನುದಾನ ಮಂಜೂರಾಗಿರುತ್ತದೆ. - Work Granted','ಪ್ರಾಥಮಿಕ ಮತ್ತು ಪ್ರೌಡ ಶಾಲೆ ನಿರ್ಮಾಣ/ದುರಸ್ಥಿ','','2019-04-11 06:47:23','2019-04-11 06:47:23',1),(96,1,299,'ಸರಕಾರಿ ಹಿರಿಯ ಪ್ರಾಥಮಿಕ ಶಾಲೆ ಮೇಲ್ಚಾವಣಿ ಮತ್ತು ಇತರೆ ದುರಸ್ಥಿ',150000,150000,NULL,NULL,'ಅನುದಾನ ಮಂಜೂರಾಗಿರುತ್ತದೆ. - Work Granted','ಪ್ರಾಥಮಿಕ ಮತ್ತು ಪ್ರೌಡ ಶಾಲೆ ನಿರ್ಮಾಣ/ದುರಸ್ಥಿ','','2019-04-11 06:48:06','2019-04-11 06:48:06',1),(97,1,322,'ಸರಕಾರಿ ಹಿರಿಯ ಪ್ರಾಥಮಿಕ ಶಾಲೆ ಮೇಲ್ಚಾವಣಿ ಮತ್ತು ಇತರೆ ದುರಸ್ಥಿ',150000,150000,NULL,NULL,'ಅನುದಾನ ಮಂಜೂರಾಗಿರುತ್ತದೆ. - Work Granted','ಪ್ರಾಥಮಿಕ ಮತ್ತು ಪ್ರೌಡ ಶಾಲೆ ನಿರ್ಮಾಣ/ದುರಸ್ಥಿ','','2019-04-11 06:50:40','2019-04-11 06:50:40',1),(98,1,117,'ಸರಕಾರಿ ಹಿರಿಯ ಪ್ರಾಥಮಿಕ ಶಾಲೆ ಮೇಲ್ಚಾವಣಿ ಮತ್ತು ಇತರೆ ದುರಸ್ಥಿ',150000,150000,NULL,NULL,'ಅನುದಾನ ಮಂಜೂರಾಗಿರುತ್ತದೆ. - Work Granted','ಪ್ರಾಥಮಿಕ ಮತ್ತು ಪ್ರೌಡ ಶಾಲೆ ನಿರ್ಮಾಣ/ದುರಸ್ಥಿ','','2019-04-11 06:51:30','2019-04-11 06:51:30',1),(99,1,43,'ಸರಕಾರಿ ಕಿರಿಯ ಪ್ರಾಥಮಿಕ ಶಾಲೆ ಮೇಲ್ಚಾವಣಿ ಮತ್ತು ಇತರೆ ದುರಸ್ಥಿ',150000,149999,NULL,NULL,'ಅನುದಾನ ಮಂಜೂರಾಗಿರುತ್ತದೆ. - Work Granted','ಪ್ರಾಥಮಿಕ ಮತ್ತು ಪ್ರೌಡ ಶಾಲೆ ನಿರ್ಮಾಣ/ದುರಸ್ಥಿ','','2019-04-11 06:52:14','2019-04-11 06:52:14',1),(100,1,300,'ಸರಕಾರಿ ಹಿರಿಯ ಪ್ರಾಥಮಿಕ ಶಾಲೆ ಮೇಲ್ಚಾವಣಿ ಮತ್ತು ಇತರೆ ದುರಸ್ಥಿ',150000,150000,NULL,NULL,'ಅನುದಾನ ಮಂಜೂರಾಗಿರುತ್ತದೆ. - Work Granted','ಪ್ರಾಥಮಿಕ ಮತ್ತು ಪ್ರೌಡ ಶಾಲೆ ನಿರ್ಮಾಣ/ದುರಸ್ಥಿ','','2019-04-11 06:52:58','2019-04-11 06:52:58',1),(101,1,75,'ಸರಕಾರಿ ಹಿರಿಯ ಪ್ರಾಥಮಿಕ ಶಾಲೆ ಮೇಲ್ಚಾವಣಿ ಮತ್ತು ಇತರೆ ದುರಸ್ಥಿ',150000,150000,NULL,NULL,'ಅನುದಾನ ಮಂಜೂರಾಗಿರುತ್ತದೆ. - Work Granted','ಪ್ರಾಥಮಿಕ ಮತ್ತು ಪ್ರೌಡ ಶಾಲೆ ನಿರ್ಮಾಣ/ದುರಸ್ಥಿ','','2019-04-11 06:53:39','2019-04-11 06:53:39',1),(102,1,221,'ಸರಕಾರಿ ಹಿರಿಯ ಪ್ರಾಥಮಿಕ ಶಾಲೆ ಮೇಲ್ಚಾವಣಿ ಮತ್ತು ಇತರೆ ದುರಸ್ಥಿ',150000,150000,NULL,NULL,'ಅನುದಾನ ಮಂಜೂರಾಗಿರುತ್ತದೆ. - Work Granted','ಪ್ರಾಥಮಿಕ ಮತ್ತು ಪ್ರೌಡ ಶಾಲೆ ನಿರ್ಮಾಣ/ದುರಸ್ಥಿ','','2019-04-11 06:54:25','2019-04-11 06:54:25',1),(103,1,12,'ಸರಕಾರಿ ಹಿರಿಯ ಪ್ರಾಥಮಿಕ ಶಾಲೆ ಮೇಲ್ಚಾವಣಿ ಮತ್ತು ಇತರೆ ದುರಸ್ಥಿ',150000,150000,NULL,NULL,'ಅನುದಾನ ಮಂಜೂರಾಗಿರುತ್ತದೆ. - Work Granted','ಪ್ರಾಥಮಿಕ ಮತ್ತು ಪ್ರೌಡ ಶಾಲೆ ನಿರ್ಮಾಣ/ದುರಸ್ಥಿ','','2019-04-11 06:55:08','2019-04-11 06:55:08',1),(104,1,307,'ಸರಕಾರಿ ಕಿರಿಯ ಪ್ರಾಥಮಿಕ ಶಾಲೆ ಮೇಲ್ಚಾವಣಿ ಮತ್ತು ಇತರೆ ದುರಸ್ಥಿ',150000,150000,NULL,NULL,'ಅನುದಾನ ಮಂಜೂರಾಗಿರುತ್ತದೆ. - Work Granted','ಪ್ರಾಥಮಿಕ ಮತ್ತು ಪ್ರೌಡ ಶಾಲೆ ನಿರ್ಮಾಣ/ದುರಸ್ಥಿ','','2019-04-11 06:56:28','2019-04-11 06:56:28',1),(105,1,276,'ಸರಕಾರಿ ಕಿರಿಯ ಪ್ರಾಥಮಿಕ ಶಾಲೆ ಮೇಲ್ಚಾವಣಿ ಮತ್ತು ಇತರೆ ದುರಸ್ಥಿ',150000,150000,NULL,NULL,'ಅನುದಾನ ಮಂಜೂರಾಗಿರುತ್ತದೆ. - Work Granted','ಪ್ರಾಥಮಿಕ ಮತ್ತು ಪ್ರೌಡ ಶಾಲೆ ನಿರ್ಮಾಣ/ದುರಸ್ಥಿ','','2019-04-11 06:57:15','2019-04-11 06:57:15',1),(106,1,270,'ಸರಕಾರಿ ಕಿರಿಯ ಪ್ರಾಥಮಿಕ ಶಾಲೆ ಮೇಲ್ಚಾವಣಿ ಮತ್ತು ಇತರೆ ದುರಸ್ಥಿ',150000,150000,NULL,NULL,'ಅನುದಾನ ಮಂಜೂರಾಗಿರುತ್ತದೆ. - Work Granted','ಪ್ರಾಥಮಿಕ ಮತ್ತು ಪ್ರೌಡ ಶಾಲೆ ನಿರ್ಮಾಣ/ದುರಸ್ಥಿ','','2019-04-11 06:58:13','2019-04-11 06:58:13',1),(107,1,50,'ಸರಕಾರಿ ಕಿರಿಯ ಪ್ರಾಥಮಿಕ ಶಾಲೆ ಮೇಲ್ಚಾವಣಿ ಮತ್ತು ಇತರೆ ದುರಸ್ಥಿ',150000,150000,NULL,NULL,'ಅನುದಾನ ಮಂಜೂರಾಗಿರುತ್ತದೆ. - Work Granted','ಪ್ರಾಥಮಿಕ ಮತ್ತು ಪ್ರೌಡ ಶಾಲೆ ನಿರ್ಮಾಣ/ದುರಸ್ಥಿ','','2019-04-11 06:59:00','2019-04-11 06:59:00',1),(108,1,295,'ಸರಕಾರಿ ಹಿರಿಯ ಪ್ರಾಥಮಿಕ ಶಾಲೆ ಮೇಲ್ಚಾವಣಿ ಮತ್ತು ಇತರೆ ದುರಸ್ಥಿ',150000,150000,NULL,NULL,'ಅನುದಾನ ಮಂಜೂರಾಗಿರುತ್ತದೆ. - Work Granted','ಪ್ರಾಥಮಿಕ ಮತ್ತು ಪ್ರೌಡ ಶಾಲೆ ನಿರ್ಮಾಣ/ದುರಸ್ಥಿ','','2019-04-11 06:59:48','2019-04-11 06:59:48',1),(109,1,128,'ಸರಕಾರಿ ಹಿರಿಯ ಪ್ರಾಥಮಿಕ ಶಾಲೆ ಮೇಲ್ಚಾವಣಿ ಮತ್ತು ಇತರೆ ದುರಸ್ಥಿ',150000,150000,NULL,NULL,'ಅನುದಾನ ಮಂಜೂರಾಗಿರುತ್ತದೆ. - Work Granted','ಪ್ರಾಥಮಿಕ ಮತ್ತು ಪ್ರೌಡ ಶಾಲೆ ನಿರ್ಮಾಣ/ದುರಸ್ಥಿ','','2019-04-11 07:00:34','2019-04-11 07:00:34',1),(110,1,255,'ಸರಕಾರಿ ಕಿರಿಯ ಪ್ರಾಥಮಿಕ ಶಾಲೆ ಮೇಲ್ಚಾವಣಿ ಮತ್ತು ಇತರೆ ದುರಸ್ಥಿ',150000,150000,NULL,NULL,'ಅನುದಾನ ಮಂಜೂರಾಗಿರುತ್ತದೆ. - Work Granted','ಪ್ರಾಥಮಿಕ ಮತ್ತು ಪ್ರೌಡ ಶಾಲೆ ನಿರ್ಮಾಣ/ದುರಸ್ಥಿ','','2019-04-11 07:21:49','2019-04-11 08:36:11',1),(111,1,284,'ಸರಕಾರಿ ಹಿರಿಯ ಪ್ರಾಥಮಿಕ ಶಾಲೆ ಮೇಲ್ಚಾವಣಿ ಮತ್ತು ಇತರೆ ದುರಸ್ಥಿ',150000,150000,NULL,NULL,'ಅನುದಾನ ಮಂಜೂರಾಗಿರುತ್ತದೆ. - Work Granted','ಪ್ರಾಥಮಿಕ ಮತ್ತು ಪ್ರೌಡ ಶಾಲೆ ನಿರ್ಮಾಣ/ದುರಸ್ಥಿ','','2019-04-11 08:37:32','2019-04-11 08:37:32',1),(112,1,287,'ಸರಕಾರಿ ಹಿರಿಯ ಪ್ರಾಥಮಿಕ ಶಾಲೆ ಮೇಲ್ಚಾವಣಿ ಮತ್ತು ಇತರೆ ದುರಸ್ಥಿ',150000,150000,NULL,NULL,'ಅನುದಾನ ಮಂಜೂರಾಗಿರುತ್ತದೆ. - Work Granted','ಪ್ರಾಥಮಿಕ ಮತ್ತು ಪ್ರೌಡ ಶಾಲೆ ನಿರ್ಮಾಣ/ದುರಸ್ಥಿ','','2019-04-11 08:38:27','2019-04-11 08:38:27',1),(113,1,61,'ಸರಕಾರಿ ಹಿರಿಯ ಪ್ರಾಥಮಿಕ  ಉರ್ದುಶಾಲೆ ಮೇಲ್ಚಾವಣಿ ಮತ್ತು ಇತರೆ ದುರಸ್ಥಿ',150000,150000,NULL,NULL,'ಅನುದಾನ ಮಂಜೂರಾಗಿರುತ್ತದೆ. - Work Granted','ಪ್ರಾಥಮಿಕ ಮತ್ತು ಪ್ರೌಡ ಶಾಲೆ ನಿರ್ಮಾಣ/ದುರಸ್ಥಿ','','2019-04-11 08:39:25','2019-04-11 08:39:25',1),(114,1,69,'ಸರಕಾರಿ ಹಿರಿಯ ಪ್ರಾಥಮಿಕ ಶಾಲೆ ಮೇಲ್ಚಾವಣಿ ಮತ್ತು ಇತರೆ ದುರಸ್ಥಿ',150000,150000,NULL,NULL,'ಅನುದಾನ ಮಂಜೂರಾಗಿರುತ್ತದೆ. - Work Granted','ಪ್ರಾಥಮಿಕ ಮತ್ತು ಪ್ರೌಡ ಶಾಲೆ ನಿರ್ಮಾಣ/ದುರಸ್ಥಿ','','2019-04-11 08:40:18','2019-04-11 08:40:18',1),(115,1,42,'ಸರಕಾರಿ ಕಿರಿಯ ಪ್ರಾಥಮಿಕ ಶಾಲೆ ಮೇಲ್ಚಾವಣಿ ಮತ್ತು ಇತರೆ ದುರಸ್ಥಿ',150000,150000,NULL,NULL,'ಅನುದಾನ ಮಂಜೂರಾಗಿರುತ್ತದೆ. - Work Granted','ಪ್ರಾಥಮಿಕ ಮತ್ತು ಪ್ರೌಡ ಶಾಲೆ ನಿರ್ಮಾಣ/ದುರಸ್ಥಿ','','2019-04-11 08:41:02','2019-04-11 08:41:02',1),(116,1,44,'ಸರಕಾರಿ ಕಿರಿಯ ಪ್ರಾಥಮಿಕ ಶಾಲೆ ಮೇಲ್ಚಾವಣಿ ಮತ್ತು ಇತರೆ ದುರಸ್ಥಿ',150000,150000,NULL,NULL,'ಅನುದಾನ ಮಂಜೂರಾಗಿರುತ್ತದೆ. - Work Granted','ಪ್ರಾಥಮಿಕ ಮತ್ತು ಪ್ರೌಡ ಶಾಲೆ ನಿರ್ಮಾಣ/ದುರಸ್ಥಿ','','2019-04-11 08:41:44','2019-04-11 08:41:44',1),(117,1,301,'ಸರಕಾರಿ ಕಿರಿಯ ಪ್ರಾಥಮಿಕ ಶಾಲೆ ಮೇಲ್ಚಾವಣಿ ಮತ್ತು ಇತರೆ ದುರಸ್ಥಿ',150000,150000,NULL,NULL,'ಅನುದಾನ ಮಂಜೂರಾಗಿರುತ್ತದೆ. - Work Granted','ಪ್ರಾಥಮಿಕ ಮತ್ತು ಪ್ರೌಡ ಶಾಲೆ ನಿರ್ಮಾಣ/ದುರಸ್ಥಿ','','2019-04-11 08:42:38','2019-04-11 08:42:38',1),(118,1,277,'ಸರಕಾರಿ ಕಿರಿಯ ಪ್ರಾಥಮಿಕ ಶಾಲೆ ಮೇಲ್ಚಾವಣಿ ಮತ್ತು ಇತರೆ ದುರಸ್ಥಿ',150000,150000,NULL,NULL,'ಅನುದಾನ ಮಂಜೂರಾಗಿರುತ್ತದೆ. - Work Granted','ಪ್ರಾಥಮಿಕ ಮತ್ತು ಪ್ರೌಡ ಶಾಲೆ ನಿರ್ಮಾಣ/ದುರಸ್ಥಿ','','2019-04-11 08:43:25','2019-04-11 08:43:25',1),(119,1,279,'ಸರಕಾರಿ ಕಿರಿಯ ಪ್ರಾಥಮಿಕ ಶಾಲೆ ಮೇಲ್ಚಾವಣಿ ಮತ್ತು ಇತರೆ ದುರಸ್ಥಿ',150000,150000,NULL,NULL,'ಅನುದಾನ ಮಂಜೂರಾಗಿರುತ್ತದೆ. - Work Granted','ಪ್ರಾಥಮಿಕ ಮತ್ತು ಪ್ರೌಡ ಶಾಲೆ ನಿರ್ಮಾಣ/ದುರಸ್ಥಿ','','2019-04-11 08:44:28','2019-04-11 08:44:28',1),(120,1,285,'ಸರಕಾರಿ ಕಿರಿಯ ಪ್ರಾಥಮಿಕ ಶಾಲೆ ಮೇಲ್ಚಾವಣಿ ಮತ್ತು ಇತರೆ ದುರಸ್ಥಿ',150000,150000,NULL,NULL,'ಅನುದಾನ ಮಂಜೂರಾಗಿರುತ್ತದೆ. - Work Granted','ಪ್ರಾಥಮಿಕ ಮತ್ತು ಪ್ರೌಡ ಶಾಲೆ ನಿರ್ಮಾಣ/ದುರಸ್ಥಿ','','2019-04-11 08:46:06','2019-04-11 08:46:06',1),(121,1,288,'ಸರಕಾರಿ ಕಿರಿಯ ಪ್ರಾಥಮಿಕ ಶಾಲೆ ಮೇಲ್ಚಾವಣಿ ಮತ್ತು ಇತರೆ ದುರಸ್ಥಿ',150000,150000,NULL,NULL,'ಅನುದಾನ ಮಂಜೂರಾಗಿರುತ್ತದೆ. - Work Granted','ಪ್ರಾಥಮಿಕ ಮತ್ತು ಪ್ರೌಡ ಶಾಲೆ ನಿರ್ಮಾಣ/ದುರಸ್ಥಿ','','2019-04-11 08:49:03','2019-04-11 08:49:03',1),(122,1,271,'ಸರಕಾರಿ ಕಿರಿಯ ಪ್ರಾಥಮಿಕ ಶಾಲೆ ಮೇಲ್ಚಾವಣಿ ಮತ್ತು ಇತರೆ ದುರಸ್ಥಿ',150000,150000,NULL,NULL,'ಅನುದಾನ ಮಂಜೂರಾಗಿರುತ್ತದೆ. - Work Granted','ಪ್ರಾಥಮಿಕ ಮತ್ತು ಪ್ರೌಡ ಶಾಲೆ ನಿರ್ಮಾಣ/ದುರಸ್ಥಿ','','2019-04-11 08:49:54','2019-04-11 08:49:54',1),(123,1,112,'ಸರಕಾರಿ ಕಿರಿಯ ಪ್ರಾಥಮಿಕ ಶಾಲೆ ಮೇಲ್ಚಾವಣಿ ಮತ್ತು ಇತರೆ ದುರಸ್ಥಿ',150000,150000,NULL,NULL,'ಅನುದಾನ ಮಂಜೂರಾಗಿರುತ್ತದೆ. - Work Granted','ಪ್ರಾಥಮಿಕ ಮತ್ತು ಪ್ರೌಡ ಶಾಲೆ ನಿರ್ಮಾಣ/ದುರಸ್ಥಿ','','2019-04-11 08:50:52','2019-04-11 08:54:19',1),(124,1,302,'ಸರಕಾರಿ ಕಿರಿಯ ಪ್ರಾಥಮಿಕ ಶಾಲೆ ಮೇಲ್ಚಾವಣಿ ಮತ್ತು ಇತರೆ ದುರಸ್ಥಿ',100000,100000,NULL,NULL,'ಅನುದಾನ ಮಂಜೂರಾಗಿರುತ್ತದೆ. - Work Granted','ಪ್ರಾಥಮಿಕ ಮತ್ತು ಪ್ರೌಡ ಶಾಲೆ ನಿರ್ಮಾಣ/ದುರಸ್ಥಿ','','2019-04-11 09:03:57','2019-04-11 09:03:57',1),(125,1,272,'ಸರಕಾರಿ ಕಿರಿಯ ಪ್ರಾಥಮಿಕ ಶಾಲೆ ಮೇಲ್ಚಾವಣಿ ಮತ್ತು ಇತರೆ ದುರಸ್ಥಿ',100000,100000,NULL,NULL,'ಅನುದಾನ ಮಂಜೂರಾಗಿರುತ್ತದೆ. - Work Granted','ಪ್ರಾಥಮಿಕ ಮತ್ತು ಪ್ರೌಡ ಶಾಲೆ ನಿರ್ಮಾಣ/ದುರಸ್ಥಿ','','2019-04-11 09:05:20','2019-04-11 09:05:20',1),(126,1,253,'ಸರಕಾರಿ ಹಿರಿಯ ಪ್ರಾಥಮಿಕ ಶಾಲೆ ಮೇಲ್ಚಾವಣಿ ಮತ್ತು ಇತರೆ ದುರಸ್ಥಿ',100000,99999,NULL,NULL,'ಅನುದಾನ ಮಂಜೂರಾಗಿರುತ್ತದೆ. - Work Granted','ಪ್ರಾಥಮಿಕ ಮತ್ತು ಪ್ರೌಡ ಶಾಲೆ ನಿರ್ಮಾಣ/ದುರಸ್ಥಿ','','2019-04-11 09:18:14','2019-04-11 09:18:14',1),(127,1,256,'ಸರಕಾರಿ ಹಿರಿಯ ಪ್ರಾಥಮಿಕ ಶಾಲೆ ಮೇಲ್ಚಾವಣಿ ಮತ್ತು ಇತರೆ ದುರಸ್ಥಿ',150000,150000,NULL,NULL,'ಅನುದಾನ ಮಂಜೂರಾಗಿರುತ್ತದೆ. - Work Granted','ಪ್ರಾಥಮಿಕ ಮತ್ತು ಪ್ರೌಡ ಶಾಲೆ ನಿರ್ಮಾಣ/ದುರಸ್ಥಿ','','2019-04-11 09:18:58','2019-04-11 09:18:58',1),(128,1,257,'ಸರಕಾರಿ ಹಿರಿಯ ಪ್ರಾಥಮಿಕ ಶಾಲೆ ಶೌಚಾಲಯ ಮತ್ತು ಇತರೆ ದುರಸ್ಥಿ',100000,99999,NULL,NULL,'ಅನುದಾನ ಮಂಜೂರಾಗಿರುತ್ತದೆ. - Work Granted','ಪ್ರಾಥಮಿಕ ಮತ್ತು ಪ್ರೌಡ ಶಾಲೆ ನಿರ್ಮಾಣ/ದುರಸ್ಥಿ','','2019-04-11 09:19:58','2019-04-11 09:19:58',1),(129,1,3,'ಸರಕಾರಿ ಕಿರಿಯ ಪ್ರಾಥಮಿಕ ಶಾಲೆ ಶೌಚಾಲಯ ಟ್ಯಾಂಕ ನಿರ್ಮಾಣ ಮತ್ತು ಇತರೆ ದುರಸ್ಥಿ',150000,150000,NULL,NULL,'ಅನುದಾನ ಮಂಜೂರಾಗಿರುತ್ತದೆ. - Work Granted','ಪ್ರಾಥಮಿಕ ಮತ್ತು ಪ್ರೌಡ ಶಾಲೆ ನಿರ್ಮಾಣ/ದುರಸ್ಥಿ','','2019-04-11 09:21:31','2019-04-11 09:21:31',1),(130,2,118,'ಹುಂಡುಮನೆ ಮುಖ್ಯ ರಸ್ತೆಯಿಂದ ಮುಸ್ಲಿಂ ಕೇರಿಗೆ ಕಾಂಕ್ರೀಟ ರಸ್ತೆ ನಿರ್ಮಾಣ',2500000,2500000,NULL,NULL,'ಅನುದಾನ ಮಂಜೂರಾಗಿರುತ್ತದೆ. - Work Granted','ಅಲ್ಪಸಂಖ್ಯಾತರ ಕಾಲೋನಿ ಅಭಿವೃಧ್ಧಿ','','2019-04-11 09:24:52','2019-04-11 09:24:52',1),(131,2,117,'ಜಾಕೋಬ ಮನೆಯಿಂದ ನಾರಅಯಣ ಮೊಗೇರ ಮಡ್ಡಿ ಮನೆಯವರೆಗೆ ಕಾಂಕ್ರೀಟ ರಸ್ತೆ ನಿರ್ಮಾಣ',2500000,2500000,'2019-02-24',NULL,'ಅನುದಾನ ಮಂಜೂರಾಗಿರುತ್ತದೆ. - Work Granted','ಅಲ್ಪಸಂಖ್ಯಾತರ ಕಾಲೋನಿ ಅಭಿವೃಧ್ಧಿ','','2019-04-11 09:26:23','2019-04-23 08:54:47',4),(132,2,69,'ಬೊಡ್ಡಿ ಮನೆಯಿಂದ ಹೊನ್ನೆಗದ್ದೆ ಅಬು ಮನೆಯವರೆಗೆ ಕಾಂಕ್ರೀಟ ರಸ್ತೆ ನಿರ್ಮಾಣ',2500000,2500000,'2019-02-24',NULL,'ಅನುದಾನ ಮಂಜೂರಾಗಿರುತ್ತದೆ. - Work Granted','ಅಲ್ಪಸಂಖ್ಯಾತರ ಕಾಲೋನಿ ಅಭಿವೃಧ್ಧಿ','','2019-04-11 09:28:20','2019-04-23 08:56:26',4),(133,2,293,'ತಿಲಕನಗರ ರಸ್ತೆಯಿಂದ ಅನ್ವರ  ಮನೆಯವರೆಗೆ ಹಾಗೂ ಅಬ್ದುಲ ಜಬ್ಬಾರ ಮನೆಯವರೆಗೆ ಕಾಂಕ್ರೀಟ ರಸ್ತೆ ನಿರ್ಮಾಣ',2500000,2500000,NULL,NULL,'ಅನುದಾನ ಮಂಜೂರಾಗಿರುತ್ತದೆ. - Work Granted','ಅಲ್ಪಸಂಖ್ಯಾತರ ಕಾಲೋನಿ ಅಭಿವೃಧ್ಧಿ','','2019-04-11 09:31:10','2019-04-11 09:31:10',1),(134,1,126,'ಅಜಾದ ಯುತ್‌ ಕ್ಲಬನಿಂದ ಸಬೀರ  ಮನೆಯವರೆಗೆ ಕಾಂಕ್ರೀಟ ರಸ್ತೆ ನಿರ್ಮಾಣ',2500000,2500000,NULL,NULL,'ಅನುದಾನ ಮಂಜೂರಾಗಿರುತ್ತದೆ. - Work Granted','ಅಲ್ಪಸಂಖ್ಯಾತರ ಕಾಲೋನಿ ಅಭಿವೃಧ್ಧಿ','','2019-04-11 09:32:34','2019-04-11 09:32:34',1),(135,2,126,'ಇಸ್ಮಾಯಿಲ ಮನೆಯಿಂದ ಬಸ್ತಾಂವ ಲುಯಿಸ ಮನೆಯವರೆಗೆ  ಹಾಗೂ ನಾತೇದಾರ ಮನೆಯಿಂದ ಚರ್ಚವರೆಗೆ ಕಾಂಕ್ರೀಟ ರಸ್ತೆ ನಿರ್ಮಾಣ',2500000,2500000,NULL,NULL,'ಅನುದಾನ ಮಂಜೂರಾಗಿರುತ್ತದೆ. - Work Granted','ಅಲ್ಪಸಂಖ್ಯಾತರ ಕಾಲೋನಿ ಅಭಿವೃಧ್ಧಿ','','2019-04-11 09:34:32','2019-04-11 09:34:32',1),(136,2,204,'ಫತಿಮಾ ಚರ್ಚ ಕಾಂಕ್ರೀಟ ರಸ್ತೆ ನಿರ್ಮಾಣ',2500000,2500000,NULL,NULL,'ಅನುದಾನ ಮಂಜೂರಾಗಿರುತ್ತದೆ. - Work Granted','ಅಲ್ಪಸಂಖ್ಯಾತರ ಕಾಲೋನಿ ಅಭಿವೃಧ್ಧಿ','','2019-04-11 09:45:30','2019-04-11 09:45:30',1),(137,2,323,'ತಲಮೋಟೆಯಿಂದ ಫಾತಿಮಅ ಚರ್ಚವರೆಗೆ ಕಾಂಕ್ರೀಟ ರಸ್ತೆ ನಿರ್ಮಾಣ',2500000,2500000,NULL,NULL,'ಅನುದಾನ ಮಂಜೂರಾಗಿರುತ್ತದೆ. - Work Granted','ಅಲ್ಪಸಂಖ್ಯಾತರ ಕಾಲೋನಿ ಅಭಿವೃಧ್ಧಿ','','2019-04-11 09:47:06','2019-04-11 09:47:06',1),(138,2,303,' ಸುಲೇಮಾನ ಸಾಬ ಮನೆಯಿಂದ ಕೆಲ್ಲಿಕೇರಿ ಕಾಂಕ್ರೀಟ ರಸ್ತೆ ನಿರ್ಮಾಣ',2500000,2500000,'2018-02-24',NULL,'ಅನುದಾನ ಮಂಜೂರಾಗಿರುತ್ತದೆ. - Work Granted','ಅಲ್ಪಸಂಖ್ಯಾತರ ಕಾಲೋನಿ ಅಭಿವೃಧ್ಧಿ','','2019-04-11 12:21:27','2019-04-22 11:11:38',4),(139,2,295,' ತಟ್ಟಿಹಕ್ಲು ಮುಖ್ಯ ರಸ್ತೆಯಿಂದ ಮಣ್ಣುಹೊಂಡ ಅಲ್ಪಸಂಖ್ಯಾತರ ಕೇರಿಗೆ ಹೋಗುವ ಕಾಂಕ್ರೀಟ ರಸ್ತೆ ನಿರ್ಮಾಣ',5000000,5000000,NULL,NULL,'ಅನುದಾನ ಮಂಜೂರಾಗಿರುತ್ತದೆ. - Work Granted','ಅಲ್ಪಸಂಖ್ಯಾತರ ಕಾಲೋನಿ ಅಭಿವೃಧ್ಧಿ','','2019-04-11 12:23:41','2019-04-11 12:23:41',1),(140,1,267,' ಮಹ್ಮದ ಅಲಿ ಸ್ಟ್ರೀಟನಿಂದ ಮಹಮ್ಮದ ಹಸೀಮ ಮನೆಯವರೆಗೆ ಕಾಂಕ್ರೀಟ ರಸ್ತೆ ನಿರ್ಮಾಣ',500000,500000,NULL,NULL,'ಅನುದಾನ ಮಂಜೂರಾಗಿರುತ್ತದೆ. - Work Granted','ಅಲ್ಪಸಂಖ್ಯಾತರ ಕಾಲೋನಿ ಅಭಿವೃಧ್ಧಿ','','2019-04-11 12:28:44','2019-04-11 12:50:24',1),(141,1,117,'ಫಿಲಿಫ ಮನೆಯಿಂದ ಕ್ರಿಸ್ಚಿಯನ ಕೇರಿಯವರೆಗೆ  ಕಾಂಕ್ರೀಟ ರಸ್ತೆ ನಿರ್ಮಾಣ',500000,500000,NULL,NULL,'ಅನುದಾನ ಮಂಜೂರಾಗಿರುತ್ತದೆ. - Work Granted','ಅಲ್ಪಸಂಖ್ಯಾತರ ಕಾಲೋನಿ ಅಭಿವೃಧ್ಧಿ','','2019-04-11 12:42:00','2019-04-11 12:51:37',1),(142,1,82,' ಸತ್ಯನಾರಾಯಣ ಕ್ರಾಸನಿಂದ ಜಾನ್ಸನ ಡಿಕೋಸ್ತಾ ಮನೆಯವರೆಗೆ ಕಾಂಕ್ರೀಟ ರಸ್ತೆ ನಿರ್ಮಾಣ',500000,500000,NULL,NULL,'ಅನುದಾನ ಮಂಜೂರಾಗಿರುತ್ತದೆ. - Work Granted','ಅಲ್ಪಸಂಖ್ಯಾತರ ಕಾಲೋನಿ ಅಭಿವೃಧ್ಧಿ','','2019-04-11 12:43:54','2019-04-11 12:49:14',1),(143,1,111,' ಹಡಿಲನಲ್ಲಿ ಸಮುದಾಯ ಭವನ ನಿರ್ಮಾಣ',500000,500000,NULL,NULL,'ಅನುದಾನ ಮಂಜೂರಾಗಿರುತ್ತದೆ. - Work Granted','ಸಮುದಾಯಭವನ ನಿರ್ಮಾಣ','','2019-04-11 12:48:01','2019-04-11 12:48:01',1),(144,1,280,'ಕಲ್ಲಬ್ಬೆ ವ್ಯಾಪ್ತಿಯಲ್ಲಿ ಸಮುದಾಯಭವನ ನಿರ್ಮಾಣ',500000,500000,NULL,NULL,'ಅನುದಾನ ಮಂಜೂರಾಗಿರುತ್ತದೆ. - Work Granted','ಸಮುದಾಯಭವನ ನಿರ್ಮಾಣ','','2019-04-11 12:53:36','2019-04-11 12:53:36',1),(145,1,39,'ಕುರುಂದೂರು ಮುಖ್ಯ ರಸ್ತೆಯಿಂದ ಗಣೇಶ ನಾಯ್ಕರ ಮನೆಯವರೆಗೆ ಸರ್ವಋತು ರಸ್ತೆ ನಿರ್ಮಾಣ',250000,250000,NULL,NULL,'ಅನುದಾನ ಮಂಜೂರಾಗಿರುತ್ತದೆ. - Work Granted','ಗ್ರಾಮೀಣ ರಸ್ತೆ ಮತ್ತು ಚರಂಡಿ ನಿರ್ಮಾಣ','','2019-04-11 12:56:26','2019-04-11 12:56:26',1),(146,1,83,'ಕೇತಪೈ ನಾರಾಯಣ ದೇವಸ್ಥಾನದಿಂದ ಹೆಬಳೆಯವರ ಮನೆಯವರೆಗೆ ಸರ್ವಋತು ರಸ್ತೆ ನಿರ್ಮಾಣ',500000,500000,NULL,NULL,'ಅನುದಾನ ಮಂಜೂರಾಗಿರುತ್ತದೆ. - Work Granted','ಗ್ರಾಮೀಣ ರಸ್ತೆ ಮತ್ತು ಚರಂಡಿ ನಿರ್ಮಾಣ','','2019-04-11 12:59:42','2019-04-11 12:59:42',1),(147,1,190,'ಉಪ್ಪಲಿ ಮೊಗೇರಕೇರಿಗೆ ಹೋಗುವ ರಸ್ತೆಗೆ ಕಾಂಕ್ರೀಟಿಕರಣ',400000,400000,NULL,NULL,'ಅನುದಾನ ಮಂಜೂರಾಗಿರುತ್ತದೆ. - Work Granted','ಪ.ಜಾತಿ ಮತ್ತು ಪಂಗಡಗಳ ಕಾಲೋನಿಯ ಅಭಿವೃದ್ಧಿ','','2019-04-11 13:07:07','2019-04-11 13:07:07',1),(148,1,304,'ಸಾರ್ವಜನಿಕ ಸಭಾಭವನ ಮಾಸ್ತಿಮನೆ ಕಾಮಗಾರಿ',500000,500000,NULL,NULL,'ಅನುದಾನ ಮಂಜೂರಾಗಿರುತ್ತದೆ. - Work Granted','ಸಮುದಾಯಭವನ ನಿರ್ಮಾಣ','','2019-04-11 13:09:51','2019-04-11 13:09:51',1),(149,1,308,'ಸರ್ಪನಕಟ್ಟಾದಲ್ಲಿ ಕ್ರೀಡಾಂಗಣ ನಿರ್ಮಾಣ ಮತ್ತು ಕಂಪೌಂಡ ಗೋಡೆ ನಿರ್ಮಾಣ',250000,250000,NULL,NULL,'ಅನುದಾನ ಮಂಜೂರಾಗಿರುತ್ತದೆ. - Work Granted','ಕ್ರೀಡಾಂಗಣ ನಿರ್ಮಾಣ ','','2019-04-11 13:54:46','2019-04-11 13:54:46',1),(150,1,278,'ಹಲ್ಲಂದಿಯಿಂದ ಗೊಂಡರಕೇರಿಯವರೆಗೆ ಸರ್ವಋತು ರಸ್ತೆ ನಿರ್ಮಾಣ',200000,200000,NULL,NULL,'ಅನುದಾನ ಮಂಜೂರಾಗಿರುತ್ತದೆ. - Work Granted','ಪ.ಜಾತಿ ಮತ್ತು ಪಂಗಡಗಳ ಕಾಲೋನಿಯ ಅಭಿವೃದ್ಧಿ','','2019-04-11 13:56:57','2019-04-11 13:56:57',1),(151,1,292,'ಹೊಸ್ಮನೆ ಮಕ್ಕಿಗದ್ದೆ ಶಾಲೆಯಿಮದ ಕಾಂಕ್ರೀಟ ರಸ್ತೆ ಮುಂದುವರೆದ ಕಾಮಗಾರಿ',500000,500000,NULL,NULL,'ಅನುದಾನ ಮಂಜೂರಾಗಿರುತ್ತದೆ. - Work Granted','ಗ್ರಾಮೀಣ ರಸ್ತೆ ಮತ್ತು ಚರಂಡಿ ನಿರ್ಮಾಣ','','2019-04-11 13:59:02','2019-04-11 13:59:02',1),(152,1,82,'ದುರ್ಗಾಪರಮೇಸ್ವರಿ ದೇವಸ್ಥಾನದಿಂದ ಆನಂದನ ಮನೆಗೆ ಹೋಗುವ ರಸ್ತೆ ಕಾಂಕ್ರೀಟಿಕರಣ',200000,200000,NULL,NULL,'ಅನುದಾನ ಮಂಜೂರಾಗಿರುತ್ತದೆ. - Work Granted','ಗ್ರಾಮೀಣ ರಸ್ತೆ ಮತ್ತು ಚರಂಡಿ ನಿರ್ಮಾಣ','','2019-04-11 14:01:27','2019-04-11 14:01:27',1),(153,1,258,'ಗಣಪತಿ ದೇವಸ್ಥಾನದ ರಸ್ತೆ ಸರ್ವ ಋತು ರಸ್ತೆ ನಿರ್ಮಾಣ',476000,476000,NULL,NULL,'ಅನುದಾನ ಮಂಜೂರಾಗಿರುತ್ತದೆ. - Work Granted','ಗ್ರಾಮೀಣ ರಸ್ತೆ ಮತ್ತು ಚರಂಡಿ ನಿರ್ಮಾಣ','','2019-04-11 14:03:29','2019-04-11 14:03:29',1),(154,1,305,'ಹಿರೇಹಿತ್ಲು ಸಿ.ಸಿ.ರಸ್ತೆಯಿಂದ ನಾಯ್ಕರ ಕೇರಿಗೆ ರಸ್ತೆ ಕಾಂಕ್ರೀಟಿಕರಣ',400000,400000,NULL,NULL,'ಅನುದಾನ ಮಂಜೂರಾಗಿರುತ್ತದೆ. - Work Granted','ಗ್ರಾಮೀಣ ರಸ್ತೆ ಮತ್ತು ಚರಂಡಿ ನಿರ್ಮಾಣ','','2019-04-11 14:09:32','2019-04-11 14:09:32',1),(155,1,198,'ಗಂಜಿಗೇರಿಯಿಂದ ಸೇಡಿಮುಲ್ಲೆಗೆ ಹೋಗುವ ರಸ್ತೆ ಕಾಂಕ್ರೀಟಿಕರಣ',400000,400000,NULL,NULL,'ಅನುದಾನ ಮಂಜೂರಾಗಿರುತ್ತದೆ. - Work Granted','ಗ್ರಾಮೀಣ ರಸ್ತೆ ಮತ್ತು ಚರಂಡಿ ನಿರ್ಮಾಣ','','2019-04-11 14:57:10','2019-04-11 14:57:10',1),(156,1,177,'ಗಣೇಶೋತ್ಸವ ಸಮಿತಿಯ ಸಾರ್ವಜನಿಕ ಸಭಾಬವನ ನಿರ್ಮಾಣ',200000,200000,NULL,NULL,'ಅನುದಾನ ಮಂಜೂರಾಗಿರುತ್ತದೆ. - Work Granted','ಸಮುದಾಯಭವನ ನಿರ್ಮಾಣ','','2019-04-11 14:59:42','2019-04-11 14:59:42',1),(157,1,204,'ರಾಮ ಮಂದಿರ ರಸ್ತೆ ಕಾಂಕ್ರೀಟಿಕರಣ',500000,500000,NULL,NULL,'ಅನುದಾನ ಮಂಜೂರಾಗಿರುತ್ತದೆ. - Work Granted','ಗ್ರಾಮೀಣ ರಸ್ತೆ ಮತ್ತು ಚರಂಡಿ ನಿರ್ಮಾಣ','','2019-04-11 15:01:06','2019-04-11 15:01:06',1),(158,1,138,'ತಲಗೋಡ ಕ್ರಾಸ ಹತ್ತಿರ ಆಟೋರಿಕ್ಷಾ ನಿಲ್ದಾಣ ನಿರ್ಮಾಣ',100000,100000,NULL,NULL,'ಅನುದಾನ ಮಂಜೂರಾಗಿರುತ್ತದೆ. - Work Granted','ಇತರೆ ಸಾರ್ವಜನಿಕ ಉಪಯೋಗಿ ಕಾಮಗಾರಿಗಳು','','2019-04-11 15:03:10','2019-04-11 15:03:10',1),(159,1,99,'ಮಂಕಿ ಮಾರ್ಕೆಟ ರಸ್ತೆ ಕಾಂಕ್ರೀಟಿಕರಣ',500000,500000,NULL,NULL,'ಅನುದಾನ ಮಂಜೂರಾಗಿರುತ್ತದೆ. - Work Granted','ಗ್ರಾಮೀಣ ರಸ್ತೆ ಮತ್ತು ಚರಂಡಿ ನಿರ್ಮಾಣ','','2019-04-11 15:05:04','2019-04-11 15:05:04',1),(160,1,162,'ಸಾರ್ವಜನಿಕ ಸಮುದಾಯ ಭವನ ಮುಂದುವರೆದ ಕಾಮಗಾರಿ',400000,400000,NULL,NULL,'ಅನುದಾನ ಮಂಜೂರಾಗಿರುತ್ತದೆ. - Work Granted','ಸಮುದಾಯಭವನ ನಿರ್ಮಾಣ','','2019-04-11 15:06:24','2019-04-11 15:06:24',1),(161,1,58,'ಮಣಿಗಾರ ರಸ್ತೆಯಿಂದ ಹೊನ್ನೆಗದ್ದೆ ಜನ್ನ ಕೊರ್ಗ ಮೊಗೇರ ಮನೆಯವರೆಗೆ ಸರ್ವ ಋತು ರಸ್ತೆ ನಿರ್ಮಾಣ',405000,405000,NULL,NULL,'ಅನುದಾನ ಮಂಜೂರಾಗಿರುತ್ತದೆ. - Work Granted','ಪ.ಜಾತಿ ಮತ್ತು ಪಂಗಡಗಳ ಕಾಲೋನಿಯ ಅಭಿವೃದ್ಧಿ','','2019-04-11 15:08:12','2019-04-11 15:08:12',1),(162,1,321,'ನಾಮದಾರಿ ಸಂಗದ ಎದುರಿನ ಚಡ್ಡು ಗೊಂಡರ ಮನೆಗೆ ಹೋಗುವ ರಸ್ತೆ ಸರ್ವ ಋತು ರಸ್ತೆ ನಿರ್ಮಾಣ',119000,119000,NULL,NULL,'ಅನುದಾನ ಮಂಜೂರಾಗಿರುತ್ತದೆ. - Work Granted','ಪ.ಜಾತಿ ಮತ್ತು ಪಂಗಡಗಳ ಕಾಲೋನಿಯ ಅಭಿವೃದ್ಧಿ','','2019-04-11 15:09:58','2019-04-11 15:09:58',1),(163,1,55,'ಮಹ್ಮದ ಅಲಿ ಸ್ಟ್ರೀಟನಿಂದ ಮಹಮ್ಮದ ಹಸೀಮ ಮನೆಗೆ ಹೋಗುವ ರಸ್ತೆ ಕಾಂಕ್ರಿಟಿಕರಣ',500000,500000,NULL,NULL,'ಅನುದಾನ ಮಂಜೂರಾಗಿರುತ್ತದೆ. - Work Granted','ಅಲ್ಪಸಂಖ್ಯಾತರ ಕಾಲೋನಿ ಅಭಿವೃಧ್ಧಿ','','2019-04-11 15:23:51','2019-04-11 15:23:51',1),(164,1,48,'ಆರುವಕ್ಕಿ ಬಸ ನಿಲ್ದಾಣದಿಂದ ಮೇಲಿನಕೇರಿ ಜೈನರ ಮನೆಗೆ ಹೋಗುವ ರಸ್ತೆ ಕಾಂಕ್ರೀಟಿಕರಣ',500000,500000,NULL,NULL,'ಅನುದಾನ ಮಂಜೂರಾಗಿರುತ್ತದೆ. - Work Granted','ಅಲ್ಪಸಂಖ್ಯಾತರ ಕಾಲೋನಿ ಅಭಿವೃಧ್ಧಿ','','2019-04-11 15:25:27','2019-04-11 15:25:27',1),(165,1,327,'ಭಂಡಾರಕೇರಿಗೆ ಹೋಗುವ ರಸ್ತೆ ಕಾಂಖ್ರೀಟಿಕರಣ',400000,400000,NULL,NULL,'ಅನುದಾನ ಮಂಜೂರಾಗಿರುತ್ತದೆ. - Work Granted','ಗ್ರಾಮೀಣ ರಸ್ತೆ ಮತ್ತು ಚರಂಡಿ ನಿರ್ಮಾಣ','','2019-04-11 15:26:50','2019-04-11 15:26:50',1),(166,1,326,'ಗಂಜಿಕೇರಿ ರಸ್ತೆಯಿಂದ ನಾಯ್ಕರ ಕೇರಿಗೆ ಹೋಗುವ ರಸ್ತೆ ಸರ್ವ ಋತು ರಸ್ತೆ ನಿರ್ಮಾಣ',450000,450000,NULL,NULL,'ಅನುದಾನ ಮಂಜೂರಾಗಿರುತ್ತದೆ. - Work Granted','ಗ್ರಾಮೀಣ ರಸ್ತೆ ಮತ್ತು ಚರಂಡಿ ನಿರ್ಮಾಣ','','2019-04-11 15:28:17','2019-04-11 15:28:17',1),(167,1,325,'ಹನುಮಂತ ದೇವಸ್ಥಾನದ ಹತ್ತಿರ ಸಾರ್ವಜನಿಕ ಸಮುದಅಯ ಬವನ ನಿರ್ಮಾಣ',400000,400000,NULL,NULL,'ಅನುದಾನ ಮಂಜೂರಾಗಿರುತ್ತದೆ. - Work Granted','ಸಮುದಾಯಭವನ ನಿರ್ಮಾಣ','','2019-04-11 15:29:38','2019-04-11 15:29:38',1),(168,1,324,'ರಾಮ ರಾಘವೇಂದ್ರ ಸಾರ್ವಜನಿಕ ಸಮುದಾಯ ಭವನ ಮೇಲ್ಚಾವಣಿ ನಿರ್ಮಾಣ',300000,300000,NULL,NULL,'ಅನುದಾನ ಮಂಜೂರಾಗಿರುತ್ತದೆ. - Work Granted','ಸಮುದಾಯಭವನ ನಿರ್ಮಾಣ','','2019-04-11 15:31:26','2019-04-11 15:31:26',1),(169,3,61,'ಜಟಕೇಶ್ವರ ದೇವಸ್ಥಾನದಿಂದ ತೆಂಗಿನಗುಂಡಿ ಬೀಚವರೆಗೆ ಕಾಂಕ್ರೀಟ ರಸ್ತೆ ನಿರ್ಮಾಣ',5000000,50000,NULL,NULL,'ಟೆಂಡರ ಪ್ರಗತಿಯಲ್ಲಿದೆ - Tender In Progress','ವಿಶೇಷ ಘಟಕ ಯೋಜನೆ','','2019-04-12 05:05:51','2019-04-14 09:18:44',8),(170,3,328,'ಕೋಟದಮಕ್ಕಿ ಬಾಕಡ ಕುಂಟನ ಮನೆಯಿಂದ ನಾಗೇಂದ್ರ ಮಡಿವಾಳ ಮನೆಯವರೆಗೆ ಕಾಂಕ್ರೀಟ ರಸ್ತೆ ನಿರ್ಮಾಣ',150000,150000,NULL,NULL,'ಟೆಂಡರ ಪ್ರಗತಿಯಲ್ಲಿದೆ - Tender In Progress','ವಿಶೇಷ ಘಟಕ ಯೋಜನೆ','','2019-04-12 05:09:50','2019-04-14 09:18:44',8),(171,3,75,'ಮೂಡ್ಕೇರಿ ಕ್ರಾಸನಿಂದ ಮಾಳುಗದ್ದೆ ರಸ್ತೆ ಕಾಂಕ್ರೀಟಿಕರಣ',2238000,2238000,NULL,NULL,'ಟೆಂಡರ ಪ್ರಗತಿಯಲ್ಲಿದೆ - Tender In Progress','ವಿಶೇಷ ಘಟಕ ಯೋಜನೆ','','2019-04-12 05:11:20','2019-04-14 09:18:44',8),(172,3,244,'ಹನುಮಾನ ನಗರ ಸರ್ಕಲಿನಿಂದ ಬಂದರ ರಸ್ತೆ ಗುಡಿಜಟಕನ ಮನೆ ದೇವಸ್ಥಾನಕ್ಕೆ ಹೋಗುವ ಗೊಂಡರಕೇರಿ ರಸ್ತೆ ನಿರ್ಮಾಣ',1000000,1000000,NULL,NULL,'ಟೆಂಡರ ಪ್ರಗತಿಯಲ್ಲಿದೆ - Tender In Progress','ವಿಶೇಷ ಘಟಕ ಯೋಜನೆ (ಎಸ್.ಸಿ.ಪಿ ಮತ್ತು ಟಿ.ಎಸ್.ಪಿ)','','2019-04-12 05:14:55','2019-04-14 09:18:44',8),(173,3,41,'ಹಸರವಳ್ಳಿ ಗೊಂಡರಕೇರಿ ದುರ್ಗಾಪರಮೇಸ್ವರಿ ದೇವಸ್ಥಾನಕ್ಕೆ ಹೋಗುವ ರಸ್ತೆ ನಿರ್ಮಾಣ',1000000,1000000,NULL,NULL,'ಟೆಂಡರ ಪ್ರಗತಿಯಲ್ಲಿದೆ - Tender In Progress','ವಿಶೇಷ ಘಟಕ ಯೋಜನೆ (ಎಸ್.ಸಿ.ಪಿ ಮತ್ತು ಟಿ.ಎಸ್.ಪಿ)','','2019-04-12 05:20:35','2019-04-14 09:18:44',8),(174,3,46,'ಕುಂಟವಾಣಿ ಕೆರೆಹಿತ್ಲು ಕ್ರಾಸನಿಂದ ಅಲೆ ಸೋಮಯ್ಯ ಗೊಂಡನ ಮನೆ ರಸ್ತೆ ನಿರ್ಮಾಣ',1600000,1600000,NULL,NULL,'ಟೆಂಡರ ಪ್ರಗತಿಯಲ್ಲಿದೆ - Tender In Progress','ವಿಶೇಷ ಘಟಕ ಯೋಜನೆ (ಎಸ್.ಸಿ.ಪಿ ಮತ್ತು ಟಿ.ಎಸ್.ಪಿ)','','2019-04-12 05:22:27','2019-04-14 09:18:44',8),(175,3,329,'ನೀಕಂಠ ರಸ್ತೆ ನೀರಿನ ಟ್ಯಾಂಕನಿಂದ ಕೇಂಬ್ರೆ ಗೊಂಡರಕೇರಿಯವರೆಗೆ ರಸ್ತೆ ನಿರ್ಮಾಣ',1000000,1000000,NULL,NULL,'ಟೆಂಡರ ಪ್ರಗತಿಯಲ್ಲಿದೆ - Tender In Progress','ವಿಶೇಷ ಘಟಕ ಯೋಜನೆ (ಎಸ್.ಸಿ.ಪಿ ಮತ್ತು ಟಿ.ಎಸ್.ಪಿ)','','2019-04-12 05:25:25','2019-04-14 09:18:44',8),(180,3,215,'ಅಳ್ವೆಕೋಡಿ ಕಟಗಾರಕೊಪ್ಪ ರಸ್ತೆ ಕಿ.ಮi ೬.೮೦ ದಿಂದ ೧೦.೦೦ ರವರೆಗೆ ಅಭಿವೃಧ್ಧಿಪಡಿಸುವುದು',6300000,6358000,NULL,NULL,'ಟೆಂಡರ ಪ್ರಗತಿಯಲ್ಲಿದೆ - Tender In Progress','ಗ್ರಾಮೀಣ ರಸ್ತೆ ಮತ್ತು ಚರಂಡಿ ನಿರ್ಮಾಣ','','2019-04-12 05:48:10','2019-04-22 09:31:02',8),(181,3,1,'ಬೈಲೂರು ಅನಂತವಾಡಿ ರಸ್ತೆ ಅಬಿವೃಧ್ಧಿಪಡಿಸುವುದು',5000000,5000000,NULL,NULL,'ಟೆಂಡರ ಪ್ರಗತಿಯಲ್ಲಿದೆ - Tender In Progress','ಗ್ರಾಮೀಣ ರಸ್ತೆ ಮತ್ತು ಚರಂಡಿ ನಿರ್ಮಾಣ','','2019-04-12 05:49:49','2019-04-14 09:18:44',8),(182,3,83,'ಮುಟ್ಟಳ್ಳಿ ಪಂಚಾಯತ ರಾ.ಹೆ -೬೬ ದಿಂದ ರೇಲ್ವೆ ನಿಲ್ದಾಣ ಕೂಡು ರಸ್ತೆ ೦.೦೦ ದಿಂದ ೦.೬೦ ಕಿ.ಮೀರವರೆಗೆ ಕಾಂಕ್ರೀಟ ರಸ್ತೆ ನಿರ್ಮಾಣ',6600000,6667000,NULL,NULL,'ಟೆಂಡರ ಪ್ರಗತಿಯಲ್ಲಿದೆ - Tender In Progress','ಗ್ರಾಮೀಣ ರಸ್ತೆ ಮತ್ತು ಚರಂಡಿ ನಿರ್ಮಾಣ','','2019-04-12 05:52:03','2019-04-14 09:18:44',8),(183,3,75,'ದೇವಿಕಾನ ಉತ್ತರಕೊಪ್ಪ ರಸ್ತೆಯಿಂದ ಮೋಚಿಮನೆ ಮಾದೇವಿ ದುರ್ಗಪ್ಪ ಮೊಗೇರ ಮನೆಯವರೆಗೆ ಕಾಂಕ್ರೀಟ ರಸ್ತೆ ನಿರ್ಮಾಣ',1000000,1000000,NULL,NULL,'ಅನುದಾನ ಮಂಜೂರಾಗಿರುತ್ತದೆ. - Work Granted','ವಿಶೇಷ ಘಟಕ ಯೋಜನೆ (ಎಸ್.ಸಿ.ಪಿ ಮತ್ತು ಟಿ.ಎಸ್.ಪಿ)','','2019-04-12 05:55:48','2019-04-12 05:55:48',1),(184,3,297,'ಚಿತ್ರಾಪುರ ಹೊಸಕಟ್ಟೆಯಿಂದ ಸುಜಾತಾ ಮೊಗೇರ ಮನೆಯವರೆಗೆ ರಸ್ತೆ ಸುದಾರಣೆ',488000,488000,NULL,NULL,'ಅನುದಾನ ಮಂಜೂರಾಗಿರುತ್ತದೆ. - Work Granted','ವಿಶೇಷ ಘಟಕ ಯೋಜನೆ (ಎಸ್.ಸಿ.ಪಿ ಮತ್ತು ಟಿ.ಎಸ್.ಪಿ)','','2019-04-12 05:57:25','2019-04-12 05:57:25',1),(185,3,222,'ಕೋಳ್ಕಿ ಕ್ರಾಸನಿಂದ ಕರೂರ ಗೊಂಡರಕೇರಿ ರಸ್ತೆ ಕಾಂಕ್ರಿಟಿಕರಣ',1000000,1000000,NULL,NULL,'ಟೆಂಡರ ಪ್ರಗತಿಯಲ್ಲಿದೆ - Tender In Progress','ವಿಶೇಷ ಘಟಕ ಯೋಜನೆ (ಎಸ್.ಸಿ.ಪಿ ಮತ್ತು ಟಿ.ಎಸ್.ಪಿ)','','2019-04-12 06:20:29','2019-04-14 09:18:44',8),(186,3,126,'ಪುರವರ್ಗ ಬೆಟ್ಟೆ ಸಾಯ್ಬರ ಮನೆಯಿಂದ ಕೃಷ್ಣಿ ಗೊಂಡರ ಮನೆಯವರೆಗೆ ಸಿ.ಸಿ ರಸ್ತೆ ನಿರ್ಮಾಣ',1000000,1000000,NULL,NULL,'ಟೆಂಡರ ಪ್ರಗತಿಯಲ್ಲಿದೆ - Tender In Progress','ವಿಶೇಷ ಘಟಕ ಯೋಜನೆ (ಎಸ್.ಸಿ.ಪಿ ಮತ್ತು ಟಿ.ಎಸ್.ಪಿ)','','2019-04-12 06:21:57','2019-04-14 09:18:44',8),(187,3,112,'ಹದ್ಲೂರ ದುರ್ಗಾ ಪರಮೇಶ್ವರಿ ರಸ್ತೆಯಿಂದ ಆಶಿಕಾನ ಗೊಂಡರ ಕೇರಿಗೆ ಹೋಗುವ ರಸ್ತೆ ನಿರ್ಮಾಣ',1000000,1000000,NULL,NULL,'ಟೆಂಡರ ಪ್ರಗತಿಯಲ್ಲಿದೆ - Tender In Progress','ವಿಶೇಷ ಘಟಕ ಯೋಜನೆ (ಎಸ್.ಸಿ.ಪಿ ಮತ್ತು ಟಿ.ಎಸ್.ಪಿ)','','2019-04-12 06:25:11','2019-04-14 09:18:44',8),(188,3,41,'ಹಸ್ರವಳ್ಳಿ ಗೊಂಡರ ಕೇರಿಗೆ ಹೋಗುವ ರಸ್ತೆ ನಿರ್ಮಾಣ',1000000,1000000,NULL,NULL,'ಟೆಂಡರ ಪ್ರಗತಿಯಲ್ಲಿದೆ - Tender In Progress','ವಿಶೇಷ ಘಟಕ ಯೋಜನೆ (ಎಸ್.ಸಿ.ಪಿ ಮತ್ತು ಟಿ.ಎಸ್.ಪಿ)','','2019-04-12 06:26:49','2019-04-14 09:18:44',8),(189,3,253,'ಕೊಚರೆ ಕ್ರಾಸನಿಂದ ಕಾನಮದ್ಲು ಹೊಸಹಕ್ಕಲ ರಸ್ತೆ ನಿರ್ಮಾಣ',829000,829000,NULL,NULL,'ಟೆಂಡರ ಪ್ರಗತಿಯಲ್ಲಿದೆ - Tender In Progress','ವಿಶೇಷ ಘಟಕ ಯೋಜನೆ (ಎಸ್.ಸಿ.ಪಿ ಮತ್ತು ಟಿ.ಎಸ್.ಪಿ)','','2019-04-12 07:22:31','2019-04-14 09:18:44',8),(190,3,115,'ಕಿತ್ರೆ ಬ್ರಿಜನಿಂದ ಗೋಂಡರಕೇರಿಯವರೆಗೆ ರಸ್ತೆ ನಿರ್ಮಾಣ',500000,500000,NULL,NULL,'ಕಾಮಗಾರಿ ಮಂಜೂರಾಗಿರುತ್ತದೆ. - Work Granted','ವಿಶೇಷ ಘಟಕ ಯೋಜನೆ (ಎಸ್.ಸಿ.ಪಿ ಮತ್ತು ಟಿ.ಎಸ್.ಪಿ)','','2019-04-12 07:23:36','2019-04-14 09:18:44',1),(191,3,287,'ಕೊಡಸೂಳು ಜಡ್ಡಿಗದ್ದೆಯಿಂದ ಸೂರಿಗೊಂಡನ ಮನೆಯತನಕ ಕಾಂಕ್ರೀಟ ರಸ್ತೆ ನಿರ್ಮಾಣ',500000,500000,NULL,NULL,'ಕಾಮಗಾರಿ ಮಂಜೂರಾಗಿರುತ್ತದೆ. - Work Granted','ವಿಶೇಷ ಘಟಕ ಯೋಜನೆ (ಎಸ್.ಸಿ.ಪಿ ಮತ್ತು ಟಿ.ಎಸ್.ಪಿ)','','2019-04-12 07:25:09','2019-04-14 09:18:44',1),(192,3,275,'ಕಟಗಾರಕೊಪ್ಪ ಗೊಂಡರಕೇರಿ ರಸ್ತೆ ಕಾಂಕ್ರೀಟ ರಸ್ತೆ ನಿರ್ಮಾಣ',500000,500000,NULL,NULL,'ಕಾಮಗಾರಿ ಮಂಜೂರಾಗಿರುತ್ತದೆ. - Work Granted','ವಿಶೇಷ ಘಟಕ ಯೋಜನೆ (ಎಸ್.ಸಿ.ಪಿ ಮತ್ತು ಟಿ.ಎಸ್.ಪಿ)','','2019-04-12 07:26:30','2019-04-14 09:18:44',1),(193,3,278,'ಹಲ್ಲಂದಿ ಕ್ರಾಸನಿಂದ ಗುಳಗಿಮನೆ ಗೊಂಡರಕೇರಿಯವರೆಗೆ  ಕಾಂಕ್ರೀಟ ರಸ್ತೆ ನಿರ್ಮಾಣ',41300000,413000,NULL,NULL,'ಕಾಮಗಾರಿ ಮಂಜೂರಾಗಿರುತ್ತದೆ. - Work Granted','ವಿಶೇಷ ಘಟಕ ಯೋಜನೆ (ಎಸ್.ಸಿ.ಪಿ ಮತ್ತು ಟಿ.ಎಸ್.ಪಿ)','','2019-04-12 07:28:19','2019-04-14 09:18:44',1),(194,3,115,'ಕಿತ್ರೆ ಕೋಟಖಂಡ ರಸ್ತೆ ೦.೦೦ ಕಿ.ಮೀ ದಿಂದ ೭.೦೦ ರವರೆಗೆ ಆಯ್ದ ಬಾಗಗಳಲ್ಲಿ ಸುದಾರಣೆ',20000000,20000000,NULL,NULL,'ಟೆಂಡರ ಪ್ರಗತಿಯಲ್ಲಿದೆ - Tender In Progress','ಜಿಲ್ಲಾ ಮುಖ್ಯ ರಸ್ತೆಗಳು ಮತ್ತು ಸೇತುವೆಗಳು','','2019-04-12 07:30:17','2019-04-14 09:18:44',8),(195,3,27,'ಬೇಂಗ್ರೆ ಬೆಟಕೂರು ಗೋಳಿಕುಂಬ್ರೆ ರಸ್ತೆ ೨.೭೦ ದಿಂದ ೬.೭೦ ಕಿ.ಂಇ ರವರೆಗೆ ಆಯ್ದ ಭಾಗಗಳಲ್ಲಿ ಸುದಾರಣೆ',20000000,20000000,NULL,NULL,'ಟೆಂಡರ ಪ್ರಗತಿಯಲ್ಲಿದೆ - Tender In Progress','ಜಿಲ್ಲಾ ಮುಖ್ಯ ರಸ್ತೆಗಳು ಮತ್ತು ಸೇತುವೆಗಳು','','2019-04-12 07:32:30','2019-04-14 09:18:44',8),(196,3,223,'ಮಾವಳ್ಳಿ ಉತ್ತರಕೊಪ್ಪ ರಸ್ತೆ ೬.೦೦ ದಿಂದ ೧೨.೦೦ ಕಿ. ಮೀ ರವರೆಗೆ ಆಯ್ದ  ಭಾಗಗಳಲ್ಲಿ ಸುದಾರಣೆ',15000000,15000000,NULL,NULL,'ಟೆಂಡರ ಪ್ರಗತಿಯಲ್ಲಿದೆ - Tender In Progress','ಜಿಲ್ಲಾ ಮುಖ್ಯ ರಸ್ತೆಗಳು ಮತ್ತು ಸೇತುವೆಗಳು','','2019-04-12 07:34:25','2019-04-14 09:18:44',8),(197,3,46,'ಕುಂಟವಾಣಿ ಸರ್ಪನಕಟ್ಟಾ  ರಸ್ತೆ ೪.೦೦ ದಿಂದ ೬.೦೦ ಕಿ. ಮೀ ರವರೆಗೆ ಆಯ್ದ  ಭಾಗಗಳಲ್ಲಿ ಸುದಾರಣೆ',6000000,6000000,NULL,NULL,'ಟೆಂಡರ ಪ್ರಗತಿಯಲ್ಲಿದೆ - Tender In Progress','ಜಿಲ್ಲಾ ಮುಖ್ಯ ರಸ್ತೆಗಳು ಮತ್ತು ಸೇತುವೆಗಳು','','2019-04-12 07:36:42','2019-04-14 09:18:44',8),(198,1,39,'ಶ್ರೀ. ಮಹಾಗಣಪತಿ ಬಸವನಬಾವಿ, ಕುರುಂದರ ಅಭಿವೃಧ್ದೀ',200000,200000,NULL,NULL,NULL,'ದೇವಸ್ಥಾನ ಮತ್ತು ಧಾರ್ಮಿಕ ಕೇಂದ್ರ','','2019-04-22 09:15:17','2019-04-22 09:15:17',1),(199,1,93,'ಶ್ರೀ. ತಿರುಮಲೇಶ್ವರ ದೇವಸ್ಥಾನ ಕಾಸರಕೋಡ ಅಭಿವೃಧ್ಧಿ',200000,200000,NULL,NULL,NULL,'ದೇವಸ್ಥಾನ ಮತ್ತು ಧಾರ್ಮಿಕ ಕೇಂದ್ರ','','2019-04-22 09:16:49','2019-04-22 09:16:49',1),(200,1,84,'ಶ್ರೀ. ಮಹಾಸತಿ ದೇವಸ್ಥಾನ ಶಿರಾಲಿ ಅಭಿವೃಧ್ಧಿ',200000,200000,NULL,NULL,NULL,'ದೇವಸ್ಥಾನ ಮತ್ತು ಧಾರ್ಮಿಕ ಕೇಂದ್ರ','','2019-04-22 09:18:48','2019-04-22 09:18:48',1),(201,1,84,'ಶ್ರೀ. ಶಿರಾಲಿ ಹರಕಲಿ ಶಂಭುಲಿಂಗೇಶ್ವರ ದೇವಸ್ಥಾನ ಅಭಿವೃಧ್ಧಿ',200000,200000,NULL,NULL,NULL,'ದೇವಸ್ಥಾನ ಮತ್ತು ಧಾರ್ಮಿಕ ಕೇಂದ್ರ','','2019-04-22 09:21:03','2019-04-22 09:21:03',1),(202,1,186,'ಶ್ರೀ.ಅಡಕೆಕುಳಿ ವನದುರ್ಗಿ ದೇವಸ್ಥಾನ ಅಭಿವೃಧ್ಧಿ',200000,200000,NULL,NULL,NULL,'ದೇವಸ್ಥಾನ ಮತ್ತು ಧಾರ್ಮಿಕ ಕೇಂದ್ರ','','2019-04-22 09:23:23','2019-04-22 09:23:23',1),(203,1,75,'ಕೈಕಿಣಿ ಪಂಚಾಯತ ಎನ.ಎಚ್-‌೬೬ ದಿಂದ ಕೆಳಗಿನಮನೆ ಹೆರಾಡಿ ರಸ್ತೆ ನಿರ್ಮಾಣ',15000000,11844000,NULL,NULL,NULL,'ವಿಶೇಷ ಘಟಕ ಯೋಜನೆ','','2019-04-22 09:35:41','2019-04-22 10:26:04',1),(204,1,283,'ಮಾವಳ್ಳಿ ಗ್ರಾಮ ಪಂಚಾಯತಿ ಎನ್.ಎಚ್.‌ ೬೬ ದಿಂದ ಹೆರಾಳ್ಳಿ ರಸ್ತೆ ನಿರ್ಮಾಣ',10000000,10000000,NULL,NULL,NULL,'ವಿಶೇಷ ಘಟಕ ಯೋಜನೆ','','2019-04-22 09:39:40','2019-04-22 09:39:40',1),(205,3,212,'ಹೆಗ್ಗಾರ ಮಾಗೋಡ ನಗರಬಸ್ತಿಕೇರಿ ರಸ್ತೆ ೦.೦೦ ಕಿ.ಮೀ ರಿಂದ ೧೦.೦೦ ಕಿ.ಮೀರವರೆಗೆ ರಸ್ತೆ ಬದಿಯಲ್ಲಿ ಅಗಲಗೊಳಿಸಿ ಆಯ್ದ ಭಾಗಗಳಲ್ಲಿ ರಸ್ತೆ ಡಾಂಬರಿಕರಣ',40000000,40000000,NULL,NULL,NULL,'ಜಿಲ್ಲಾ ಮುಖ್ಯ ರಸ್ತೆಗಳು ಮತ್ತು ಸೇತುವೆಗಳು','','2019-04-22 09:44:34','2019-04-22 09:44:34',1),(206,3,82,'ಹಳೆ ಕಾರವಾರ ಮಂಗಳೂರು ರಸ್ತೆಯಿಂದ ಮುಂಡಳ್ಳಿಗೆ ೦.೦೦ ಕಿ.ಂಇ ದಿಂದ ೨.೦೦ ಕಿ.ಮೀ ರವರೆಗೆ ರಸ್ತೆ ಅಬೀವೃದ್ದಿ',15000000,15000000,NULL,NULL,NULL,'ಜಿಲ್ಲಾ ಮುಖ್ಯ ರಸ್ತೆಗಳು ಮತ್ತು ಸೇತುವೆಗಳು','','2019-04-22 09:47:22','2019-04-22 09:47:22',1),(207,3,329,'ಶಿರಾಲಿ ವೆಂಕಟಾಪುರ ಕಡಿನಕಟ್ಟಾ ಮೂಲಕ ಬಿ.ಎಸ್‌ ರಸ್ತೆ ಕಿ.ಮೀ೦.೦೦ ದಿಂದ ೫.೫೦ ವರೆಗೆ ರಸ್ತೆ ಸುಧಾರಣೆ',15000000,15000000,NULL,NULL,NULL,'ಜಿಲ್ಲಾ ಮುಖ್ಯ ರಸ್ತೆಗಳು ಮತ್ತು ಸೇತುವೆಗಳು','','2019-04-22 09:54:27','2019-04-22 09:54:27',1),(208,3,215,'ಶಿರಾಲಿ ಅಳ್ವೇಕೋಡಿ ಕಟಗಾರಕೊಪ್ಪ ಹೆಗ್ಗದ್ದೆ ರಸ್ತೆ ಕಿ.ಮೀ. ೯.೦೦ ದಿಂದ ೧೫.೦೦ ವರೆಗೆ ರಸ್ತೆ ಸುಧಾರಣೆ',10000000,10000000,NULL,NULL,NULL,'ಗ್ರಾಮೀಣ ರಸ್ತೆ ಮತ್ತು ಚರಂಡಿ ನಿರ್ಮಾಣ','','2019-04-22 10:01:37','2019-04-22 10:01:37',1),(209,3,39,'ಹಾಡುವಳ್ಳಿ ಕುರುಂದೂರು ರಸ್ತೆ ಕಿ.ಮೀ ೨.೦೦ ರಲ್ಲಿ ಸೇತುವೆ ನಿಮಾಣ ಮತ್ತು ರಸ್ತೆ ಸುಧಾರಣೆ',10000000,10000000,NULL,NULL,NULL,'ಗ್ರಾಮೀಣ ರಸ್ತೆ ಮತ್ತು ಚರಂಡಿ ನಿರ್ಮಾಣ','','2019-04-22 10:04:42','2019-04-22 10:04:42',1),(210,2,80,'ಮುರ್ಡೇಶ್ವರ ಮುಖ್ಯ ರಸ್ತೆಯಿಂದ ಕ್ರಿಶ್ಚಿಯನ್ ಕೇರಿಗೆ  ಹೋಗುವ ರಸ್ತೆ ಸಿ.ಸಿ ರಸ್ತೆ ನಿರ್ಮಾಣ',2500000,2500000,'2018-02-24',NULL,NULL,'ಅಲ್ಪಸಂಖ್ಯಾತರ ಕಾಲೋನಿ ಅಭಿವೃಧ್ಧಿ','','2019-04-22 11:24:56','2019-04-22 11:24:56',4),(211,5,183,'ಅಡಕುಳದಲ್ಲಿ ಬಾಂದಾರ ನಿರ್ಮಾಣ',4000000,4000000,'2019-02-10',NULL,NULL,'ಸಣ್ಣ ನೀರಾವರಿ ಇಲಾಖೆಯ ಬಾಂದಾರ ನಿರ್ಮಾಣ ಕಾಮಗಾರಿ','','2019-04-22 11:58:44','2019-04-22 11:58:44',4);
/*!40000 ALTER TABLE `development_works` ENABLE KEYS */;
UNLOCK TABLES;

--
-- Table structure for table `districts`
--

DROP TABLE IF EXISTS `districts`;
/*!40101 SET @saved_cs_client     = @@character_set_client */;
/*!40101 SET character_set_client = utf8 */;
CREATE TABLE `districts` (
  `id` bigint(20) NOT NULL AUTO_INCREMENT,
  `name` varchar(255) DEFAULT NULL,
  `code` varchar(255) DEFAULT NULL,
  `created_at` datetime NOT NULL,
  `updated_at` datetime NOT NULL,
  PRIMARY KEY (`id`)
) ENGINE=InnoDB AUTO_INCREMENT=3 DEFAULT CHARSET=utf8;
/*!40101 SET character_set_client = @saved_cs_client */;

--
-- Dumping data for table `districts`
--

LOCK TABLES `districts` WRITE;
/*!40000 ALTER TABLE `districts` DISABLE KEYS */;
INSERT INTO `districts` VALUES (1,'BHATKAL-HONNAVAR-79','VC-79','2019-04-08 04:29:34','2019-04-09 05:34:10');
/*!40000 ALTER TABLE `districts` ENABLE KEYS */;
UNLOCK TABLES;

--
-- Table structure for table `entity_statuses`
--

DROP TABLE IF EXISTS `entity_statuses`;
/*!40101 SET @saved_cs_client     = @@character_set_client */;
/*!40101 SET character_set_client = utf8 */;
CREATE TABLE `entity_statuses` (
  `id` bigint(20) NOT NULL AUTO_INCREMENT,
  `entity_type` varchar(255) DEFAULT NULL,
  `name` varchar(255) DEFAULT NULL,
  `code` varchar(255) DEFAULT NULL,
  `created_at` datetime NOT NULL,
  `updated_at` datetime NOT NULL,
  PRIMARY KEY (`id`)
) ENGINE=InnoDB AUTO_INCREMENT=32 DEFAULT CHARSET=utf8;
/*!40101 SET character_set_client = @saved_cs_client */;

--
-- Dumping data for table `entity_statuses`
--

LOCK TABLES `entity_statuses` WRITE;
/*!40000 ALTER TABLE `entity_statuses` DISABLE KEYS */;
INSERT INTO `entity_statuses` VALUES (1,'DevelopmentWork','Work Granted','WG','2019-04-10 06:33:50','2019-04-10 06:33:50'),(2,'DevelopmentWork','Work Under Progress','WUP','2019-04-10 06:34:06','2019-04-10 06:34:06'),(3,'Feedback','Thank You For Suggestion','TQ','2019-04-10 06:34:34','2019-04-12 17:44:03'),(4,'DevelopmentWork','Foundation Stone Laid','FS','2019-04-10 17:29:03','2019-04-10 17:30:12'),(5,'DevelopmentWork','Inaugrated','IN','2019-04-10 17:32:00','2019-04-10 17:32:00'),(6,'DevelopmentWork','Works Listed.','WL','2019-04-10 17:35:27','2019-04-10 17:35:27'),(7,'DevelopmentWork','Work Sent to Government for Approval.','SGA','2019-04-10 17:37:57','2019-04-10 17:37:57'),(8,'DevelopmentWork','Tender In Progress','TEND','2019-04-10 17:39:05','2019-04-12 05:15:59'),(9,'DevelopmentWork','Work Completed.','WC','2019-04-10 17:39:47','2019-04-10 17:39:47'),(10,'BeneficiaryScheme','Application Under Progress','AUP','2019-04-10 17:43:40','2019-04-10 18:49:26'),(11,'BeneficiaryScheme','Documents Submitted','DS','2019-04-10 17:46:29','2019-04-12 09:22:22'),(12,'BeneficiaryScheme','Application Filed.','AF','2019-04-10 17:47:59','2019-04-10 18:49:50'),(13,'BeneficiaryScheme','Sanctioned.','Snd','2019-04-10 17:50:01','2019-04-10 18:49:59'),(14,'BeneficiaryScheme','Not Sanctioned.','NSD','2019-04-10 17:51:53','2019-04-10 18:50:06'),(15,'Feedback','Suitable Action will be Taken after Scruitiny','US','2019-04-10 17:52:53','2019-04-12 17:47:44'),(16,'Feedback','Suitable Action will be taken on Request.','RQ','2019-04-10 17:53:20','2019-04-12 17:50:02'),(17,'Feedback','Complaint Forwarded to Concerned Department','CF','2019-04-10 17:54:07','2019-04-12 18:03:51'),(18,'Appointment','Program has been Listed. Will be informed once Finalised.','PL','2019-04-10 17:55:06','2019-04-12 18:07:36'),(19,'Appointment','Agreed To Attend the Program','AA','2019-04-10 17:56:01','2019-04-12 17:59:01'),(20,'Appointment','Sorry Not able to attend because Of Scheduled Program. All The Best For Program.','NA','2019-04-10 17:57:17','2019-04-12 18:01:31'),(21,'Appointment','Under Consideration.','UC','2019-04-10 17:57:48','2019-04-12 18:05:47'),(27,'BeneficiaryScheme','Letter  Written For Additional Documents','Query','2019-04-12 07:07:23','2019-04-12 07:07:23'),(28,'Feedback','Complaint Resolved','CR','2019-04-12 17:52:43','2019-04-12 17:52:43'),(29,'Feedback','Work Request Considered and Listed in Action Plan.','AP','2019-04-12 17:54:54','2019-04-12 17:54:54'),(30,'Feedback','Complaint has been Closed','CC','2019-04-12 17:55:45','2019-04-12 17:55:45'),(31,'BeneficiaryScheme','Submitted to CM Office and Under Progress','SCMO','2019-04-13 10:38:12','2019-04-13 10:38:12');
/*!40000 ALTER TABLE `entity_statuses` ENABLE KEYS */;
UNLOCK TABLES;

--
-- Table structure for table `panchayats`
--

DROP TABLE IF EXISTS `panchayats`;
/*!40101 SET @saved_cs_client     = @@character_set_client */;
/*!40101 SET character_set_client = utf8 */;
CREATE TABLE `panchayats` (
  `id` bigint(20) NOT NULL AUTO_INCREMENT,
  `taluk_id` bigint(20) DEFAULT NULL,
  `name` varchar(255) DEFAULT NULL,
  `code` varchar(255) DEFAULT NULL,
  `created_at` datetime NOT NULL,
  `updated_at` datetime NOT NULL,
  PRIMARY KEY (`id`),
  KEY `index_panchayats_on_taluk_id` (`taluk_id`),
  CONSTRAINT `fk_rails_7b6d56feb6` FOREIGN KEY (`taluk_id`) REFERENCES `taluks` (`id`)
) ENGINE=InnoDB AUTO_INCREMENT=78 DEFAULT CHARSET=utf8;
/*!40101 SET character_set_client = @saved_cs_client */;

--
-- Dumping data for table `panchayats`
--

LOCK TABLES `panchayats` WRITE;
/*!40000 ALTER TABLE `panchayats` DISABLE KEYS */;
INSERT INTO `panchayats` VALUES (1,1,'BAILURU','BGP01','2019-04-08 04:29:34','2019-04-16 06:33:26'),(2,1,'BELAKE','BGP02','2019-04-08 04:29:34','2019-04-08 07:17:23'),(3,1,'BENGRE','BGP03','2019-04-08 07:01:47','2019-04-08 08:00:37'),(4,1,'HADUVALLI','BGP04','2019-04-08 07:01:47','2019-04-08 08:00:37'),(5,1,'HEBALE','BGP05','2019-04-08 07:17:23','2019-04-08 08:00:37'),(28,8,'BALKURU','HGP01','2019-04-08 09:58:12','2019-04-16 06:33:26'),(33,1,'KAYKINI','BGP06','2019-04-08 10:39:08','2019-04-08 10:39:08'),(34,1,'KONAR','BGP07','2019-04-08 10:39:08','2019-04-08 10:39:08'),(35,1,'KOPPA','BGP08','2019-04-08 10:39:08','2019-04-08 10:39:08'),(36,1,'MARUKERI','BGP09','2019-04-08 10:39:08','2019-04-08 10:39:08'),(37,1,'MAVALLI-1','BGP10','2019-04-08 10:39:08','2019-04-10 11:02:26'),(38,1,'MAVALLI-2','BGP11','2019-04-08 10:39:08','2019-04-08 10:39:08'),(39,1,'MAVINAKURVE','BGP12','2019-04-08 10:39:08','2019-04-08 10:39:08'),(40,1,'MUNDALLI','BGP13','2019-04-08 10:39:08','2019-04-08 10:39:08'),(41,1,'MUTTALLI','BGP14','2019-04-08 10:39:08','2019-04-08 10:39:08'),(42,1,'SHIRALI','BGP15','2019-04-08 10:39:08','2019-04-08 10:39:08'),(43,1,'YALVADIKAVURU','BGP16','2019-04-08 10:39:08','2019-04-08 10:39:08'),(44,1,'BHATKAL TMC','BTMC01','2019-04-08 10:39:08','2019-04-08 10:39:08'),(45,1,'JALI PP','BPP01','2019-04-08 10:39:08','2019-04-08 10:39:08'),(46,8,'CHIKKANKOD','HGP02','2019-04-08 10:39:08','2019-04-08 10:39:08'),(47,8,'HADINBALA','HGP03','2019-04-08 10:39:08','2019-04-08 10:39:08'),(48,8,'HERANAGDI','HGP04','2019-04-08 10:39:08','2019-04-08 10:39:08'),(49,8,'JALAVALLI','HGP05','2019-04-08 10:39:08','2019-04-08 10:39:08'),(50,8,'KASARKOD','HGP06','2019-04-08 10:39:08','2019-04-08 10:39:08'),(51,8,'KELAGINURU','HGP07','2019-04-08 10:39:08','2019-04-08 10:39:08'),(52,8,'KHARVA','HGP08','2019-04-08 10:39:08','2019-04-16 06:33:26'),(53,8,'KODANI','HGP09','2019-04-08 10:39:08','2019-04-08 10:39:08'),(54,8,'KUDRIGI','HGP10','2019-04-08 10:39:08','2019-04-08 10:39:08'),(55,8,'MAGOD','HGP11','2019-04-08 10:39:08','2019-04-08 10:39:08'),(56,8,'MANKI A (HALEMATHA)','HGP12','2019-04-08 10:39:08','2019-04-08 10:39:08'),(57,8,'MANKI B (ANANTAWADI)','HGP13','2019-04-08 10:39:08','2019-04-08 10:39:08'),(58,8,'MANKI C (CHITTARA)','HGP14','2019-04-08 10:39:08','2019-04-08 10:39:08'),(59,8,'MAVINAKURVA','HGP15','2019-04-08 10:39:08','2019-04-08 10:39:08'),(60,8,'MELINA IDAGUNJI','HGP16','2019-04-08 10:39:08','2019-04-08 10:39:08'),(61,8,'MUGVA','HGP17','2019-04-08 10:39:08','2019-04-08 10:39:08'),(62,8,'NAGARBASTIKERI','HGP18','2019-04-08 10:39:08','2019-04-08 10:39:08'),(63,8,'UPPONI','HGP19','2019-04-08 10:39:08','2019-04-08 10:39:08'),(64,8,'HONNAVAR PP','HPP01','2019-04-13 10:56:39','2019-04-16 06:35:25'),(65,9,'BELAKE MAHASHAKTI KENDRA','BMSC','2019-04-15 12:14:52','2019-04-15 12:17:42'),(66,9,'SHIRALI MAHASHAKTI KENDRA','SMSC','2019-04-15 12:15:57','2019-04-15 12:17:28'),(67,9,'HEBALE MAHASHAKTI KENDRA','HMSC','2019-04-15 12:17:15','2019-04-15 12:17:15'),(68,9,'MAVALLI MAHASHAKTI KENDRA','MMSC','2019-04-15 12:18:57','2019-04-15 12:18:57'),(69,10,'MANKI MAHASHAKTI KENDRA','MAMSC','2019-04-15 12:23:30','2019-04-15 12:25:08'),(70,10,'MAVINAKURVA MAHASHAKTI KENDRA','MKMSC','2019-04-15 12:24:48','2019-04-15 12:24:48'),(71,10,'NAGARABASTIKERI MAHASHAKTI KENDRA','NAMSC','2019-04-15 12:26:10','2019-04-15 17:08:11'),(72,9,'BHATKAL MANDALA','BKM','2019-04-15 16:45:14','2019-04-16 06:34:11'),(73,10,'HONNAVAR MANDALA','HM','2019-04-15 17:02:20','2019-04-15 17:02:20'),(74,10,'MUGVA MAHASHAKTI KENDRA','MMSK','2019-04-17 12:11:46','2019-04-19 02:44:17'),(75,9,'BHATKAL MAHASHAKTI KENDRA','BMK','2019-04-17 16:54:17','2019-04-17 16:54:17'),(76,9,'JALI MAHASHAKTI KENDRA','JMSK','2019-04-17 16:56:21','2019-04-17 16:56:21'),(77,8,'MANKI','MAN','2019-04-21 13:38:06','2019-04-21 13:38:06');
/*!40000 ALTER TABLE `panchayats` ENABLE KEYS */;
UNLOCK TABLES;

--
-- Table structure for table `places`
--

DROP TABLE IF EXISTS `places`;
/*!40101 SET @saved_cs_client     = @@character_set_client */;
/*!40101 SET character_set_client = utf8 */;
CREATE TABLE `places` (
  `id` bigint(20) NOT NULL AUTO_INCREMENT,
  `panchayat_id` bigint(20) DEFAULT NULL,
  `name` varchar(255) DEFAULT NULL,
  `code` varchar(255) DEFAULT NULL,
  `place_type` varchar(255) DEFAULT NULL,
  `created_at` datetime NOT NULL,
  `updated_at` datetime NOT NULL,
  `full_name` varchar(255) DEFAULT NULL,
  PRIMARY KEY (`id`),
  KEY `index_places_on_panchayat_id` (`panchayat_id`),
  CONSTRAINT `fk_rails_2ed68c5fa2` FOREIGN KEY (`panchayat_id`) REFERENCES `panchayats` (`id`)
) ENGINE=InnoDB AUTO_INCREMENT=463 DEFAULT CHARSET=utf8;
/*!40101 SET character_set_client = @saved_cs_client */;

--
-- Dumping data for table `places`
--

LOCK TABLES `places` WRITE;
/*!40000 ALTER TABLE `places` DISABLE KEYS */;
INSERT INTO `places` VALUES (1,1,'BAILURU','BLRV01','Village','2019-04-08 04:29:34','2019-04-16 06:33:26','BAILURU - BAILURU - BHATKAL - BHATKAL-HONNAVAR-79'),(2,1,'TUDALLI','BLRM01','Hamlet','2019-04-08 04:29:34','2019-04-10 12:33:35','TUDALLI - BAILUR - BHATKAL - BHATKAL-HONNAVAR-79'),(3,1,'DODDA BALASE','BLRM02','Hamlet','2019-04-08 04:29:34','2019-04-10 10:15:49','DODDA BALASE - BAILUR - BHATKAL - BHATKAL-HONNAVAR-79'),(4,1,'SANNA BALASE','BLRM03','Hamlet','2019-04-08 04:29:34','2019-04-10 10:15:49','SANNA BALASE - BAILUR - BHATKAL - BHATKAL-HONNAVAR-79'),(5,1,'CHRISTIANKERI','BLRM04','Hamlet','2019-04-08 04:29:34','2019-04-10 10:15:49','CHRISTIANKERI - BAILUR - BHATKAL - BHATKAL-HONNAVAR-79'),(6,2,'BELAKE','BLKV01','Village','2019-04-08 04:29:34','2019-04-10 10:15:49','BELAKE - BELAKE - BHATKAL - BHATKAL-HONNAVAR-79'),(7,1,'GOVEHITTALU','BLRM05','Hamlet','2019-04-08 07:01:47','2019-04-10 10:15:49','GOVEHITTALU - BAILUR - BHATKAL - BHATKAL-HONNAVAR-79'),(8,1,'TENGAR','BLRM06','Hamlet','2019-04-08 07:01:47','2019-04-10 10:15:49','TENGAR - BAILUR - BHATKAL - BHATKAL-HONNAVAR-79'),(9,1,'MARKANDESHWAR','BLRM07','Hamlet','2019-04-08 07:01:47','2019-04-10 10:15:49','MARKANDESHWAR - BAILUR - BHATKAL - BHATKAL-HONNAVAR-79'),(10,1,'KUMBARKERI','BLRM08','Hamlet','2019-04-08 07:01:47','2019-04-10 10:15:49','KUMBARKERI - BAILUR - BHATKAL - BHATKAL-HONNAVAR-79'),(11,1,'HARIKANTRAKERI','BLRM09','Hamlet','2019-04-08 07:01:47','2019-04-10 10:15:49','HARIKANTRAKERI - BAILUR - BHATKAL - BHATKAL-HONNAVAR-79'),(12,1,'MADIKERI','BLRM10','Hamlet','2019-04-08 07:01:47','2019-04-10 10:15:49','MADIKERI - BAILUR - BHATKAL - BHATKAL-HONNAVAR-79'),(13,1,'SHERUGARKERI','BLRM11','Hamlet','2019-04-08 07:01:47','2019-04-10 10:15:49','SHERUGARKERI - BAILUR - BHATKAL - BHATKAL-HONNAVAR-79'),(14,1,'MELINA SHERUGARKERI','BLRM12','Hamlet','2019-04-08 07:01:47','2019-04-10 10:15:49','MELINA SHERUGARKERI - BAILUR - BHATKAL - BHATKAL-HONNAVAR-79'),(15,1,'KA‌SGERI','BLRM13','Hamlet','2019-04-08 07:01:47','2019-04-16 06:33:26','KA‌SGERI - BAILURU - BHATKAL - BHATKAL-HONNAVAR-79'),(16,1,'KIRIBACHHALU','BLRM14','Hamlet','2019-04-08 07:01:47','2019-04-10 10:15:49','KIRIBACHHALU - BAILUR - BHATKAL - BHATKAL-HONNAVAR-79'),(17,1,'NEERGADDE','BLRM15','Hamlet','2019-04-08 07:01:47','2019-04-10 10:15:49','NEERGADDE - BAILUR - BHATKAL - BHATKAL-HONNAVAR-79'),(18,1,'BASTIMAKKI','BLRM16','Hamlet','2019-04-08 07:01:47','2019-04-10 10:15:49','BASTIMAKKI - BAILUR - BHATKAL - BHATKAL-HONNAVAR-79'),(20,2,'GORTE','BLKV02','Village','2019-04-08 07:17:23','2019-04-10 10:15:49','GORTE - BELAKE - BHATKAL - BHATKAL-HONNAVAR-79'),(21,2,'NOOJ','BLKV03','Village','2019-04-08 07:17:23','2019-04-10 10:15:49','NOOJ - BELAKE - BHATKAL - BHATKAL-HONNAVAR-79'),(22,2,'KAGGUNDI','BLKV04','Village','2019-04-08 07:17:23','2019-04-10 10:15:49','KAGGUNDI - BELAKE - BHATKAL - BHATKAL-HONNAVAR-79'),(23,2,'MOGERAKERI','BLKW01','Ward','2019-04-08 08:00:37','2019-04-16 06:33:26','MOGERAKERI - BELAKE - BHATKAL - BHATKAL-HONNAVAR-79'),(24,2,'KANCHIKERI','BLKW02','Ward','2019-04-08 08:00:37','2019-04-10 10:15:49','KANCHIKERI - BELAKE - BHATKAL - BHATKAL-HONNAVAR-79'),(25,2,'HONNEMADI','BLKW03','Ward','2019-04-08 08:00:37','2019-04-10 10:15:49','HONNEMADI - BELAKE - BHATKAL - BHATKAL-HONNAVAR-79'),(27,3,'BENGRE','BENV01','Village','2019-04-08 09:15:21','2019-04-10 10:15:49','BENGRE - BENGRE - BHATKAL - BHATKAL-HONNAVAR-79'),(28,3,'HEDDARIMANE','BENW01','Ward','2019-04-08 09:16:35','2019-04-10 10:15:49','HEDDARIMANE - BENGRE - BHATKAL - BHATKAL-HONNAVAR-79'),(29,3,'SANABAVI','BENW02','Ward','2019-04-08 09:17:24','2019-04-10 10:15:49','SANABAVI - BENGRE - BHATKAL - BHATKAL-HONNAVAR-79'),(30,4,'HADUVALLI','HADV01','Village','2019-04-08 09:22:16','2019-04-10 10:15:49','HADUVALLI - HADUVALLI - BHATKAL - BHATKAL-HONNAVAR-79'),(31,3,'ULMAN','BENW03','Ward','2019-04-08 09:29:44','2019-04-10 10:15:49','ULMAN - BENGRE - BHATKAL - BHATKAL-HONNAVAR-79'),(32,3,'MOODSHIRALI','BENW04','Ward','2019-04-08 09:29:44','2019-04-16 06:33:26','MOODSHIRALI - BENGRE - BHATKAL - BHATKAL-HONNAVAR-79'),(33,3,'KOAGTI','BENW05','Ward','2019-04-08 09:29:44','2019-04-16 06:33:26','KOAGTI - BENGRE - BHATKAL - BHATKAL-HONNAVAR-79'),(34,3,'SHASHIHITLU','BENM01','Hamlet','2019-04-08 09:29:44','2019-04-10 10:15:49','SHASHIHITLU - BENGRE - BHATKAL - BHATKAL-HONNAVAR-79'),(35,3,'MAVINAKATTE','BENM02','Hamlet','2019-04-08 09:29:44','2019-04-10 10:15:49','MAVINAKATTE - BENGRE - BHATKAL - BHATKAL-HONNAVAR-79'),(36,3,'PADUSHIRALI','BENM03','Hamlet','2019-04-08 09:29:44','2019-04-10 10:15:49','PADUSHIRALI - BENGRE - BHATKAL - BHATKAL-HONNAVAR-79'),(37,3,'BOANGRIJADDU','BENM04','Hamlet','2019-04-08 09:29:44','2019-04-16 06:33:26','BOANGRIJADDU - BENGRE - BHATKAL - BHATKAL-HONNAVAR-79'),(38,3,'MATHADAKERI','BENM05','Hamlet','2019-04-08 09:32:09','2019-04-10 10:15:49','MATHADAKERI - BENGRE - BHATKAL - BHATKAL-HONNAVAR-79'),(39,4,'KURUNDURU','HADV02','Village','2019-04-08 09:40:49','2019-04-10 10:15:49','KURUNDURU - HADUVALLI - BHATKAL - BHATKAL-HONNAVAR-79'),(40,4,'HALYANI','HADV03','Village','2019-04-08 10:11:43','2019-04-10 10:15:49','HALYANI - HADUVALLI - BHATKAL - BHATKAL-HONNAVAR-79'),(41,4,'HASRAVALLI','HADV04','Village','2019-04-08 10:11:43','2019-04-10 10:15:49','HASRAVALLI - HADUVALLI - BHATKAL - BHATKAL-HONNAVAR-79'),(42,4,'HENJALE','HADV05','Village','2019-04-08 10:11:43','2019-04-10 10:15:49','HENJALE - HADUVALLI - BHATKAL - BHATKAL-HONNAVAR-79'),(43,4,'BADEBAG','HADV06','Village','2019-04-08 10:11:43','2019-04-10 10:15:49','BADEBAG - HADUVALLI - BHATKAL - BHATKAL-HONNAVAR-79'),(44,4,'HUDIL','HADV07','Village','2019-04-08 10:11:43','2019-04-10 10:15:49','HUDIL - HADUVALLI - BHATKAL - BHATKAL-HONNAVAR-79'),(45,4,'ONIBAGILU','HADV08','Village','2019-04-08 10:11:43','2019-04-10 10:15:49','ONIBAGILU - HADUVALLI - BHATKAL - BHATKAL-HONNAVAR-79'),(46,4,'KUNTAVANI','HADV09','Village','2019-04-08 10:11:43','2019-04-10 10:15:49','KUNTAVANI - HADUVALLI - BHATKAL - BHATKAL-HONNAVAR-79'),(47,4,'KULAVADI','HADV10','Village','2019-04-08 10:11:43','2019-04-10 10:15:49','KULAVADI - HADUVALLI - BHATKAL - BHATKAL-HONNAVAR-79'),(48,4,'ARUVAKKI','HADV11','Village','2019-04-08 10:11:43','2019-04-11 15:19:59','ARUVAKKI - HADUVALLI - BHATKAL - BHATKAL-HONNAVAR-79'),(49,4,'HEJJILU','HADV12','Village','2019-04-08 10:11:43','2019-04-10 10:15:49','HEJJILU - HADUVALLI - BHATKAL - BHATKAL-HONNAVAR-79'),(50,4,'KEKKODA','HADV13','Village','2019-04-08 10:11:43','2019-04-10 10:15:49','KEKKODA - HADUVALLI - BHATKAL - BHATKAL-HONNAVAR-79'),(51,4,'AGGA','HADV14','Village','2019-04-08 10:11:43','2019-04-10 10:15:49','AGGA - HADUVALLI - BHATKAL - BHATKAL-HONNAVAR-79'),(52,4,'MURKODI','HADV15','Village','2019-04-08 10:11:43','2019-04-10 10:15:49','MURKODI - HADUVALLI - BHATKAL - BHATKAL-HONNAVAR-79'),(53,4,'DEVASTHAN MIGTE','HADV16','Village','2019-04-08 10:11:43','2019-04-10 10:15:49','DEVASTHAN MIGTE - HADUVALLI - BHATKAL - BHATKAL-HONNAVAR-79'),(54,4,'BASTIGALA MIGTE','HADV17','Village','2019-04-08 10:11:43','2019-04-10 10:15:49','BASTIGALA MIGTE - HADUVALLI - BHATKAL - BHATKAL-HONNAVAR-79'),(55,5,'HEBALE','HEBV01','Village','2019-04-08 10:52:31','2019-04-10 10:15:50','HEBALE - HEBALE - BHATKAL - BHATKAL-HONNAVAR-79'),(56,5,'SAMPANAKERI','HEBM01','Hamlet','2019-04-08 10:52:31','2019-04-10 10:15:49','SAMPANAKERI - HEBALE - BHATKAL - BHATKAL-HONNAVAR-79'),(57,5,'OBBANAKALLU','HEBM02','Hamlet','2019-04-08 10:52:31','2019-04-10 10:15:49','OBBANAKALLU - HEBALE - BHATKAL - BHATKAL-HONNAVAR-79'),(58,5,'HONNEGADDE','HEBM03','Hamlet','2019-04-08 10:52:31','2019-04-10 10:15:49','HONNEGADDE - HEBALE - BHATKAL - BHATKAL-HONNAVAR-79'),(59,5,'HERTAR','HEBM04','Hamlet','2019-04-08 10:52:31','2019-04-10 10:15:49','HERTAR - HEBALE - BHATKAL - BHATKAL-HONNAVAR-79'),(60,5,'HIREKERI','HEBM05','Hamlet','2019-04-08 10:52:31','2019-04-10 10:15:49','HIREKERI - HEBALE - BHATKAL - BHATKAL-HONNAVAR-79'),(61,5,'TENGINAGUNDI','HEBM06','Hamlet','2019-04-08 10:52:31','2019-04-10 10:15:49','TENGINAGUNDI - HEBALE - BHATKAL - BHATKAL-HONNAVAR-79'),(62,5,'BAALEHITLU','HEBM07','Hamlet','2019-04-08 10:52:31','2019-04-16 06:33:26','BAALEHITLU - HEBALE - BHATKAL - BHATKAL-HONNAVAR-79'),(63,5,'GIRINAHITLU','HEBM08','Hamlet','2019-04-08 10:52:31','2019-04-10 10:15:50','GIRINAHITLU - HEBALE - BHATKAL - BHATKAL-HONNAVAR-79'),(64,5,'GORTEKERI','HEBM09','Hamlet','2019-04-08 10:52:31','2019-04-10 10:15:50','GORTEKERI - HEBALE - BHATKAL - BHATKAL-HONNAVAR-79'),(65,5,'AMBARIHITLU','HEBM10','Hamlet','2019-04-08 10:52:31','2019-04-10 10:15:50','AMBARIHITLU - HEBALE - BHATKAL - BHATKAL-HONNAVAR-79'),(66,5,'MAVINAKURVE','HEBM11','Hamlet','2019-04-08 10:52:31','2019-04-10 10:15:50','MAVINAKURVE - HEBALE - BHATKAL - BHATKAL-HONNAVAR-79'),(67,5,'BELEGADDE','HEBM12','Hamlet','2019-04-08 10:52:31','2019-04-10 10:15:50','BELEGADDE - HEBALE - BHATKAL - BHATKAL-HONNAVAR-79'),(68,5,'KUKNIRU','HEBM13','Hamlet','2019-04-08 10:52:31','2019-04-22 07:01:26','KUKNIRU - HEBALE - BHATKAL - BHATKAL-HONNAVAR-79'),(69,5,'GANDHINAGAR','HEBM14','Hamlet','2019-04-08 10:52:31','2019-04-10 10:15:50','GANDHINAGAR - HEBALE - BHATKAL - BHATKAL-HONNAVAR-79'),(70,5,'JANATA COLONY','HEBM15','Hamlet','2019-04-08 10:52:31','2019-04-10 10:15:50','JANATA COLONY - HEBALE - BHATKAL - BHATKAL-HONNAVAR-79'),(71,5,'ASHRAYA COLONY','HEBM16','Hamlet','2019-04-08 10:52:31','2019-04-10 10:15:50','ASHRAYA COLONY - HEBALE - BHATKAL - BHATKAL-HONNAVAR-79'),(72,5,'VARKODLA','HEBM17','Hamlet','2019-04-08 10:52:31','2019-04-10 10:15:50','VARKODLA - HEBALE - BHATKAL - BHATKAL-HONNAVAR-79'),(73,5,'NERLESAR','HEBM18','Hamlet','2019-04-08 10:52:31','2019-04-10 10:15:50','NERLESAR - HEBALE - BHATKAL - BHATKAL-HONNAVAR-79'),(74,5,'HANEEFABAD','HEBM19','Hamlet','2019-04-08 10:52:31','2019-04-10 10:15:50','HANEEFABAD - HEBALE - BHATKAL - BHATKAL-HONNAVAR-79'),(75,33,'KAYKINI','KAYV01','Village','2019-04-08 10:56:25','2019-04-10 10:15:50','KAYKINI - KAYKINI - BHATKAL - BHATKAL-HONNAVAR-79'),(76,34,'KONAR','KONV01','Village','2019-04-08 10:57:09','2019-04-10 10:15:50','KONAR - KONAR - BHATKAL - BHATKAL-HONNAVAR-79'),(77,35,'KOPPA','KOPV01','Village','2019-04-08 10:58:23','2019-04-10 10:15:50','KOPPA - KOPPA - BHATKAL - BHATKAL-HONNAVAR-79'),(78,36,'MARUKERI','MARV01','Village','2019-04-08 10:58:52','2019-04-10 10:15:50','MARUKERI - MARUKERI - BHATKAL - BHATKAL-HONNAVAR-79'),(79,37,'MAVALLI-1','MAVV01','Village','2019-04-08 10:59:25','2019-04-10 12:58:44','MAVALLI-1 - MAVALLI-1 - BHATKAL - BHATKAL-HONNAVAR-79'),(80,38,'MAVALLI-2','MAV2V01','Village','2019-04-08 11:00:16','2019-04-10 10:15:50','MAVALLI-2 - MAVALLI-2 - BHATKAL - BHATKAL-HONNAVAR-79'),(81,39,'MAVINAKURVE','MAKV01','Village','2019-04-08 11:00:52','2019-04-10 10:15:50','MAVINAKURVE - MAVINAKURVE - BHATKAL - BHATKAL-HONNAVAR-79'),(82,40,'MUNDALLI','MUNV01','Village','2019-04-08 11:01:21','2019-04-10 10:15:50','MUNDALLI - MUNDALLI - BHATKAL - BHATKAL-HONNAVAR-79'),(83,41,'MUTTALLI','MUTV01','Village','2019-04-08 11:01:47','2019-04-10 10:15:50','MUTTALLI - MUTTALLI - BHATKAL - BHATKAL-HONNAVAR-79'),(84,42,'SHIRALI-1','SHRV01','Village','2019-04-08 11:02:14','2019-04-10 16:27:06','SHIRALI-1 - SHIRALI - BHATKAL - BHATKAL-HONNAVAR-79'),(85,43,'YALVADIKAVURU','YALV01','Village','2019-04-08 11:02:59','2019-04-10 10:15:51','YALVADIKAVURU - YALVADIKAVURU - BHATKAL - BHATKAL-HONNAVAR-79'),(86,44,'BHATKAL','BTMW01','Ward','2019-04-08 11:03:38','2019-04-10 10:15:49','BHATKAL - BHATKAL TMC - BHATKAL - BHATKAL-HONNAVAR-79'),(87,45,'JALI DODMANE','JPPH01','Hamlet','2019-04-08 11:04:07','2019-04-10 10:15:50','JALI DODMANE - JALI PP - BHATKAL - BHATKAL-HONNAVAR-79'),(88,28,'BALKURU-1','BALV01','Village','2019-04-08 11:04:46','2019-04-22 07:44:49','BALKURU-1 - BALKURU - HONNAVAR - BHATKAL-HONNAVAR-79'),(89,46,'CHIKKANKOD','CHIV01','Village','2019-04-08 11:05:25','2019-04-10 10:15:49','CHIKKANKOD - CHIKKANKOD - HONNAVAR - BHATKAL-HONNAVAR-79'),(90,47,'HADINABALA','HBLV01','Village','2019-04-08 11:06:14','2019-04-10 10:15:49','HADINABALA - HADINBALA - HONNAVAR - BHATKAL-HONNAVAR-79'),(91,48,'HERANGADI','HERV01','Village','2019-04-08 11:07:48','2019-04-10 10:15:50','HERANGADI - HERANAGDI - HONNAVAR - BHATKAL-HONNAVAR-79'),(92,49,'JALAVALLI','JALV01','Village','2019-04-08 11:08:22','2019-04-10 10:15:50','JALAVALLI - JALAVALLI - HONNAVAR - BHATKAL-HONNAVAR-79'),(93,50,'KASARKOAD','KASV01','Village','2019-04-08 11:08:54','2019-04-10 10:15:50','KASARKOAD - KASARKOD - HONNAVAR - BHATKAL-HONNAVAR-79'),(94,51,'KELAGINOORU','KELV01','Village','2019-04-08 11:09:35','2019-04-10 10:15:50','KELAGINOORU - KELAGINURU - HONNAVAR - BHATKAL-HONNAVAR-79'),(95,52,'KHARVA','KHAV01','Village','2019-04-08 11:10:02','2019-04-10 10:15:50','KHARVA - KAHRVA - HONNAVAR - BHATKAL-HONNAVAR-79'),(96,53,'KODANI','KODV01','Village','2019-04-08 11:10:26','2019-04-10 10:15:50','KODANI - KODANI - HONNAVAR - BHATKAL-HONNAVAR-79'),(97,54,'KUDRIGI','KUDV01','Village','2019-04-08 11:10:56','2019-04-10 10:15:50','KUDRIGI - KUDRIGI - HONNAVAR - BHATKAL-HONNAVAR-79'),(98,55,'MAGOD','MAGV01','Village','2019-04-08 11:11:20','2019-04-10 10:15:50','MAGOD - MAGOD - HONNAVAR - BHATKAL-HONNAVAR-79'),(99,56,'MANKI A (HALEMATH)','HALV01','Village','2019-04-08 11:11:44','2019-04-10 16:41:10','MANKI A (HALEMATH) - MANKI A (HALEMATHA) - HONNAVAR - BHATKAL-HONNAVAR-79'),(100,57,'ANANTWADI','ANAV01','Village','2019-04-08 11:12:11','2019-04-10 10:15:49','ANANTWADI - MANKI B (ANANTAWADI) - HONNAVAR - BHATKAL-HONNAVAR-79'),(101,58,'CHITTAR','CHIV01','Village','2019-04-08 11:12:36','2019-04-10 10:15:49','CHITTAR - MANKI C (CHITTARA) - HONNAVAR - BHATKAL-HONNAVAR-79'),(102,59,'MAVINAKURVA','MAKV01','Village','2019-04-08 11:13:16','2019-04-10 10:15:50','MAVINAKURVA - MAVINAKURVA - HONNAVAR - BHATKAL-HONNAVAR-79'),(103,60,'MELINA IDAGUNJI','MEIV01','Village','2019-04-08 11:13:50','2019-04-10 10:15:50','MELINA IDAGUNJI - MELINA IDAGUNJI - HONNAVAR - BHATKAL-HONNAVAR-79'),(104,61,'MUGVA','MUGV01','Village','2019-04-08 11:14:44','2019-04-10 10:15:50','MUGVA - MUGVA - HONNAVAR - BHATKAL-HONNAVAR-79'),(105,62,'NAGARABASTIKERI','NAGV01','Village','2019-04-08 11:15:23','2019-04-10 10:15:50','NAGARABASTIKERI - NAGARBASTIKERI - HONNAVAR - BHATKAL-HONNAVAR-79'),(106,63,'UPPONI','UPPV01','Village','2019-04-08 11:18:03','2019-04-10 10:15:51','UPPONI - UPPONI - HONNAVAR - BHATKAL-HONNAVAR-79'),(107,34,'BILURAMANE','KONV02','Village','2019-04-08 12:39:57','2019-04-10 10:15:50','BILURAMANE - KONAR - BHATKAL - BHATKAL-HONNAVAR-79'),(108,34,'KEREHITLU','KONV03','Village','2019-04-08 12:40:49','2019-04-10 10:15:50','KEREHITLU - KONAR - BHATKAL - BHATKAL-HONNAVAR-79'),(109,34,'BESE','KONV04','Village','2019-04-08 12:41:26','2019-04-10 10:15:50','BESE - KONAR - BHATKAL - BHATKAL-HONNAVAR-79'),(110,34,'MUGALI','KONV05','Village','2019-04-08 12:53:02','2019-04-10 10:15:50','MUGALI - KONAR - BHATKAL - BHATKAL-HONNAVAR-79'),(111,34,'HADIL','KONV06','Village','2019-04-08 12:53:34','2019-04-10 10:15:50','HADIL - KONAR - BHATKAL - BHATKAL-HONNAVAR-79'),(112,34,'HADLUR','KONV07','Village','2019-04-08 12:54:07','2019-04-10 10:15:50','HADLUR - KONAR - BHATKAL - BHATKAL-HONNAVAR-79'),(113,34,'HALLARI','KONV08','Village','2019-04-08 12:54:36','2019-04-10 10:15:50','HALLARI - KONAR - BHATKAL - BHATKAL-HONNAVAR-79'),(114,36,'KOTKHAND','MARV02','Village','2019-04-08 12:55:30','2019-04-10 10:15:50','KOTKHAND - MARUKERI - BHATKAL - BHATKAL-HONNAVAR-79'),(115,36,'KITRE','MARV03','Village','2019-04-08 12:56:01','2019-04-10 10:15:50','KITRE - MARUKERI - BHATKAL - BHATKAL-HONNAVAR-79'),(116,36,'ANTROALI','MARV04','Village','2019-04-08 12:56:38','2019-04-10 10:15:50','ANTROALI - MARUKERI - BHATKAL - BHATKAL-HONNAVAR-79'),(117,39,'KARIKAL','MAKV02','Village','2019-04-08 12:57:25','2019-04-10 10:15:50','KARIKAL - MAVINAKURVE - BHATKAL - BHATKAL-HONNAVAR-79'),(118,39,'BELNI','MAKV03','Village','2019-04-08 12:57:55','2019-04-10 10:15:50','BELNI - MAVINAKURVE - BHATKAL - BHATKAL-HONNAVAR-79'),(119,39,'TALGOD','MAKV04','Village','2019-04-08 12:58:25','2019-04-10 10:15:50','TALGOD - MAVINAKURVE - BHATKAL - BHATKAL-HONNAVAR-79'),(120,40,'CHAUTANI','MUNV02','Village','2019-04-08 12:59:03','2019-04-10 10:15:50','CHAUTANI - MUNDALLI - BHATKAL - BHATKAL-HONNAVAR-79'),(121,41,'BILALKHAND','MUTV02','Village','2019-04-08 12:59:44','2019-04-10 10:15:50','BILALKHAND - MUTTALLI - BHATKAL - BHATKAL-HONNAVAR-79'),(122,41,'BEHALLI','MUTV03','Village','2019-04-08 13:00:24','2019-04-10 10:15:50','BEHALLI - MUTTALLI - BHATKAL - BHATKAL-HONNAVAR-79'),(123,41,'TALAN','MUTV04','Village','2019-04-08 13:00:58','2019-04-16 06:33:26','TALAN - MUTTALLI - BHATKAL - BHATKAL-HONNAVAR-79'),(124,41,'MOODBHATKAL','MUTV05','Village','2019-04-08 13:01:31','2019-04-16 06:33:26','MOODBHATKAL - MUTTALLI - BHATKAL - BHATKAL-HONNAVAR-79'),(125,42,'SHIRALI-2','SHRV02','Village','2019-04-08 13:02:18','2019-04-10 16:27:21','SHIRALI-2 - SHIRALI - BHATKAL - BHATKAL-HONNAVAR-79'),(126,43,'PURAVARGA','YALV02','Village','2019-04-08 13:02:59','2019-04-10 10:15:51','PURAVARGA - YALVADIKAVURU - BHATKAL - BHATKAL-HONNAVAR-79'),(127,43,'BASTIGALA MIGTE (HADEEN)','YALV03','Village','2019-04-08 13:03:46','2019-04-10 10:15:51','BASTIGALA MIGTE (HADEEN) - YALVADIKAVURU - BHATKAL - BHATKAL-HONNAVAR-79'),(128,43,'BENANDURU','YALV04','Village','2019-04-08 13:04:20','2019-04-10 10:15:51','BENANDURU - YALVADIKAVURU - BHATKAL - BHATKAL-HONNAVAR-79'),(129,43,'HADEEN','YALV05','Village','2019-04-08 13:04:47','2019-04-10 10:15:51','HADEEN - YALVADIKAVURU - BHATKAL - BHATKAL-HONNAVAR-79'),(130,43,'HERURU','YALV06','Village','2019-04-08 13:05:12','2019-04-10 10:15:51','HERURU - YALVADIKAVURU - BHATKAL - BHATKAL-HONNAVAR-79'),(131,43,'GOLIBEERURU','YALV07','Village','2019-04-08 13:05:46','2019-04-10 10:15:51','GOLIBEERURU - YALVADIKAVURU - BHATKAL - BHATKAL-HONNAVAR-79'),(132,45,'KARAGADDE','JPPH02','Hamlet','2019-04-08 13:07:16','2019-04-10 10:15:50','KARAGADDE - JALI PP - BHATKAL - BHATKAL-HONNAVAR-79'),(133,45,'HURULISAL','JPPH03','Hamlet','2019-04-08 13:08:01','2019-04-10 10:15:50','HURULISAL - JALI PP - BHATKAL - BHATKAL-HONNAVAR-79'),(134,45,'VENKATAPURA','JPPH04','Hamlet','2019-04-08 13:09:15','2019-04-10 10:15:50','VENKATAPURA - JALI PP - BHATKAL - BHATKAL-HONNAVAR-79'),(135,45,'TALAGERI','JPPH05','Hamlet','2019-04-08 13:09:55','2019-04-10 10:15:50','TALAGERI - JALI PP - BHATKAL - BHATKAL-HONNAVAR-79'),(136,45,'AZADANAGAR','JPPH06','Hamlet','2019-04-08 13:10:34','2019-04-10 10:15:50','AZADANAGAR - JALI PP - BHATKAL - BHATKAL-HONNAVAR-79'),(137,28,'KELAGINAMANNIGE','BALV02','Village','2019-04-08 13:11:27','2019-04-10 10:15:49','KELAGINAMANNIGE - BALKUR - HONNAVAR - BHATKAL-HONNAVAR-79'),(138,28,'TALGOD','BALV03','Village','2019-04-08 13:12:07','2019-04-10 10:15:49','TALGOD - BALKUR - HONNAVAR - BHATKAL-HONNAVAR-79'),(139,28,'MELINAMANNIGE','BALV04','Village','2019-04-08 13:12:45','2019-04-10 10:15:49','MELINAMANNIGE - BALKUR - HONNAVAR - BHATKAL-HONNAVAR-79'),(140,46,'JANNKADKAL','CHIV02','Village','2019-04-08 13:13:23','2019-04-10 10:15:49','JANNKADKAL - CHIKKANKOD - HONNAVAR - BHATKAL-HONNAVAR-79'),(141,46,'GUNDABALA-1','CHIV03','Village','2019-04-08 13:13:54','2019-04-22 07:48:02','GUNDABALA-1 - CHIKKANKOD - HONNAVAR - BHATKAL-HONNAVAR-79'),(142,46,'HIREBAILA','CHIV04','Village','2019-04-08 13:14:25','2019-04-10 10:15:49','HIREBAILA - CHIKKANKOD - HONNAVAR - BHATKAL-HONNAVAR-79'),(143,46,'HERAVALI','CHIV05','Village','2019-04-08 13:14:52','2019-04-10 10:15:49','HERAVALI - CHIKKANKOD - HONNAVAR - BHATKAL-HONNAVAR-79'),(144,46,'HOSAGOD','CHIV06','Village','2019-04-08 13:15:48','2019-04-10 10:15:49','HOSAGOD - CHIKKANKOD - HONNAVAR - BHATKAL-HONNAVAR-79'),(145,47,'BEROLLI','HBLV02','Village','2019-04-08 13:16:19','2019-04-10 10:15:49','BEROLLI - HADINBALA - HONNAVAR - BHATKAL-HONNAVAR-79'),(146,47,'MUTTA','HBLV03','Village','2019-04-08 13:16:48','2019-04-10 10:15:49','MUTTA - HADINBALA - HONNAVAR - BHATKAL-HONNAVAR-79'),(147,48,'KELAGINAMUDKANI','HERV02','Village','2019-04-08 13:17:23','2019-04-10 10:15:50','KELAGINAMUDKANI - HERANAGDI - HONNAVAR - BHATKAL-HONNAVAR-79'),(148,48,'TUMBOLLI','HERV03','Village','2019-04-08 13:17:58','2019-04-10 10:15:50','TUMBOLLI - HERANAGDI - HONNAVAR - BHATKAL-HONNAVAR-79'),(149,48,'MELINAMUDKANI','HERV04','Village','2019-04-08 13:18:33','2019-04-10 10:15:50','MELINAMUDKANI - HERANAGDI - HONNAVAR - BHATKAL-HONNAVAR-79'),(150,48,'ADKAR','HERV05','Village','2019-04-08 13:18:57','2019-04-10 10:15:50','ADKAR - HERANAGDI - HONNAVAR - BHATKAL-HONNAVAR-79'),(151,49,'JALAVALKARKI','JALV02','Village','2019-04-08 13:19:33','2019-04-10 10:15:50','JALAVALKARKI - JALAVALLI - HONNAVAR - BHATKAL-HONNAVAR-79'),(152,49,'KERAVALLI','JALV03','Village','2019-04-08 13:20:11','2019-04-10 10:15:50','KERAVALLI - JALAVALLI - HONNAVAR - BHATKAL-HONNAVAR-79'),(153,49,'PADKULI','JALV04','Village','2019-04-08 13:20:42','2019-04-10 10:15:50','PADKULI - JALAVALLI - HONNAVAR - BHATKAL-HONNAVAR-79'),(154,50,'KANAKICHITTA','KASV02','Village','2019-04-08 13:21:19','2019-04-10 10:15:50','KANAKICHITTA - KASARKOD - HONNAVAR - BHATKAL-HONNAVAR-79'),(155,50,'HOSAPATTANA','KASV03','Village','2019-04-08 13:21:50','2019-04-10 10:15:50','HOSAPATTANA - KASARKOD - HONNAVAR - BHATKAL-HONNAVAR-79'),(156,51,'GUNAVANTE','KELV02','Village','2019-04-08 13:22:24','2019-04-10 10:15:50','GUNAVANTE - KELAGINURU - HONNAVAR - BHATKAL-HONNAVAR-79'),(157,52,'KOODLA','KHAV02','Village','2019-04-08 13:22:55','2019-04-10 10:15:50','KOODLA - KAHRVA - HONNAVAR - BHATKAL-HONNAVAR-79'),(158,53,'BERANKI','KODV02','Village','2019-04-08 13:23:29','2019-04-10 10:15:50','BERANKI - KODANI - HONNAVAR - BHATKAL-HONNAVAR-79'),(159,53,'ANILGOD','KODV03','Village','2019-04-08 13:23:59','2019-04-10 10:15:50','ANILGOD - KODANI - HONNAVAR - BHATKAL-HONNAVAR-79'),(160,53,'HINNUR','KODV04','Village','2019-04-08 13:24:30','2019-04-10 10:15:50','HINNUR - KODANI - HONNAVAR - BHATKAL-HONNAVAR-79'),(161,54,'SHIRKUR','KUDV02','Village','2019-04-08 13:25:06','2019-04-10 10:15:50','SHIRKUR - KUDRIGI - HONNAVAR - BHATKAL-HONNAVAR-79'),(162,55,'BEERANGOD','MAGV02','Village','2019-04-08 13:25:46','2019-04-10 10:15:50','BEERANGOD - MAGOD - HONNAVAR - BHATKAL-HONNAVAR-79'),(163,55,'BALEEMET','MAGV03','Village','2019-04-08 13:26:23','2019-04-10 10:15:50','BALEEMET - MAGOD - HONNAVAR - BHATKAL-HONNAVAR-79'),(164,56,'MADI','HALV02','Village','2019-04-08 13:28:13','2019-04-10 10:15:49','MADI - MANKI A (HALEMATHA) - HONNAVAR - BHATKAL-HONNAVAR-79'),(165,56,'DEVARAGADDE','HALV03','Village','2019-04-08 13:28:52','2019-04-10 10:15:49','DEVARAGADDE - MANKI A (HALEMATHA) - HONNAVAR - BHATKAL-HONNAVAR-79'),(166,56,'HLEMATH','HALV04','Village','2019-04-08 13:29:24','2019-04-10 10:15:49','HLEMATH - MANKI A (HALEMATHA) - HONNAVAR - BHATKAL-HONNAVAR-79'),(167,56,'MULEMANE','HALV05','Village','2019-04-08 13:30:17','2019-04-10 10:15:49','MULEMANE - MANKI A (HALEMATHA) - HONNAVAR - BHATKAL-HONNAVAR-79'),(168,56,'NAVAYATKERI','HALV06','Village','2019-04-08 13:30:45','2019-04-10 10:15:49','NAVAYATKERI - MANKI A (HALEMATHA) - HONNAVAR - BHATKAL-HONNAVAR-79'),(169,56,'KELAGINA NAVAYATKERI','HALV07','Village','2019-04-08 13:31:26','2019-04-10 10:15:49','KELAGINA NAVAYATKERI - MANKI A (HALEMATHA) - HONNAVAR - BHATKAL-HONNAVAR-79'),(170,56,'BANSALE','HALV08','Village','2019-04-08 13:32:07','2019-04-10 10:15:49','BANSALE - MANKI A (HALEMATHA) - HONNAVAR - BHATKAL-HONNAVAR-79'),(171,56,'KARVASA','HALV09','Village','2019-04-08 13:32:37','2019-04-10 10:15:49','KARVASA - MANKI A (HALEMATHA) - HONNAVAR - BHATKAL-HONNAVAR-79'),(172,56,'KATTEANGADI','HALV10','Village','2019-04-08 13:33:06','2019-04-10 10:15:49','KATTEANGADI - MANKI A (HALEMATHA) - HONNAVAR - BHATKAL-HONNAVAR-79'),(173,56,'NAVINKATTE','HALV11','Village','2019-04-08 13:33:33','2019-04-10 10:15:49','NAVINKATTE - MANKI A (HALEMATHA) - HONNAVAR - BHATKAL-HONNAVAR-79'),(174,56,'NAKHMOHALLA','HALV12','Village','2019-04-08 13:34:02','2019-04-10 10:15:49','NAKHMOHALLA - MANKI A (HALEMATHA) - HONNAVAR - BHATKAL-HONNAVAR-79'),(175,56,'GHAJANIHITLA','HALV13','Village','2019-04-08 13:34:31','2019-04-10 10:15:49','GHAJANIHITLA - MANKI A (HALEMATHA) - HONNAVAR - BHATKAL-HONNAVAR-79'),(176,56,'KEPPANHITLA','HALV14','Village','2019-04-08 13:35:00','2019-04-10 10:15:49','KEPPANHITLA - MANKI A (HALEMATHA) - HONNAVAR - BHATKAL-HONNAVAR-79'),(177,56,'HOSAHITLA','HALV15','Village','2019-04-08 13:35:25','2019-04-10 10:15:49','HOSAHITLA - MANKI A (HALEMATHA) - HONNAVAR - BHATKAL-HONNAVAR-79'),(178,56,'SANNAGUNDA','HALV16','Village','2019-04-08 13:35:54','2019-04-10 10:15:49','SANNAGUNDA - MANKI A (HALEMATHA) - HONNAVAR - BHATKAL-HONNAVAR-79'),(179,57,'HADAVU','ANAV02','Village','2019-04-08 13:36:32','2019-04-10 10:15:49','HADAVU - MANKI B (ANANTAWADI) - HONNAVAR - BHATKAL-HONNAVAR-79'),(180,57,'NADA','ANAV03','Village','2019-04-08 13:36:58','2019-04-10 10:15:49','NADA - MANKI B (ANANTAWADI) - HONNAVAR - BHATKAL-HONNAVAR-79'),(181,57,'SENAAPURA','ANAV04','Village','2019-04-08 13:37:27','2019-04-10 10:15:49','SENAAPURA - MANKI B (ANANTAWADI) - HONNAVAR - BHATKAL-HONNAVAR-79'),(182,57,'BADAKERE','ANAV05','Village','2019-04-08 13:37:54','2019-04-10 10:15:49','BADAKERE - MANKI B (ANANTAWADI) - HONNAVAR - BHATKAL-HONNAVAR-79'),(183,58,'ADAKULA','CHIV02','Village','2019-04-08 13:38:26','2019-04-10 10:15:49','ADAKULA - MANKI C (CHITTARA) - HONNAVAR - BHATKAL-HONNAVAR-79'),(184,58,'DABBOD','CHIV03','Village','2019-04-08 13:39:11','2019-04-10 10:15:49','DABBOD - MANKI C (CHITTARA) - HONNAVAR - BHATKAL-HONNAVAR-79'),(185,58,'SAMPOLLI','CHIV04','Village','2019-04-08 13:39:41','2019-04-10 10:15:49','SAMPOLLI - MANKI C (CHITTARA) - HONNAVAR - BHATKAL-HONNAVAR-79'),(186,58,'ADAKEKULI','CHIV05','Village','2019-04-08 13:40:17','2019-04-10 10:15:49','ADAKEKULI - MANKI C (CHITTARA) - HONNAVAR - BHATKAL-HONNAVAR-79'),(187,58,'ASHIKERI','CHIV06','Village','2019-04-08 13:41:00','2019-04-10 10:15:49','ASHIKERI - MANKI C (CHITTARA) - HONNAVAR - BHATKAL-HONNAVAR-79'),(188,58,'HADIKAL','CHIV07','Village','2019-04-08 13:41:30','2019-04-10 16:44:59','HADIKAL - MANKI C (CHITTARA) - HONNAVAR - BHATKAL-HONNAVAR-79'),(189,58,'NEELAGIRI','CHIV08','Village','2019-04-08 13:42:14','2019-04-10 10:15:49','NEELAGIRI - MANKI C (CHITTARA) - HONNAVAR - BHATKAL-HONNAVAR-79'),(190,58,'UPLE','CHIV09','Village','2019-04-08 13:42:41','2019-04-10 10:15:49','UPLE - MANKI C (CHITTARA) - HONNAVAR - BHATKAL-HONNAVAR-79'),(191,58,'MANKI C (CHITTAR)','CHIV10','Village','2019-04-08 13:43:52','2019-04-10 10:15:49','MANKI C (CHITTAR) - MANKI C (CHITTARA) - HONNAVAR - BHATKAL-HONNAVAR-79'),(192,58,'KANCHIKODLA','CHIV11','Village','2019-04-08 13:44:28','2019-04-10 10:15:49','KANCHIKODLA - MANKI C (CHITTARA) - HONNAVAR - BHATKAL-HONNAVAR-79'),(193,58,'HALESAMPLA','CHIV12','Village','2019-04-08 13:44:56','2019-04-10 10:15:49','HALESAMPLA - MANKI C (CHITTARA) - HONNAVAR - BHATKAL-HONNAVAR-79'),(194,58,'TOTTIMULE','CHIV13','Village','2019-04-08 13:45:24','2019-04-10 10:15:49','TOTTIMULE - MANKI C (CHITTARA) - HONNAVAR - BHATKAL-HONNAVAR-79'),(195,58,'MUNDAR','CHIV14','Village','2019-04-08 13:45:52','2019-04-10 10:15:49','MUNDAR - MANKI C (CHITTARA) - HONNAVAR - BHATKAL-HONNAVAR-79'),(196,58,'SHASHIKODLA','CHIV15','Village','2019-04-08 13:46:34','2019-04-10 10:15:49','SHASHIKODLA - MANKI C (CHITTARA) - HONNAVAR - BHATKAL-HONNAVAR-79'),(197,58,'ARALE','CHIV16','Village','2019-04-08 13:47:01','2019-04-10 10:15:49','ARALE - MANKI C (CHITTARA) - HONNAVAR - BHATKAL-HONNAVAR-79'),(198,58,'GANJAGERI','CHIV17','Village','2019-04-08 13:47:31','2019-04-10 10:15:49','GANJAGERI - MANKI C (CHITTARA) - HONNAVAR - BHATKAL-HONNAVAR-79'),(199,58,'VADGERE','CHIV18','Village','2019-04-08 13:47:58','2019-04-10 10:15:49','VADGERE - MANKI C (CHITTARA) - HONNAVAR - BHATKAL-HONNAVAR-79'),(200,59,'MANDALKURVRA','MAKV02','Village','2019-04-08 13:48:42','2019-04-10 10:15:50','MANDALKURVRA - MAVINAKURVA - HONNAVAR - BHATKAL-HONNAVAR-79'),(201,59,'HOSAD','MAKV03','Village','2019-04-08 13:49:09','2019-04-10 10:15:50','HOSAD - MAVINAKURVA - HONNAVAR - BHATKAL-HONNAVAR-79'),(202,60,'KELAGINA IDAGUNJI','MEIV02','Village','2019-04-08 13:49:52','2019-04-10 10:15:50','KELAGINA IDAGUNJI - MELINA IDAGUNJI - HONNAVAR - BHATKAL-HONNAVAR-79'),(203,60,'MALKOD','MEIV03','Village','2019-04-08 13:50:21','2019-04-11 09:38:43','MALKOD - MELINA IDAGUNJI - HONNAVAR - BHATKAL-HONNAVAR-79'),(204,60,'MOLKOD','MEIV04','Village','2019-04-08 13:51:27','2019-04-11 09:39:42','MOLKOD - MELINA IDAGUNJI - HONNAVAR - BHATKAL-HONNAVAR-79'),(205,62,'KHANDODI','NAGV02','Village','2019-04-08 13:52:07','2019-04-10 10:15:50','KHANDODI - NAGARBASTIKERI - HONNAVAR - BHATKAL-HONNAVAR-79'),(206,62,'HANEHALLI KABBINAHAKLA','NAGV03','Village','2019-04-08 13:52:56','2019-04-10 10:15:50','HANEHALLI KABBINAHAKLA - NAGARBASTIKERI - HONNAVAR - BHATKAL-HONNAVAR-79'),(207,62,'HADGERI','NAGV04','Village','2019-04-08 13:53:24','2019-04-10 10:15:50','HADGERI - NAGARBASTIKERI - HONNAVAR - BHATKAL-HONNAVAR-79'),(208,62,'BEGODI','NAGV05','Village','2019-04-08 13:53:58','2019-04-10 10:15:50','BEGODI - NAGARBASTIKERI - HONNAVAR - BHATKAL-HONNAVAR-79'),(209,62,'HULGAR','NAGV06','Village','2019-04-08 13:54:25','2019-04-10 10:15:50','HULGAR - NAGARBASTIKERI - HONNAVAR - BHATKAL-HONNAVAR-79'),(210,63,'MAHIME','UPPV02','Village','2019-04-08 13:54:52','2019-04-10 10:15:51','MAHIME - UPPONI - HONNAVAR - BHATKAL-HONNAVAR-79'),(211,63,'SARALAGI','UPPV03','Village','2019-04-08 13:55:19','2019-04-10 10:15:51','SARALAGI - UPPONI - HONNAVAR - BHATKAL-HONNAVAR-79'),(212,28,'HEGGAR','BALV05','Village','2019-04-08 17:21:14','2019-04-10 10:15:49','HEGGAR - BALKUR - HONNAVAR - BHATKAL-HONNAVAR-79'),(213,28,'GUDEMAKKI','BALV06','Village','2019-04-08 17:22:09','2019-04-10 10:15:49','GUDEMAKKI - BALKUR - HONNAVAR - BHATKAL-HONNAVAR-79'),(214,42,'SONARKERI','SHRV03','Village','2019-04-08 17:23:28','2019-04-10 10:15:51','SONARKERI - SHIRALI - BHATKAL - BHATKAL-HONNAVAR-79'),(215,42,'ALVEKODI','SHRV04','Village','2019-04-08 17:24:05','2019-04-10 10:15:51','ALVEKODI - SHIRALI - BHATKAL - BHATKAL-HONNAVAR-79'),(217,37,'KONARKERI','MAVV03','Village','2019-04-08 17:26:38','2019-04-10 12:58:44','KONARKERI - MAVALLI-1 - BHATKAL - BHATKAL-HONNAVAR-79'),(218,37,'HOSAHITLA','MAVV04','Village','2019-04-08 17:27:13','2019-04-10 12:58:44','HOSAHITLA - MAVALLI-1 - BHATKAL - BHATKAL-HONNAVAR-79'),(219,37,'DALJIRKERI','MAVV05','Village','2019-04-08 17:27:53','2019-04-10 12:58:44','DALJIRKERI - MAVALLI-1 - BHATKAL - BHATKAL-HONNAVAR-79'),(220,37,'HIREDOAMI','MAVV06','Village','2019-04-08 17:28:41','2019-04-10 12:58:44','HIREDOAMI - MAVALLI-1 - BHATKAL - BHATKAL-HONNAVAR-79'),(221,35,'BETKURU','KOPV02','Village','2019-04-08 17:32:25','2019-04-10 10:15:50','BETKURU - KOPPA - BHATKAL - BHATKAL-HONNAVAR-79'),(222,35,'KAROOR','KOPV03','Village','2019-04-08 17:33:48','2019-04-10 10:15:50','KAROOR - KOPPA - BHATKAL - BHATKAL-HONNAVAR-79'),(223,35,'UTTARAKOPPA','KOPV04','Village','2019-04-08 17:34:32','2019-04-10 10:15:50','UTTARAKOPPA - KOPPA - BHATKAL - BHATKAL-HONNAVAR-79'),(224,45,'JAGATEBAILU','JPPH07','Hamlet','2019-04-09 07:01:25','2019-04-10 10:15:50','JAGATEBAILU - JALI PP - BHATKAL - BHATKAL-HONNAVAR-79'),(225,45,'ICE FACTORY','JPPH08','Hamlet','2019-04-09 07:02:05','2019-04-10 10:15:50','ICE FACTORY - JALI PP - BHATKAL - BHATKAL-HONNAVAR-79'),(226,45,'HEGLU','JPPH09','Hamlet','2019-04-09 07:02:32','2019-04-10 10:15:50','HEGLU - JALI PP - BHATKAL - BHATKAL-HONNAVAR-79'),(227,45,'MINIHITLU','JPPH10','Hamlet','2019-04-09 07:03:11','2019-04-10 10:15:50','MINIHITLU - JALI PP - BHATKAL - BHATKAL-HONNAVAR-79'),(228,45,'KANDEKODLU','JPPH11','Hamlet','2019-04-09 07:03:45','2019-04-10 10:15:50','KANDEKODLU - JALI PP - BHATKAL - BHATKAL-HONNAVAR-79'),(229,45,'KADAVINAKATTA','JPPH12','Hamlet','2019-04-09 07:04:11','2019-04-10 10:15:50','KADAVINAKATTA - JALI PP - BHATKAL - BHATKAL-HONNAVAR-79'),(230,45,'D.P COLONY','JPPH13','Hamlet','2019-04-09 07:04:41','2019-04-10 10:15:50','D.P COLONY - JALI PP - BHATKAL - BHATKAL-HONNAVAR-79'),(231,45,'HINDU COLONY','JPPH14','Hamlet','2019-04-09 07:05:08','2019-04-10 10:15:50','HINDU COLONY - JALI PP - BHATKAL - BHATKAL-HONNAVAR-79'),(232,45,'KHB COLONY','JPPH15','Hamlet','2019-04-09 07:05:57','2019-04-10 10:15:50','KHB COLONY - JALI PP - BHATKAL - BHATKAL-HONNAVAR-79'),(233,45,'BHATRUMANE','JPPH16','Hamlet','2019-04-09 07:07:07','2019-04-10 10:15:50','BHATRUMANE - JALI PP - BHATKAL - BHATKAL-HONNAVAR-79'),(234,45,'HARUMAKKI','JPPH17','Hamlet','2019-04-09 07:07:31','2019-04-10 10:15:50','HARUMAKKI - JALI PP - BHATKAL - BHATKAL-HONNAVAR-79'),(235,45,'SANMANE','JPPH18','Hamlet','2019-04-09 07:08:05','2019-04-10 10:15:50','SANMANE - JALI PP - BHATKAL - BHATKAL-HONNAVAR-79'),(236,45,'JANATAMANE','JPPH19','Hamlet','2019-04-09 07:09:13','2019-04-10 10:15:50','JANATAMANE - JALI PP - BHATKAL - BHATKAL-HONNAVAR-79'),(237,45,'DEVINAGAR','JPPH20','Hamlet','2019-04-09 07:09:44','2019-04-10 10:15:50','DEVINAGAR - JALI PP - BHATKAL - BHATKAL-HONNAVAR-79'),(238,45,'JANGANAGADDE','JPPH21','Hamlet','2019-04-09 07:10:31','2019-04-10 10:15:50','JANGANAGADDE - JALI PP - BHATKAL - BHATKAL-HONNAVAR-79'),(239,45,'TENGINAHITLU','JPPH22','Hamlet','2019-04-09 07:11:08','2019-04-10 10:15:50','TENGINAHITLU - JALI PP - BHATKAL - BHATKAL-HONNAVAR-79'),(240,45,'BHATNAHITLU','JPPH23','Hamlet','2019-04-09 07:11:45','2019-04-10 10:15:50','BHATNAHITLU - JALI PP - BHATKAL - BHATKAL-HONNAVAR-79'),(241,45,'HARANGADDE','JPPH24','Hamlet','2019-04-09 07:12:13','2019-04-10 10:15:50','HARANGADDE - JALI PP - BHATKAL - BHATKAL-HONNAVAR-79'),(242,45,'JALIKODI','JPPH25','Hamlet','2019-04-09 07:12:43','2019-04-11 06:36:52','JALIKODI - JALI PP - BHATKAL - BHATKAL-HONNAVAR-79'),(243,45,'JALIKODI PURVA','JPPH26','Hamlet','2019-04-09 07:13:13','2019-04-11 06:37:06','JALIKODI PURVA - JALI PP - BHATKAL - BHATKAL-HONNAVAR-79'),(244,45,'HANUMAN NAGAR','JPPH27','Hamlet','2019-04-09 07:13:52','2019-04-10 10:15:50','HANUMAN NAGAR - JALI PP - BHATKAL - BHATKAL-HONNAVAR-79'),(245,45,'BANGARMAKKI','JPPH28','Hamlet','2019-04-09 07:14:26','2019-04-10 10:15:50','BANGARMAKKI - JALI PP - BHATKAL - BHATKAL-HONNAVAR-79'),(246,45,'SHEDIKULI','JPPH29','Hamlet','2019-04-09 07:14:57','2019-04-10 10:15:50','SHEDIKULI - JALI PP - BHATKAL - BHATKAL-HONNAVAR-79'),(247,45,'MADEENA COLONY','JPPH30','Hamlet','2019-04-09 07:15:26','2019-04-10 10:15:50','MADEENA COLONY - JALI PP - BHATKAL - BHATKAL-HONNAVAR-79'),(248,45,'MOOSA NAGAR','JPPH31','Hamlet','2019-04-09 07:16:19','2019-04-10 10:15:50','MOOSA NAGAR - JALI PP - BHATKAL - BHATKAL-HONNAVAR-79'),(249,45,'TAGGARGOAD','JPPH32','Hamlet','2019-04-09 07:18:32','2019-04-10 10:15:50','TAGGARGOAD - JALI PP - BHATKAL - BHATKAL-HONNAVAR-79'),(250,45,'BENDEKAAN','JPPH33','Hamlet','2019-04-09 07:19:01','2019-04-10 10:15:50','BENDEKAAN - JALI PP - BHATKAL - BHATKAL-HONNAVAR-79'),(251,40,'HAVALIKANTA','MUNH01','Hamlet','2019-04-09 07:29:29','2019-04-10 10:15:50','HAVALIKANTA - MUNDALLI - BHATKAL - BHATKAL-HONNAVAR-79'),(252,2,'SHIRAJJIMANE','BLKH01','Hamlet','2019-04-09 07:36:46','2019-04-10 10:15:49','SHIRAJJIMANE - BELAKE - BHATKAL - BHATKAL-HONNAVAR-79'),(253,2,'KANMADLU','BLKH02','Hamlet','2019-04-09 07:37:20','2019-04-10 10:15:49','KANMADLU - BELAKE - BHATKAL - BHATKAL-HONNAVAR-79'),(254,2,'NAGARMANE','BLKH03','Hamlet','2019-04-09 07:38:26','2019-04-10 10:15:49','NAGARMANE - BELAKE - BHATKAL - BHATKAL-HONNAVAR-79'),(255,2,'HERABUDKI','BLKH04','Hamlet','2019-04-09 07:39:12','2019-04-10 10:15:49','HERABUDKI - BELAKE - BHATKAL - BHATKAL-HONNAVAR-79'),(256,2,'MADGARKERI','BLKH05','Hamlet','2019-04-09 07:39:58','2019-04-10 10:15:49','MADGARKERI - BELAKE - BHATKAL - BHATKAL-HONNAVAR-79'),(257,2,'ASHIKAN','BLKH06','Hamlet','2019-04-09 07:40:38','2019-04-10 10:15:49','ASHIKAN - BELAKE - BHATKAL - BHATKAL-HONNAVAR-79'),(258,2,'GARADIHITLU','BLKH07','Hamlet','2019-04-09 07:41:22','2019-04-10 10:15:49','GARADIHITLU - BELAKE - BHATKAL - BHATKAL-HONNAVAR-79'),(259,2,'BALEHITLU','BLKH08','Hamlet','2019-04-09 07:44:28','2019-04-16 06:33:26','BALEHITLU - BELAKE - BHATKAL - BHATKAL-HONNAVAR-79'),(260,2,'HOLEGADDE','BLKH09','Hamlet','2019-04-09 07:47:46','2019-04-10 10:15:49','HOLEGADDE - BELAKE - BHATKAL - BHATKAL-HONNAVAR-79'),(261,3,'BANGARAMAKKI','BENH01','Hamlet','2019-04-09 07:51:08','2019-04-10 10:15:49','BANGARAMAKKI - BENGRE - BHATKAL - BHATKAL-HONNAVAR-79'),(262,3,'MAVINAKATTA','BENH02','Hamlet','2019-04-09 07:52:01','2019-04-10 10:15:49','MAVINAKATTA - BENGRE - BHATKAL - BHATKAL-HONNAVAR-79'),(263,3,'MALLARI','BENH03','Hamlet','2019-04-09 07:52:39','2019-04-10 10:15:49','MALLARI - BENGRE - BHATKAL - BHATKAL-HONNAVAR-79'),(264,3,'CHITTIHAKLA','BENH04','Hamlet','2019-04-09 07:53:36','2019-04-10 10:15:49','CHITTIHAKLA - BENGRE - BHATKAL - BHATKAL-HONNAVAR-79'),(265,3,'TERNAMAKKI','BENH05','Hamlet','2019-04-09 07:54:23','2019-04-10 10:15:49','TERNAMAKKI - BENGRE - BHATKAL - BHATKAL-HONNAVAR-79'),(266,5,'SHEDBARI','HEBH01','Hamlet','2019-04-09 07:59:07','2019-04-10 10:15:49','SHEDBARI - HEBALE - BHATKAL - BHATKAL-HONNAVAR-79'),(267,33,'TERNAMAKKI','KAYV02','Village','2019-04-09 08:08:13','2019-04-10 10:15:50','TERNAMAKKI - KAYKINI - BHATKAL - BHATKAL-HONNAVAR-79'),(268,33,'SABHATI','KAYV03','Village','2019-04-09 08:09:08','2019-04-10 10:15:50','SABHATI - KAYKINI - BHATKAL - BHATKAL-HONNAVAR-79'),(269,33,'HERADI','KAYV04','Village','2019-04-09 08:09:44','2019-04-10 10:15:50','HERADI - KAYKINI - BHATKAL - BHATKAL-HONNAVAR-79'),(270,33,'BEDRAMANE','KAYV05','Village','2019-04-09 08:10:16','2019-04-22 07:04:21','BEDRAMANE - KAYKINI - BHATKAL - BHATKAL-HONNAVAR-79'),(271,33,'ABRE','KAYV06','Village','2019-04-09 08:10:47','2019-04-10 10:15:50','ABRE - KAYKINI - BHATKAL - BHATKAL-HONNAVAR-79'),(272,33,'MATHADAHITLU','KAYV07','Village','2019-04-09 08:11:22','2019-04-10 10:15:50','MATHADAHITLU - KAYKINI - BHATKAL - BHATKAL-HONNAVAR-79'),(273,35,'KELAGINAKERI','KOPH01','Hamlet','2019-04-09 08:13:09','2019-04-10 10:15:50','KELAGINAKERI - KOPPA - BHATKAL - BHATKAL-HONNAVAR-79'),(274,35,'ONDALASE','KOPH02','Hamlet','2019-04-09 08:13:48','2019-04-10 10:15:50','ONDALASE - KOPPA - BHATKAL - BHATKAL-HONNAVAR-79'),(275,35,'KATAGARKOPPA','KOPH03','Hamlet','2019-04-09 08:14:37','2019-04-10 10:15:50','KATAGARKOPPA - KOPPA - BHATKAL - BHATKAL-HONNAVAR-79'),(276,35,'TALAHONDA','KOPH04','Hamlet','2019-04-09 08:15:25','2019-04-10 10:15:50','TALAHONDA - KOPPA - BHATKAL - BHATKAL-HONNAVAR-79'),(277,35,'KOLAGERI','KOPH05','Hamlet','2019-04-09 08:15:57','2019-04-10 10:15:50','KOLAGERI - KOPPA - BHATKAL - BHATKAL-HONNAVAR-79'),(278,35,'HALLANDI','KOPH06','Hamlet','2019-04-09 08:16:34','2019-04-10 10:15:50','HALLANDI - KOPPA - BHATKAL - BHATKAL-HONNAVAR-79'),(279,36,'BESE','MARH01','Hamlet','2019-04-09 08:18:53','2019-04-10 10:15:50','BESE - MARUKERI - BHATKAL - BHATKAL-HONNAVAR-79'),(280,36,'KALLABBE','MARH02','Hamlet','2019-04-09 08:19:20','2019-04-10 10:15:50','KALLABBE - MARUKERI - BHATKAL - BHATKAL-HONNAVAR-79'),(281,37,'KISSARMAKKI','MAVH01','Hamlet','2019-04-09 09:16:26','2019-04-10 12:58:44','KISSARMAKKI - MAVALLI-1 - BHATKAL - BHATKAL-HONNAVAR-79'),(282,37,'BAKADKERI','MAVH02','Hamlet','2019-04-09 09:17:18','2019-04-10 12:58:44','BAKADKERI - MAVALLI-1 - BHATKAL - BHATKAL-HONNAVAR-79'),(283,37,'MURDESHWARA','MAVH03','Hamlet','2019-04-09 09:17:58','2019-04-10 12:58:44','MURDESHWARA - MAVALLI-1 - BHATKAL - BHATKAL-HONNAVAR-79'),(284,37,'KAKKE','MAVH04','Hamlet','2019-04-09 09:18:39','2019-04-10 12:58:44','KAKKE - MAVALLI-1 - BHATKAL - BHATKAL-HONNAVAR-79'),(285,37,'GANDIMUNDKI','MAVH05','Hamlet','2019-04-09 09:20:50','2019-04-10 12:58:44','GANDIMUNDKI - MAVALLI-1 - BHATKAL - BHATKAL-HONNAVAR-79'),(286,38,'DEEVAGERI','MAV2H01','Hamlet','2019-04-09 09:22:26','2019-04-10 10:15:50','DEEVAGERI - MAVALLI-2 - BHATKAL - BHATKAL-HONNAVAR-79'),(287,38,'KODSULU','MAV2H02','Hamlet','2019-04-09 09:23:05','2019-04-10 10:15:50','KODSULU - MAVALLI-2 - BHATKAL - BHATKAL-HONNAVAR-79'),(288,38,'BAADGERI','MAV2H03','Hamlet','2019-04-09 09:24:45','2019-04-10 10:15:50','BAADGERI - MAVALLI-2 - BHATKAL - BHATKAL-HONNAVAR-79'),(289,40,'JOGIMANE','MUNH02','Hamlet','2019-04-09 09:26:44','2019-04-10 10:15:50','JOGIMANE - MUNDALLI - BHATKAL - BHATKAL-HONNAVAR-79'),(290,40,'PAVNIHITLU','MUNH03','Hamlet','2019-04-09 09:27:29','2019-04-10 10:15:50','PAVNIHITLU - MUNDALLI - BHATKAL - BHATKAL-HONNAVAR-79'),(291,40,'MOGERKERI','MUNH04','Hamlet','2019-04-09 09:28:22','2019-04-10 10:15:50','MOGERKERI - MUNDALLI - BHATKAL - BHATKAL-HONNAVAR-79'),(292,40,'HOSMANE MAKKIGADDE','MUNH05','Hamlet','2019-04-09 09:29:05','2019-04-10 10:15:50','HOSMANE MAKKIGADDE - MUNDALLI - BHATKAL - BHATKAL-HONNAVAR-79'),(293,41,'‌HADEEN','MUTH01','Hamlet','2019-04-09 09:30:34','2019-04-10 10:15:50','‌HADEEN - MUTTALLI - BHATKAL - BHATKAL-HONNAVAR-79'),(294,42,'KOTEBAGILU','SHRH01','Hamlet','2019-04-09 09:32:12','2019-04-10 10:15:50','KOTEBAGILU - SHIRALI - BHATKAL - BHATKAL-HONNAVAR-79'),(295,42,'TATTIHAKKALA','SHRH02','Hamlet','2019-04-09 09:32:50','2019-04-10 10:15:50','TATTIHAKKALA - SHIRALI - BHATKAL - BHATKAL-HONNAVAR-79'),(296,42,'BANDIKASHI','SHRH03','Hamlet','2019-04-09 09:33:23','2019-04-10 10:15:50','BANDIKASHI - SHIRALI - BHATKAL - BHATKAL-HONNAVAR-79'),(297,42,'CHITRAPURA','SHRH04','Hamlet','2019-04-09 09:34:08','2019-04-10 10:15:50','CHITRAPURA - SHIRALI - BHATKAL - BHATKAL-HONNAVAR-79'),(298,42,'MOGERAKERI','SHRH05','Hamlet','2019-04-09 09:35:24','2019-04-16 06:33:26','MOGERAKERI - SHIRALI - BHATKAL - BHATKAL-HONNAVAR-79'),(299,42,'KUKNEER','SHRH06','Hamlet','2019-04-09 09:36:01','2019-04-10 10:15:50','KUKNEER - SHIRALI - BHATKAL - BHATKAL-HONNAVAR-79'),(300,42,'SARADAHOLE','SHRH07','Hamlet','2019-04-09 09:36:29','2019-04-10 10:15:50','SARADAHOLE - SHIRALI - BHATKAL - BHATKAL-HONNAVAR-79'),(301,42,'KEMBRE','SHRH08','Hamlet','2019-04-09 09:37:09','2019-04-10 10:15:50','KEMBRE - SHIRALI - BHATKAL - BHATKAL-HONNAVAR-79'),(302,42,'GUDIHITLA','SHRH09','Hamlet','2019-04-09 09:37:58','2019-04-10 10:15:50','GUDIHITLA - SHIRALI - BHATKAL - BHATKAL-HONNAVAR-79'),(303,42,'PALLIHAKLU','SHRH10','Hamlet','2019-04-09 09:38:42','2019-04-10 10:15:50','PALLIHAKLU - SHIRALI - BHATKAL - BHATKAL-HONNAVAR-79'),(304,42,'MANNAHONDA','SHRH11','Hamlet','2019-04-09 09:39:25','2019-04-10 10:15:50','MANNAHONDA - SHIRALI - BHATKAL - BHATKAL-HONNAVAR-79'),(305,42,'HIREHITLU','SHRH12','Hamlet','2019-04-09 09:40:13','2019-04-10 10:15:50','HIREHITLU - SHIRALI - BHATKAL - BHATKAL-HONNAVAR-79'),(306,43,'SOADIGADDE','YALV08','Village','2019-04-09 09:42:07','2019-04-10 10:15:51','SOADIGADDE - YALVADIKAVURU - BHATKAL - BHATKAL-HONNAVAR-79'),(307,43,'BEELURMANE','YALV09','Village','2019-04-09 09:43:26','2019-04-10 10:15:51','BEELURMANE - YALVADIKAVURU - BHATKAL - BHATKAL-HONNAVAR-79'),(308,43,'SARPANAKATTA','YALV10','Village','2019-04-09 09:44:18','2019-04-10 10:15:51','SARPANAKATTA - YALVADIKAVURU - BHATKAL - BHATKAL-HONNAVAR-79'),(309,44,'AMINUDDIN ROAD','BTMH01','Hamlet','2019-04-10 06:09:31','2019-04-10 10:15:49','AMINUDDIN ROAD - BHATKAL TMC - BHATKAL - BHATKAL-HONNAVAR-79'),(310,44,'TENGINAGUNDI','BTMH02','Hamlet','2019-04-10 06:10:09','2019-04-10 10:15:49','TENGINAGUNDI - BHATKAL TMC - BHATKAL - BHATKAL-HONNAVAR-79'),(311,44,'SHANSHUDDIN ROAD','BTMH03','Hamlet','2019-04-10 06:10:47','2019-04-10 10:15:49','SHANSHUDDIN ROAD - BHATKAL TMC - BHATKAL - BHATKAL-HONNAVAR-79'),(312,44,'MAIN ROAD','BTMH04','Hamlet','2019-04-10 06:11:13','2019-04-10 10:15:49','MAIN ROAD - BHATKAL TMC - BHATKAL - BHATKAL-HONNAVAR-79'),(313,44,'NH-66','BTMH05','Hamlet','2019-04-10 06:12:23','2019-04-10 10:15:49','NH-66 - BHATKAL TMC - BHATKAL - BHATKAL-HONNAVAR-79'),(314,44,'TANZIM ROAD','BTMH06','Hamlet','2019-04-10 06:13:06','2019-04-10 10:15:49','TANZIM ROAD - BHATKAL TMC - BHATKAL - BHATKAL-HONNAVAR-79'),(315,44,'MOULAN ROAD','BTMH07','Hamlet','2019-04-10 06:14:14','2019-04-10 10:15:49','MOULAN ROAD - BHATKAL TMC - BHATKAL - BHATKAL-HONNAVAR-79'),(316,44,'GULJAR STREET','BTMH08','Hamlet','2019-04-10 06:21:19','2019-04-11 05:19:30','GULJAR STREET - BHATKAL TMC - BHATKAL - BHATKAL-HONNAVAR-79'),(317,37,'SONARKERI','MAVH06','Hamlet','2019-04-10 07:41:41','2019-04-10 12:58:44','SONARKERI - MAVALLI-1 - BHATKAL - BHATKAL-HONNAVAR-79'),(318,43,'BITTIBEELU','YALV11','Village','2019-04-10 07:58:39','2019-04-10 08:02:21','BITTIBEELU - YALVADIKAVURU - BHATKAL - BHATKAL-HONNAVAR-79'),(319,44,'SONARKERI','BTMH09','Hamlet','2019-04-11 05:20:18','2019-04-11 05:20:18','SONARKERI - BHATKAL TMC - BHATKAL - BHATKAL-HONNAVAR-79'),(320,38,'GUMMANHAKLU','MAV2H04','Hamlet','2019-04-11 05:54:32','2019-04-11 05:54:32','GUMMANHAKLU - MAVALLI-2 - BHATKAL - BHATKAL-HONNAVAR-79'),(321,45,'JALI','JPPH34','Hamlet','2019-04-11 06:33:52','2019-04-11 06:34:19','JALI - JALI PP - BHATKAL - BHATKAL-HONNAVAR-79'),(322,35,'GUNDLAKATTE','KOPH07','Hamlet','2019-04-11 06:49:47','2019-04-11 06:49:47','GUNDLAKATTE - KOPPA - BHATKAL - BHATKAL-HONNAVAR-79'),(323,60,'TALMOATE','MEIV05','Village','2019-04-11 09:41:52','2019-04-11 09:42:49','TALMOATE - MELINA IDAGUNJI - HONNAVAR - BHATKAL-HONNAVAR-79'),(324,60,'IDAGUNJI','MEIV06','Village','2019-04-11 15:12:29','2019-04-11 15:12:46','IDAGUNJI - MELINA IDAGUNJI - HONNAVAR - BHATKAL-HONNAVAR-79'),(325,44,'KASMUDI','BTMH10','Hamlet','2019-04-11 15:14:12','2019-04-16 06:56:44','KASMUDI - BHATKAL TMC - BHATKAL - BHATKAL-HONNAVAR-79'),(326,28,'GANJIKERI','BALV07','Village','2019-04-11 15:17:21','2019-04-11 15:17:21','GANJIKERI - BALKUR - HONNAVAR - BHATKAL-HONNAVAR-79'),(327,61,'KULKOD','MUGV02','Village','2019-04-11 15:18:50','2019-04-11 15:18:50','KULKOD - MUGVA - HONNAVAR - BHATKAL-HONNAVAR-79'),(328,33,'KOTADAMAKKI','KAYV08','Village','2019-04-12 05:08:07','2019-04-12 05:08:07','KOTADAMAKKI - KAYKINI - BHATKAL - BHATKAL-HONNAVAR-79'),(329,42,'NEERKANTH','SHRH13','Hamlet','2019-04-12 05:23:56','2019-04-12 05:23:56','NEERKANTH - SHIRALI - BHATKAL - BHATKAL-HONNAVAR-79'),(330,42,'OPPANAKODLU','SHRH14','Hamlet','2019-04-12 08:47:10','2019-04-12 08:47:10','OPPANAKODLU - SHIRALI - BHATKAL - BHATKAL-HONNAVAR-79'),(331,55,'MALLIKERI','MAGV04','Village','2019-04-12 08:48:18','2019-04-12 08:48:18','MALLIKERI - MAGOD - HONNAVAR - BHATKAL-HONNAVAR-79'),(332,56,'GULADKERI','HALV17','Village','2019-04-12 09:12:33','2019-04-12 09:13:16','GULADKERI - MANKI A (HALEMATHA) - HONNAVAR - BHATKAL-HONNAVAR-79'),(333,33,'KORLIKAN','KAYV09','Village','2019-04-12 09:24:23','2019-04-12 09:24:23','KORLIKAN - KAYKINI - BHATKAL - BHATKAL-HONNAVAR-79'),(334,53,'BALEMATTU','KODV05','Village','2019-04-12 09:36:32','2019-04-12 09:36:32','BALEMATTU - KODANI - HONNAVAR - BHATKAL-HONNAVAR-79'),(335,49,'KANGOD','JALV05','Village','2019-04-13 07:09:08','2019-04-13 07:09:08','KANGOD - JALAVALLI - HONNAVAR - BHATKAL-HONNAVAR-79'),(336,3,'GONCHIHITLU','BENH06','Hamlet','2019-04-13 07:12:06','2019-04-13 07:12:24','GONCHIHITLU - BENGRE - BHATKAL - BHATKAL-HONNAVAR-79'),(337,46,'KENCHAGAR','CHIV07','Village','2019-04-13 07:24:52','2019-04-13 07:25:14','KENCHAGAR - CHIKKANKOD - HONNAVAR - BHATKAL-HONNAVAR-79'),(338,37,'CHANDRAHITLA','MAVH07','Hamlet','2019-04-13 07:28:58','2019-04-13 07:29:11','CHANDRAHITLA - MAVALLI-1 - BHATKAL - BHATKAL-HONNAVAR-79'),(339,56,'BOLEBASSI','HALV18','Village','2019-04-13 07:36:49','2019-04-13 08:09:25','BOLEBASSI - MANKI A (HALEMATHA) - HONNAVAR - BHATKAL-HONNAVAR-79'),(340,42,'KONKANKERI','SHRH15','Village','2019-04-13 07:47:15','2019-04-13 07:47:15','KONKANKERI - SHIRALI - BHATKAL - BHATKAL-HONNAVAR-79'),(341,40,'NEERGADDE','MUNH06','Hamlet','2019-04-13 07:55:30','2019-04-13 07:55:48','NEERGADDE - MUNDALLI - BHATKAL - BHATKAL-HONNAVAR-79'),(342,56,'TALMAKKI','HALV19','Village','2019-04-13 08:09:08','2019-04-13 08:09:08','TALMAKKI - MANKI A (HALEMATHA) - HONNAVAR - BHATKAL-HONNAVAR-79'),(343,56,'MAVINSAG','HALV20','Village','2019-04-13 08:14:37','2019-04-13 08:14:37','MAVINSAG - MANKI A (HALEMATHA) - HONNAVAR - BHATKAL-HONNAVAR-79'),(344,42,'JANATA COLONY','SHRH16','Village','2019-04-13 08:33:14','2019-04-13 08:33:14','JANATA COLONY - SHIRALI - BHATKAL - BHATKAL-HONNAVAR-79'),(345,37,'NAREKULI','MAVH08','Hamlet','2019-04-13 08:39:01','2019-04-13 08:39:01','NAREKULI - MAVALLI-1 - BHATKAL - BHATKAL-HONNAVAR-79'),(346,53,'KOSUNKE','KODV06','Village','2019-04-13 09:22:24','2019-04-13 09:22:24','KOSUNKE - KODANI - HONNAVAR - BHATKAL-HONNAVAR-79'),(347,28,'NADAGINAKERI','BALV08','Village','2019-04-13 09:44:10','2019-04-13 09:44:10','NADAGINAKERI - BALKUR - HONNAVAR - BHATKAL-HONNAVAR-79'),(348,63,'YALKOTTIGE','UPPV04','Village','2019-04-13 09:48:21','2019-04-13 09:48:21','YALKOTTIGE - UPPONI - HONNAVAR - BHATKAL-HONNAVAR-79'),(349,33,'MALUGADDE','KAYV09','Village','2019-04-13 10:07:50','2019-04-13 10:07:50','MALUGADDE - KAYKINI - BHATKAL - BHATKAL-HONNAVAR-79'),(350,33,'BASTI','KAYV10','Village','2019-04-13 10:08:25','2019-04-13 10:08:25','BASTI - KAYKINI - BHATKAL - BHATKAL-HONNAVAR-79'),(351,52,'KOLEGADDE','KHAV03','Village','2019-04-13 10:29:38','2019-04-13 10:29:38','KOLEGADDE - KAHRVA - HONNAVAR - BHATKAL-HONNAVAR-79'),(352,64,'UDYAMBAGH','HPPV01','Village','2019-04-13 10:57:17','2019-04-13 10:57:17','UDYAMBAGH - Honnavar PP - HONNAVAR - BHATKAL-HONNAVAR-79'),(353,59,'BHATTARKERI','MAKV04','Village','2019-04-13 17:04:50','2019-04-13 17:04:50','BHATTARKERI - MAVINAKURVA - HONNAVAR - BHATKAL-HONNAVAR-79'),(354,60,'KULIMANE','MEIV07','Village','2019-04-13 17:09:23','2019-04-13 17:09:23','KULIMANE - MELINA IDAGUNJI - HONNAVAR - BHATKAL-HONNAVAR-79'),(355,3,'BASATTIHAKKU','BENH07','Hamlet','2019-04-13 17:13:46','2019-04-13 17:13:46','BASATTIHAKKU - BENGRE - BHATKAL - BHATKAL-HONNAVAR-79'),(356,65,'BELAKE-1 SHAKTI KENDRA','BBSC-1','Village','2019-04-15 15:51:20','2019-04-17 16:37:56','BELAKE-1 SHAKTI KENDRA - BELAKE MAHASHAKTI KENDRA - BHATKAL MANDALA - BHATKAL-HONNAVAR-79'),(357,65,'MARUKERI SHAKTI KENDRA','BMSC','Village','2019-04-15 15:52:48','2019-04-15 16:28:48','MARUKERI SHAKTI KENDRA - BELAKE MAHASHAKTI KENDRA - BHATKAL MANDALA - BHATKAL-HONNAVAR-79'),(358,65,'KONAR SHAKTI KENDRA','BKSC','Village','2019-04-15 15:54:43','2019-04-15 15:57:43','KONAR SHAKTI KENDRA - BELAKE MAHASHAKTI KENDRA - BHATKAL MANDALA - BHATKAL-HONNAVAR-79'),(359,65,'MUTTALLI SHAKTI KENDRA','BMSC','Village','2019-04-15 15:55:53','2019-04-15 15:57:28','MUTTALLI SHAKTI KENDRA - BELAKE MAHASHAKTI KENDRA - BHATKAL MANDALA - BHATKAL-HONNAVAR-79'),(360,65,'YALVADIKAVURU SHAKTI KENDRA','BYSC','Village','2019-04-15 15:56:56','2019-04-15 15:56:56','YALVADIKAVURU SHAKTI KENDRA - BELAKE MAHASHAKTI KENDRA - BHATKAL MANDALA - BHATKAL-HONNAVAR-79'),(361,66,'SHIRALI SHAKTI KENDRA','SSC','Village','2019-04-15 15:59:05','2019-04-15 15:59:05','SHIRALI SHAKTI KENDRA - SHIRALI MAHASHAKTI KENDRA - BHATKAL MANDALA - BHATKAL-HONNAVAR-79'),(362,66,'BENGRE-1 SHAKTI KENDRA','SBSC-1','Village','2019-04-15 15:59:57','2019-04-17 16:32:44','BENGRE-1 SHAKTI KENDRA - SHIRALI MAHASHAKTI KENDRA - BHATKAL MANDALA - BHATKAL-HONNAVAR-79'),(363,66,'KOPPA SHAKTI KENDRA','SKSC','Village','2019-04-15 16:00:40','2019-04-15 16:00:40','KOPPA SHAKTI KENDRA - SHIRALI MAHASHAKTI KENDRA - BHATKAL MANDALA - BHATKAL-HONNAVAR-79'),(364,67,'HEBALE-1 SHAKTI KENDRA','HSC-1','Village','2019-04-15 16:01:32','2019-04-17 16:42:25','HEBALE-1 SHAKTI KENDRA - HEBALE MAHASHAKTI KENDRA - BHATKAL MANDALA - BHATKAL-HONNAVAR-79'),(365,67,'MAVINAKURVE SHAKTI KENDRA','HMSC','Village','2019-04-15 16:02:45','2019-04-15 16:02:45','MAVINAKURVE SHAKTI KENDRA - HEBALE MAHASHAKTI KENDRA - BHATKAL MANDALA - BHATKAL-HONNAVAR-79'),(366,67,'MUNDALLI SHAKTI KENDRA','HMUSC','Village','2019-04-15 16:03:37','2019-04-15 16:03:57','MUNDALLI SHAKTI KENDRA - HEBALE MAHASHAKTI KENDRA - BHATKAL MANDALA - BHATKAL-HONNAVAR-79'),(367,68,'MAVALLI-1 SHAKTI KENDRA','MSC-1','Village','2019-04-15 16:05:34','2019-04-17 16:45:31','MAVALLI-1 SHAKTI KENDRA - MAVALLI MAHASHAKTI KENDRA - BHATKAL MANDALA - BHATKAL-HONNAVAR-79'),(368,68,'MAVALLI-2 SHAKTI KENDRA','M2SC','Village','2019-04-15 16:08:21','2019-04-15 16:08:21','MAVALLI-2 SHAKTI KENDRA - MAVALLI MAHASHAKTI KENDRA - BHATKAL MANDALA - BHATKAL-HONNAVAR-79'),(369,68,'KAYKINI-1SHAKTI KENDRA','MKSC-1','Village','2019-04-15 16:09:39','2019-04-17 16:50:04','KAYKINI-1SHAKTI KENDRA - MAVALLI MAHASHAKTI KENDRA - BHATKAL MANDALA - BHATKAL-HONNAVAR-79'),(370,68,'BAILUR-1 SHAKTI KENDRA','MBSC-1','Village','2019-04-15 16:10:51','2019-04-17 16:44:20','BAILUR-1 SHAKTI KENDRA - MAVALLI MAHASHAKTI KENDRA - BHATKAL MANDALA - BHATKAL-HONNAVAR-79'),(371,65,'HADUVALLI SHAKTI KENDRA','BHSC','Village','2019-04-15 16:29:49','2019-04-15 16:29:49','HADUVALLI SHAKTI KENDRA - BELAKE MAHASHAKTI KENDRA - BHATKAL MANDALA - BHATKAL-HONNAVAR-79'),(372,65,'BELAKE MAHASHAKTI KENDRA','BMSC','Ward','2019-04-15 16:33:40','2019-04-15 16:33:40','BELAKE MAHASHAKTI KENDRA - BELAKE MAHASHAKTI KENDRA - BHATKAL MANDALA - BHATKAL-HONNAVAR-79'),(374,72,'BHATKAL MANDAL','BKM','Village','2019-04-15 16:50:51','2019-04-16 19:18:17','BHATKAL MANDAL - BHATKAL MANDALA - BHATKAL MANDALA - BHATKAL-HONNAVAR-79'),(375,73,'HONNAVAR MANDALA','HM','Village','2019-04-15 17:03:37','2019-04-15 17:03:37','HONNAVAR MANDALA - HONNAVAR MANDALA - HONNAVAR MANDALA - BHATKAL-HONNAVAR-79'),(376,69,'MANKI MAHASHAKTI KENDRA','MMSC','Village','2019-04-15 17:05:33','2019-04-15 17:05:33','MANKI MAHASHAKTI KENDRA - MANKI MAHASHAKTI KENDRA - HONNAVAR MANDALA - BHATKAL-HONNAVAR-79'),(377,70,'MAVINAKURVA  MAHASHAKTI KENDRA','MMSC','Village','2019-04-15 17:06:54','2019-04-15 17:06:54','MAVINAKURVA  MAHASHAKTI KENDRA - MAVINAKURVA MAHASHAKTI KENDRA - HONNAVAR MANDALA - BHATKAL-HONNAVAR-79'),(378,71,'NAGARABASTIKERI MAHASHAKTI KENDRA','NMSC','Village','2019-04-15 17:07:46','2019-04-15 17:07:46','NAGARABASTIKERI MAHASHAKTI KENDRA - NAGARBASTIKERI MAHASHAKTI KENDRA - HONNAVAR MANDALA - BHATKAL-HONNAVAR-79'),(379,68,'MAVALLI MAHASHAKTI KENDRA','MMSC','Village','2019-04-15 17:09:42','2019-04-15 17:09:42','MAVALLI MAHASHAKTI KENDRA - MAVALLI MAHASHAKTI KENDRA - BHATKAL MANDALA - BHATKAL-HONNAVAR-79'),(380,67,'HEBALE MAHASHAKTI KENDRA','HMSC','Village','2019-04-15 17:11:15','2019-04-15 17:11:15','HEBALE MAHASHAKTI KENDRA - HEBALE MAHASHAKTI KENDRA - BHATKAL MANDALA - BHATKAL-HONNAVAR-79'),(381,66,'SHIRALI MAHASHAKTI KENDRA','SMSC','Village','2019-04-15 17:12:23','2019-04-15 17:12:23','SHIRALI MAHASHAKTI KENDRA - SHIRALI MAHASHAKTI KENDRA - BHATKAL MANDALA - BHATKAL-HONNAVAR-79'),(382,44,'NASHIMAN STREET','BTMH12','Hamlet','2019-04-16 06:55:41','2019-04-16 06:55:41','NASHIMAN STREET - BHATKAL TMC - BHATKAL - BHATKAL-HONNAVAR-79'),(383,44,'NAGEENA STREET','BTMH11','Hamlet','2019-04-16 06:56:33','2019-04-16 06:56:33','NAGEENA STREET - BHATKAL TMC - BHATKAL - BHATKAL-HONNAVAR-79'),(384,44,'BANDAR ROAD','BTMH13','Hamlet','2019-04-16 06:57:17','2019-04-16 06:57:17','BANDAR ROAD - BHATKAL TMC - BHATKAL - BHATKAL-HONNAVAR-79'),(385,44,'HILLAL PALLI ROAD','BTMH14','Hamlet','2019-04-16 06:58:25','2019-04-16 06:58:25','HILLAL PALLI ROAD - BHATKAL TMC - BHATKAL - BHATKAL-HONNAVAR-79'),(386,44,'SAFA STREET','BTMH15','Hamlet','2019-04-16 06:59:24','2019-04-16 06:59:24','SAFA STREET - BHATKAL TMC - BHATKAL - BHATKAL-HONNAVAR-79'),(387,44,'ARASTA STREET','BTMH16','Hamlet','2019-04-16 07:00:02','2019-04-16 07:00:02','ARASTA STREET - BHATKAL TMC - BHATKAL - BHATKAL-HONNAVAR-79'),(388,44,'‌NOORAVALLI ROAD','BTMH17','Hamlet','2019-04-16 07:00:39','2019-04-16 07:00:39','‌NOORAVALLI ROAD - BHATKAL TMC - BHATKAL - BHATKAL-HONNAVAR-79'),(389,44,'SALMANBAD ROAD','BTMH18','Hamlet','2019-04-16 07:01:26','2019-04-16 07:01:26','SALMANBAD ROAD - BHATKAL TMC - BHATKAL - BHATKAL-HONNAVAR-79'),(390,44,'SAGAR ROAD','BTMH19','Hamlet','2019-04-16 07:02:24','2019-04-16 07:06:21','SAGAR ROAD - BHATKAL TMC - BHATKAL - BHATKAL-HONNAVAR-79'),(393,44,'ASARKERI','BTMH20','Hamlet','2019-04-16 07:09:35','2019-04-16 07:09:59','ASARKERI - BHATKAL TMC - BHATKAL - BHATKAL-HONNAVAR-79'),(394,44,'KUDRI BEERAPPA ROAD','BTMH21','Hamlet','2019-04-16 07:11:32','2019-04-16 07:11:32','KUDRI BEERAPPA ROAD - BHATKAL TMC - BHATKAL - BHATKAL-HONNAVAR-79'),(395,44,'KALIKAMBA ROAD','BTMH22','Hamlet','2019-04-16 07:12:10','2019-04-16 07:12:10','KALIKAMBA ROAD - BHATKAL TMC - BHATKAL - BHATKAL-HONNAVAR-79'),(396,44,'RAGHUNATH ROAD','BTMH23','Hamlet','2019-04-16 07:12:57','2019-04-16 07:12:57','RAGHUNATH ROAD - BHATKAL TMC - BHATKAL - BHATKAL-HONNAVAR-79'),(397,44,'MAHAMMED ALI ROAD','BTMH24','Hamlet','2019-04-16 07:13:35','2019-04-16 07:13:35','MAHAMMED ALI ROAD - BHATKAL TMC - BHATKAL - BHATKAL-HONNAVAR-79'),(398,44,'MAULAN AJAZ ROAD','BTMH25','Hamlet','2019-04-16 07:14:08','2019-04-16 07:14:08','MAULAN AJAZ ROAD - BHATKAL TMC - BHATKAL - BHATKAL-HONNAVAR-79'),(399,44,'MOMIN ROAD','BTMH26','Hamlet','2019-04-16 07:14:41','2019-04-16 07:14:41','MOMIN ROAD - BHATKAL TMC - BHATKAL - BHATKAL-HONNAVAR-79'),(400,44,'KHAJIYA STREET','BTMH26','Hamlet','2019-04-16 07:15:19','2019-04-16 07:15:19','KHAJIYA STREET - BHATKAL TMC - BHATKAL - BHATKAL-HONNAVAR-79'),(401,40,'AMBARIHITLU','MUNH07','Hamlet','2019-04-16 07:20:11','2019-04-16 07:20:11','AMBARIHITLU - MUNDALLI - BHATKAL - BHATKAL-HONNAVAR-79'),(402,40,'NASTAR','MUNH08','Hamlet','2019-04-16 08:15:26','2019-04-16 08:15:26','NASTAR - MUNDALLI - BHATKAL - BHATKAL-HONNAVAR-79'),(403,40,'TANNIRMADI','MUNH09','Hamlet','2019-04-16 08:16:01','2019-04-16 08:16:01','TANNIRMADI - MUNDALLI - BHATKAL - BHATKAL-HONNAVAR-79'),(404,40,'HOOVINAHITLU','MUNH10','Hamlet','2019-04-16 08:16:37','2019-04-16 08:16:37','HOOVINAHITLU - MUNDALLI - BHATKAL - BHATKAL-HONNAVAR-79'),(405,72,'BHATKAL YUVAMORCHA','BYM','Village','2019-04-17 07:04:39','2019-04-17 07:05:11','BHATKAL YUVAMORCHA - BHATKAL MANDALA - BHATKAL MANDALA - BHATKAL-HONNAVAR-79'),(406,72,'BHATKAL MAHILA MORCHA','BMM','Village','2019-04-17 07:06:05','2019-04-17 07:06:05','BHATKAL MAHILA MORCHA - BHATKAL MANDALA - BHATKAL MANDALA - BHATKAL-HONNAVAR-79'),(407,69,'CHITTAR SHAKTI KENDRA','CSK','Village','2019-04-17 11:30:19','2019-04-17 11:30:19','CHITTAR SHAKTI KENDRA - MANKI MAHASHAKTI KENDRA - HONNAVAR MANDALA - BHATKAL-HONNAVAR-79'),(408,69,'KELAGINURU SHAKTI KENDRA','KSK','Village','2019-04-17 11:32:16','2019-04-17 13:29:18','KELAGINURU SHAKTI KENDRA - MANKI MAHASHAKTI KENDRA - HONNAVAR MANDALA - BHATKAL-HONNAVAR-79'),(409,69,'KASARKOD-1 SHAKTI KENDRA','KSK-1','Village','2019-04-17 11:34:09','2019-04-17 11:46:41','KASARKOD-1 SHAKTI KENDRA - MANKI MAHASHAKTI KENDRA - HONNAVAR MANDALA - BHATKAL-HONNAVAR-79'),(410,69,'ANANTWADI SHAKTI KENDRA','ASK','Village','2019-04-17 11:35:12','2019-04-17 11:35:12','ANANTWADI SHAKTI KENDRA - MANKI MAHASHAKTI KENDRA - HONNAVAR MANDALA - BHATKAL-HONNAVAR-79'),(411,69,'GULADAKERI SHAKTI KENDRA','GSK','Village','2019-04-17 11:36:04','2019-04-17 11:36:04','GULADAKERI SHAKTI KENDRA - MANKI MAHASHAKTI KENDRA - HONNAVAR MANDALA - BHATKAL-HONNAVAR-79'),(412,69,'HALEMATH-1 SHAKTI KENDRA','HSK-1','Village','2019-04-17 11:37:42','2019-04-17 11:37:42','HALEMATH-1 SHAKTI KENDRA - MANKI MAHASHAKTI KENDRA - HONNAVAR MANDALA - BHATKAL-HONNAVAR-79'),(413,69,'HALEMATH-2 SHAKTI KENDRA','HSK-2','Village','2019-04-17 11:38:40','2019-04-17 11:38:40','HALEMATH-2 SHAKTI KENDRA - MANKI MAHASHAKTI KENDRA - HONNAVAR MANDALA - BHATKAL-HONNAVAR-79'),(414,69,'KASARKOD-2 SHAKTI KENDRA','KSK-2','Village','2019-04-17 11:46:25','2019-04-17 11:46:25','KASARKOD-2 SHAKTI KENDRA - MANKI MAHASHAKTI KENDRA - HONNAVAR MANDALA - BHATKAL-HONNAVAR-79'),(415,70,'MAVINAKURVA SHAKTI KENDRA','MSK','Village','2019-04-17 11:49:16','2019-04-17 11:49:16','MAVINAKURVA SHAKTI KENDRA - MAVINAKURVA MAHASHAKTI KENDRA - HONNAVAR MANDALA - BHATKAL-HONNAVAR-79'),(416,71,'NAGARABASTIKERI SHAKTI KENDRA','NSK','Village','2019-04-17 11:51:55','2019-04-17 11:51:55','NAGARABASTIKERI SHAKTI KENDRA - NAGARABASTIKERI MAHASHAKTI KENDRA - HONNAVAR MANDALA - BHATKAL-HONNAVAR-79'),(417,71,'IDAGUNJI SHAKTI KENDRA','ISK','Village','2019-04-17 11:52:47','2019-04-17 11:52:47','IDAGUNJI SHAKTI KENDRA - NAGARABASTIKERI MAHASHAKTI KENDRA - HONNAVAR MANDALA - BHATKAL-HONNAVAR-79'),(418,71,'BALKURU SHAKTI KENDRA','BSK','Village','2019-04-17 11:53:35','2019-04-17 11:53:35','BALKURU SHAKTI KENDRA - NAGARABASTIKERI MAHASHAKTI KENDRA - HONNAVAR MANDALA - BHATKAL-HONNAVAR-79'),(419,71,'KODANI SHAKTI KENDRA','KSK','Village','2019-04-17 11:54:15','2019-04-17 11:54:15','KODANI SHAKTI KENDRA - NAGARABASTIKERI MAHASHAKTI KENDRA - HONNAVAR MANDALA - BHATKAL-HONNAVAR-79'),(420,71,'MAGOD SHAKTI KENDRA','MSK','Village','2019-04-17 12:00:01','2019-04-17 12:00:01','MAGOD SHAKTI KENDRA - NAGARABASTIKERI MAHASHAKTI KENDRA - HONNAVAR MANDALA - BHATKAL-HONNAVAR-79'),(421,71,'KUDRIGI SHAKTI KENDRA','KSK','Village','2019-04-17 12:00:40','2019-04-17 12:00:40','KUDRIGI SHAKTI KENDRA - NAGARABASTIKERI MAHASHAKTI KENDRA - HONNAVAR MANDALA - BHATKAL-HONNAVAR-79'),(422,71,'UPPONI-1 SHAKTI KENDRA','USK-1','Village','2019-04-17 12:01:54','2019-04-17 12:02:53','UPPONI-1 SHAKTI KENDRA - NAGARABASTIKERI MAHASHAKTI KENDRA - HONNAVAR MANDALA - BHATKAL-HONNAVAR-79'),(423,71,'UPPONI-2 SHAKTI KENDRA','USK-2','Village','2019-04-17 12:02:41','2019-04-17 12:02:41','UPPONI-2 SHAKTI KENDRA - NAGARABASTIKERI MAHASHAKTI KENDRA - HONNAVAR MANDALA - BHATKAL-HONNAVAR-79'),(424,70,'HERANAGDI SHAKTI KENDRA','HSK','Village','2019-04-17 12:04:28','2019-04-17 12:04:28','HERANAGDI SHAKTI KENDRA - MAVINAKURVA MAHASHAKTI KENDRA - HONNAVAR MANDALA - BHATKAL-HONNAVAR-79'),(425,70,'JALAVALLI SHAKTI KENDRA','JSK','Village','2019-04-17 12:05:10','2019-04-17 12:05:10','JALAVALLI SHAKTI KENDRA - MAVINAKURVA MAHASHAKTI KENDRA - HONNAVAR MANDALA - BHATKAL-HONNAVAR-79'),(426,70,'KHARVA SHAKTI KENDRA','KSK','Village','2019-04-17 12:05:46','2019-04-17 12:05:46','KHARVA SHAKTI KENDRA - MAVINAKURVA MAHASHAKTI KENDRA - HONNAVAR MANDALA - BHATKAL-HONNAVAR-79'),(427,70,'CHIKKANKOD SHAKTI KENDRA','CSK','Village','2019-04-17 12:06:29','2019-04-17 12:06:29','CHIKKANKOD SHAKTI KENDRA - MAVINAKURVA MAHASHAKTI KENDRA - HONNAVAR MANDALA - BHATKAL-HONNAVAR-79'),(428,70,'HADINABALA SHAKTI KENDRA','HSK','Village','2019-04-17 12:08:33','2019-04-17 12:08:33','HADINABALA SHAKTI KENDRA - MAVINAKURVA MAHASHAKTI KENDRA - HONNAVAR MANDALA - BHATKAL-HONNAVAR-79'),(429,74,'MUGVA SHAKTI KENDRA','MSK','Village','2019-04-17 12:13:05','2019-04-17 12:13:05','MUGVA SHAKTI KENDRA - MUGVA SHAKTI KENDRA - HONNAVAR MANDALA - BHATKAL-HONNAVAR-79'),(430,66,'BENGRE-2 SHAKTI KENDRA','SBSC-2','Village','2019-04-17 16:33:23','2019-04-17 16:33:23','BENGRE-2 SHAKTI KENDRA - SHIRALI MAHASHAKTI KENDRA - BHATKAL MANDALA - BHATKAL-HONNAVAR-79'),(431,66,'SHIRALI PURVA SHAKTI KENDRA','SPSK','Village','2019-04-17 16:35:01','2019-04-17 16:35:01','SHIRALI PURVA SHAKTI KENDRA - SHIRALI MAHASHAKTI KENDRA - BHATKAL MANDALA - BHATKAL-HONNAVAR-79'),(432,66,'SHIRALI PASCHIMA SHAKTI KENDRA','SPSK','Village','2019-04-17 16:36:18','2019-04-17 16:36:18','SHIRALI PASCHIMA SHAKTI KENDRA - SHIRALI MAHASHAKTI KENDRA - BHATKAL MANDALA - BHATKAL-HONNAVAR-79'),(433,65,'BELAKE-2 SHAKTI KENDRA','BKHC-2','Village','2019-04-17 16:39:51','2019-04-17 16:39:51','BELAKE-2 SHAKTI KENDRA - BELAKE MAHASHAKTI KENDRA - BHATKAL MANDALA - BHATKAL-HONNAVAR-79'),(434,67,'HEBALE-2 SHAKTI KENDRA','HSC-2','Village','2019-04-17 16:43:14','2019-04-17 16:43:14','HEBALE-2 SHAKTI KENDRA - HEBALE MAHASHAKTI KENDRA - BHATKAL MANDALA - BHATKAL-HONNAVAR-79'),(435,68,'BAILUR-2 SHAKTI KENDRA','BBSC-2','Village','2019-04-17 16:44:55','2019-04-17 16:44:55','BAILUR-2 SHAKTI KENDRA - MAVALLI MAHASHAKTI KENDRA - BHATKAL MANDALA - BHATKAL-HONNAVAR-79'),(436,68,'MAVAALLI-2 SHAKTI KENDRA','MSK-2','Village','2019-04-17 16:46:54','2019-04-17 16:46:54','MAVAALLI-2 SHAKTI KENDRA - MAVALLI MAHASHAKTI KENDRA - BHATKAL MANDALA - BHATKAL-HONNAVAR-79'),(437,68,'MAVALLI-1A SHAKTI KENDRA','MSK-1A','Village','2019-04-17 16:48:10','2019-04-17 16:48:10','MAVALLI-1A SHAKTI KENDRA - MAVALLI MAHASHAKTI KENDRA - BHATKAL MANDALA - BHATKAL-HONNAVAR-79'),(438,68,'MAVAALLI-2A SHAKTI KENDRA','MSK-2A','Village','2019-04-17 16:49:23','2019-04-17 16:49:23','MAVAALLI-2A SHAKTI KENDRA - MAVALLI MAHASHAKTI KENDRA - BHATKAL MANDALA - BHATKAL-HONNAVAR-79'),(439,68,'KAYKINI-2 SHAKTI KENDRA','KSK-2','Village','2019-04-17 16:51:17','2019-04-17 16:51:17','KAYKINI-2 SHAKTI KENDRA - MAVALLI MAHASHAKTI KENDRA - BHATKAL MANDALA - BHATKAL-HONNAVAR-79'),(440,76,'JALI-1 SHAKTI KENDRA','JSK-1','Village','2019-04-17 16:58:47','2019-04-17 16:58:47','JALI-1 SHAKTI KENDRA - JALI MAHASHAKTI KENDRA - BHATKAL MANDALA - BHATKAL-HONNAVAR-79'),(441,76,'JALI-2 SHAKTI KENDRA','JSK-2','Village','2019-04-17 16:59:49','2019-04-17 16:59:49','JALI-2 SHAKTI KENDRA - JALI MAHASHAKTI KENDRA - BHATKAL MANDALA - BHATKAL-HONNAVAR-79'),(442,76,'JALI-3 SHAKTI KENDRA','JSK-3','Village','2019-04-17 17:00:41','2019-04-17 17:00:41','JALI-3 SHAKTI KENDRA - JALI MAHASHAKTI KENDRA - BHATKAL MANDALA - BHATKAL-HONNAVAR-79'),(443,75,'BHATKAL-1 SHAKTI KENDRA','BSK-1','Village','2019-04-17 17:01:41','2019-04-17 17:01:41','BHATKAL-1 SHAKTI KENDRA - BHATKAL MAHASHAKTI KENDRA - BHATKAL MANDALA - BHATKAL-HONNAVAR-79'),(444,75,'BHATKAL-2 SHAKTI KENDRA','BSK-2','Village','2019-04-17 17:02:40','2019-04-17 17:02:40','BHATKAL-2 SHAKTI KENDRA - BHATKAL MAHASHAKTI KENDRA - BHATKAL MANDALA - BHATKAL-HONNAVAR-79'),(445,75,'BHATKAL-3 SHAKTI KENDRA','BSK-3','Village','2019-04-17 17:03:17','2019-04-17 17:03:17','BHATKAL-3 SHAKTI KENDRA - BHATKAL MAHASHAKTI KENDRA - BHATKAL MANDALA - BHATKAL-HONNAVAR-79'),(446,5,'‌JAMIYABAD','JAM','Village','2019-04-22 07:02:38','2019-04-22 07:02:38','‌JAMIYABAD - HEBALE - BHATKAL - BHATKAL-HONNAVAR-79'),(447,33,'DEVIKAN','KAYV11','Village','2019-04-22 07:05:27','2019-04-22 07:05:27','DEVIKAN - KAYKINI - BHATKAL - BHATKAL-HONNAVAR-79'),(448,35,'KABRE','KOPV05','Village','2019-04-22 07:24:22','2019-04-22 07:24:22','KABRE - KOPPA - BHATKAL - BHATKAL-HONNAVAR-79'),(449,37,'HARIKANTRAKERI','MVVV07','Village','2019-04-22 07:26:16','2019-04-22 07:26:16','HARIKANTRAKERI - MAVALLI-1 - BHATKAL - BHATKAL-HONNAVAR-79'),(450,37,'NATIONAL COLONY','MVV08','Village','2019-04-22 07:27:00','2019-04-22 07:27:00','NATIONAL COLONY - MAVALLI-1 - BHATKAL - BHATKAL-HONNAVAR-79'),(451,37,'KANDAKAA','MVVV09','Village','2019-04-22 07:27:27','2019-04-22 07:27:27','KANDAKAA - MAVALLI-1 - BHATKAL - BHATKAL-HONNAVAR-79'),(452,38,'CHANDRAHITLAA','MAV205','Village','2019-04-22 07:28:43','2019-04-22 07:28:43','CHANDRAHITLAA - MAVALLI-2 - BHATKAL - BHATKAL-HONNAVAR-79'),(453,38,'NADAVARKERI','MAV2V02','Village','2019-04-22 07:29:27','2019-04-22 07:29:27','NADAVARKERI - MAVALLI-2 - BHATKAL - BHATKAL-HONNAVAR-79'),(454,38,'KOTADAMAKKI','MAV2V03','Village','2019-04-22 07:30:46','2019-04-22 07:30:46','KOTADAMAKKI - MAVALLI-2 - BHATKAL - BHATKAL-HONNAVAR-79'),(455,38,'KANNADASHALE WARD','MAV2V04','Village','2019-04-22 07:31:32','2019-04-22 07:31:32','KANNADASHALE WARD - MAVALLI-2 - BHATKAL - BHATKAL-HONNAVAR-79'),(456,38,'BHATARAHITLU','MAV2V05','Village','2019-04-22 07:32:14','2019-04-22 07:32:14','BHATARAHITLU - MAVALLI-2 - BHATKAL - BHATKAL-HONNAVAR-79'),(457,42,'GUMMANAHAKLA','SHRV05','Village','2019-04-22 07:34:30','2019-04-22 07:34:30','GUMMANAHAKLA - SHIRALI - BHATKAL - BHATKAL-HONNAVAR-79'),(458,42,'KESHUMANE','SHRV06','Village','2019-04-22 07:36:08','2019-04-22 07:36:08','KESHUMANE - SHIRALI - BHATKAL - BHATKAL-HONNAVAR-79'),(459,28,'BALKURU-2','BALV09','Village','2019-04-22 07:45:29','2019-04-22 07:45:29','BALKURU-2 - BALKURU - HONNAVAR - BHATKAL-HONNAVAR-79'),(460,28,'KABADKERI','BALV10','Village','2019-04-22 07:46:25','2019-04-22 07:46:25','KABADKERI - BALKURU - HONNAVAR - BHATKAL-HONNAVAR-79'),(461,46,'GUNDABALA-2','CHIV08','Village','2019-04-22 07:47:36','2019-04-22 07:47:36','GUNDABALA-2 - CHIKKANKOD - HONNAVAR - BHATKAL-HONNAVAR-79'),(462,46,'GUNDIBYLA','CHIV09','Village','2019-04-22 07:49:10','2019-04-22 07:49:10','GUNDIBYLA - CHIKKANKOD - HONNAVAR - BHATKAL-HONNAVAR-79');
/*!40000 ALTER TABLE `places` ENABLE KEYS */;
UNLOCK TABLES;

--
-- Table structure for table `positions`
--

DROP TABLE IF EXISTS `positions`;
/*!40101 SET @saved_cs_client     = @@character_set_client */;
/*!40101 SET character_set_client = utf8 */;
CREATE TABLE `positions` (
  `id` bigint(20) NOT NULL AUTO_INCREMENT,
  `name` varchar(255) DEFAULT NULL,
  `pos_type` varchar(255) DEFAULT NULL,
  `created_at` datetime NOT NULL,
  `updated_at` datetime NOT NULL,
  PRIMARY KEY (`id`)
) ENGINE=InnoDB AUTO_INCREMENT=22 DEFAULT CHARSET=utf8;
/*!40101 SET character_set_client = @saved_cs_client */;

--
-- Dumping data for table `positions`
--

LOCK TABLES `positions` WRITE;
/*!40000 ALTER TABLE `positions` DISABLE KEYS */;
INSERT INTO `positions` VALUES (1,'PRESIDENT','Internal','2019-04-16 18:58:53','2019-04-16 19:00:30'),(2,'PRINCIPAL SECRETARY','Internal','2019-04-16 19:01:22','2019-04-16 19:01:22'),(3,'VICE PRESIDENT','Internal','2019-04-16 19:01:59','2019-04-16 19:01:59'),(4,'SECRETARY','Internal','2019-04-16 19:02:26','2019-04-16 19:02:26'),(5,'TRESURER','Internal','2019-04-16 19:03:03','2019-04-16 19:03:03'),(6,'MEMBER','Internal','2019-04-16 19:03:21','2019-04-16 19:03:21'),(8,'PRAMUKHARU','Internal','2019-04-17 12:16:07','2019-04-17 12:16:07'),(9,'PRABHARI','Internal','2019-04-17 12:16:28','2019-04-17 12:16:28'),(10,'Student','Public','2019-04-20 13:35:53','2019-04-21 11:34:21'),(11,'Farmer','Public','2019-04-20 13:35:53','2019-04-21 11:34:43'),(12,'Private Employee','Public','2019-04-20 13:35:53','2019-04-21 11:35:07'),(13,'Government Employee','Public','2019-04-20 13:35:53','2019-04-21 11:35:27'),(14,'Housewife ','Public','2019-04-21 11:35:48','2019-04-21 11:35:48'),(15,'Fisherman','Public','2019-04-21 11:36:06','2019-04-21 11:36:06'),(16,'Doctor','Public','2019-04-21 11:36:34','2019-04-21 11:36:34'),(17,'Engineer','Public','2019-04-21 11:36:47','2019-04-21 11:36:47'),(18,'Others','Public','2019-04-21 11:37:17','2019-04-21 11:37:17'),(19,'Party Worker','Public','2019-04-21 11:37:41','2019-04-21 11:37:41'),(20,'App Users','Internal','2019-04-21 11:38:13','2019-04-21 11:38:13'),(21,'App Admin','Internal','2019-04-21 11:38:32','2019-04-21 11:38:32');
/*!40000 ALTER TABLE `positions` ENABLE KEYS */;
UNLOCK TABLES;

--
-- Table structure for table `regional_names`
--

DROP TABLE IF EXISTS `regional_names`;
/*!40101 SET @saved_cs_client     = @@character_set_client */;
/*!40101 SET character_set_client = utf8 */;
CREATE TABLE `regional_names` (
  `id` bigint(20) NOT NULL AUTO_INCREMENT,
  `name` varchar(255) DEFAULT NULL,
  `holder_type` varchar(255) DEFAULT NULL,
  `holder_id` int(11) DEFAULT NULL,
  `created_at` datetime NOT NULL,
  `updated_at` datetime NOT NULL,
  PRIMARY KEY (`id`),
  KEY `index_regional_names_on_holder_id` (`holder_id`)
) ENGINE=InnoDB AUTO_INCREMENT=747 DEFAULT CHARSET=utf8;
/*!40101 SET character_set_client = @saved_cs_client */;

--
-- Dumping data for table `regional_names`
--

LOCK TABLES `regional_names` WRITE;
/*!40000 ALTER TABLE `regional_names` DISABLE KEYS */;
INSERT INTO `regional_names` VALUES (1,'ಬೈಲೂರು','Place',1,'2019-04-08 04:29:34','2019-04-10 16:04:42'),(2,'ತೂದಳ್ಳಿ','Place',2,'2019-04-08 04:29:34','2019-04-10 13:41:40'),(3,'ದೊಡ್ಡಬಲಸೆ','Place',3,'2019-04-08 04:29:34','2019-04-10 13:41:40'),(4,'ಸಣ್ಣ ಬಲಸೆ','Place',4,'2019-04-08 04:29:34','2019-04-10 16:02:10'),(5,'ಕ್ರಿಶ್ಚಿಯನಕೇರಿ','Place',5,'2019-04-08 04:29:34','2019-04-10 16:02:31'),(6,'ಬೆಳಕೆ','Place',6,'2019-04-08 04:29:34','2019-04-10 16:06:15'),(7,'ಭಟ್ಕಳ-ಹೊನ್ನಾವರ ವಿಧಾನಸಭಾ ಕ್ಷೇತ್ರ-79','District',1,'2019-04-08 04:29:34','2019-04-09 05:34:10'),(8,'ಗೋವೇಹಿತ್ತಲು','Place',7,'2019-04-08 07:01:47','2019-04-10 13:41:40'),(9,'ತೆಂಗಾರ','Place',8,'2019-04-08 07:01:47','2019-04-10 16:02:46'),(10,'ಮಾರ್ಕಂಡೇಶ್ವರ','Place',9,'2019-04-08 07:01:47','2019-04-10 16:02:57'),(11,'ಕುಂಬಾರಕೇರಿ','Place',10,'2019-04-08 07:01:47','2019-04-10 13:41:40'),(12,'ಹರಿಕಂತ್ರಕೇರಿ','Place',11,'2019-04-08 07:01:47','2019-04-10 13:41:40'),(13,'ಮಡಿಕೇರಿ','Place',12,'2019-04-08 07:01:47','2019-04-10 12:58:42'),(14,'ಶೇರುಗಾರಕೇರಿ','Place',13,'2019-04-08 07:01:47','2019-04-10 16:03:17'),(15,'ಮೇಲಿನ ಶೇರುಗಾರಕೇರಿ','Place',14,'2019-04-08 07:01:47','2019-04-10 16:03:35'),(16,'ಕಾಸ್ಗೇರಿ','Place',15,'2019-04-08 07:01:47','2019-04-10 16:04:04'),(17,'ಕಿರಿಬಚ್ಚಲು','Place',16,'2019-04-08 07:01:47','2019-04-10 13:41:40'),(18,'ನೀರಗದ್ದೆ','Place',17,'2019-04-08 07:01:47','2019-04-10 16:04:28'),(19,'ಬಸ್ತಿಮಕ್ಕಿ','Place',18,'2019-04-08 07:01:47','2019-04-10 13:41:40'),(21,'ಗೊರ್ಟೆ','Place',20,'2019-04-08 07:17:23','2019-04-10 16:06:33'),(22,'ನೂಜ್','Place',21,'2019-04-08 07:17:23','2019-04-10 13:41:40'),(23,'ಕಗ್ಗುಂಡಿ','Place',22,'2019-04-08 07:17:23','2019-04-10 16:06:51'),(24,'ಮೊಗೇರಕೇರಿ','Place',23,'2019-04-08 08:00:37','2019-04-10 13:41:40'),(25,'ಕಂಚಿಕೇರಿ','Place',24,'2019-04-08 08:00:37','2019-04-10 13:41:40'),(26,'ಹೊನ್ನೆಮಡಿ','Place',25,'2019-04-08 08:00:37','2019-04-10 16:07:08'),(29,'ಬೇಂಗ್ರೆ','Place',27,'2019-04-08 09:15:21','2019-04-10 16:08:34'),(30,'ಹೆದ್ದರಿಮನೆ','Place',28,'2019-04-08 09:16:35','2019-04-10 13:41:40'),(31,'ಸಣಬಾವಿ','Place',29,'2019-04-08 09:17:24','2019-04-10 16:08:49'),(32,'ಹಾಡುವಳ್ಳಿ','Place',30,'2019-04-08 09:22:16','2019-04-10 13:41:40'),(33,'ಉಲ್ಮನ್','Place',31,'2019-04-08 09:29:44','2019-04-10 13:41:40'),(34,'ಮೂಡಶಿರಾಲಿ','Place',32,'2019-04-08 09:29:44','2019-04-10 16:09:08'),(35,'ಕೋಗ್ತಿ','Place',33,'2019-04-08 09:29:44','2019-04-10 13:41:40'),(36,'ಶಶಿಹಿತ್ಲು','Place',34,'2019-04-08 09:29:44','2019-04-10 13:41:40'),(37,'ಮಾವಿನಕಟ್ಟೆ','Place',35,'2019-04-08 09:29:44','2019-04-10 12:58:42'),(38,'ಪಡುಶಿರಾಲಿ','Place',36,'2019-04-08 09:29:44','2019-04-10 13:41:40'),(39,'ಬೋಂಗ್ರಿಜಡ್ಡು','Place',37,'2019-04-08 09:29:44','2019-04-10 16:08:01'),(40,'ಮಠ್ಠದಕೇರಿ','Place',38,'2019-04-08 09:32:09','2019-04-10 16:08:21'),(41,'ಕುರುಂದುರು','Place',39,'2019-04-08 09:40:49','2019-04-10 13:41:40'),(42,'ಹಲ್ಯಾಣಿ','Place',40,'2019-04-08 10:11:43','2019-04-10 16:09:25'),(43,'ಹಸ್ರವಳ್ಳಿ','Place',41,'2019-04-08 10:11:43','2019-04-10 16:09:40'),(44,'ಹೆಂಜಲು','Place',42,'2019-04-08 10:11:43','2019-04-10 13:41:40'),(45,'ಬಡೇಬಾಗ','Place',43,'2019-04-08 10:11:43','2019-04-10 16:10:26'),(46,'ಹುಡಿಲ್','Place',44,'2019-04-08 10:11:43','2019-04-10 12:58:42'),(47,'ಓಣಿಬಾಗಿಲು','Place',45,'2019-04-08 10:11:43','2019-04-10 13:41:40'),(48,'ಕುಂಟವಾಣಿ','Place',46,'2019-04-08 10:11:43','2019-04-10 16:11:02'),(49,'ಕುಳವಾಡಿ','Place',47,'2019-04-08 10:11:43','2019-04-10 16:11:16'),(50,'ಅರುವಕ್ಕಿ','Place',48,'2019-04-08 10:11:43','2019-04-11 15:19:59'),(51,'ಹೆಜ್ಜಿಲು','Place',49,'2019-04-08 10:11:43','2019-04-10 13:41:40'),(52,'ಕೇಕ್ಕೋಡ','Place',50,'2019-04-08 10:11:43','2019-04-10 16:11:41'),(53,'ಅಗ್ಗ','Place',51,'2019-04-08 10:11:43','2019-04-10 13:41:40'),(54,'ಮುರ್ಕೋಡಿ','Place',52,'2019-04-08 10:11:43','2019-04-10 13:41:40'),(55,'ದೇವಸ್ಥಾನ ಮಿಗ್ತೆ','Place',53,'2019-04-08 10:11:43','2019-04-10 16:12:00'),(56,'ಬಸ್ತಿಗಳ ಮಿಗ್ತೆ (ಹಡೀನ)','Place',54,'2019-04-08 10:11:43','2019-04-10 16:12:23'),(57,'ಹೆಬಳೆ','Place',55,'2019-04-08 10:52:31','2019-04-10 13:41:40'),(58,'ಸಂಪಾನಕೇರಿ','Place',56,'2019-04-08 10:52:31','2019-04-10 12:58:43'),(59,'ಒಬ್ಬಣಕಲ್ಲು','Place',57,'2019-04-08 10:52:31','2019-04-10 16:13:10'),(60,'ಹೊನ್ನೆಗದ್ದೆ','Place',58,'2019-04-08 10:52:31','2019-04-10 13:41:40'),(61,'ಹೆರ್ತಾರ','Place',59,'2019-04-08 10:52:31','2019-04-10 16:13:30'),(62,'ಹಿರೇಕೇರಿ','Place',60,'2019-04-08 10:52:31','2019-04-10 13:41:40'),(63,'ತೆಂಗಿನಗುಂಡಿ','Place',61,'2019-04-08 10:52:31','2019-04-10 13:41:40'),(64,'ಬಾಳೆಹಿತ್ಲು','Place',62,'2019-04-08 10:52:31','2019-04-10 13:41:40'),(65,'ಗಿರಿನಹಿತ್ಲು','Place',63,'2019-04-08 10:52:31','2019-04-10 16:13:51'),(66,'ಗೋರ್ಟೆಕೇರಿ','Place',64,'2019-04-08 10:52:31','2019-04-10 16:14:16'),(67,'ಅಂಬಾರಿಹಿತ್ಲು','Place',65,'2019-04-08 10:52:31','2019-04-10 16:14:32'),(68,'ಮಾವಿನಕುರ್ವೆ','Place',66,'2019-04-08 10:52:31','2019-04-10 13:41:40'),(69,'ಬೆಲೆಗದ್ದೆ','Place',67,'2019-04-08 10:52:31','2019-04-10 16:14:46'),(70,'ಕುಕ್ನೀರು','Place',68,'2019-04-08 10:52:31','2019-04-22 07:01:26'),(71,'ಗಾಂಧಿನಗರ','Place',69,'2019-04-08 10:52:31','2019-04-10 13:41:40'),(72,'ಜನತಾ ಕಾಲೋನಿ','Place',70,'2019-04-08 10:52:31','2019-04-10 13:41:40'),(73,'ಆಶ್ರಯ ಕಾಲೋನಿ','Place',71,'2019-04-08 10:52:31','2019-04-10 13:41:40'),(74,'ವರ್ಕೋಡ್ಲಾ','Place',72,'2019-04-08 10:52:31','2019-04-10 16:15:17'),(75,'ನೇರಲೆಸರ್','Place',73,'2019-04-08 10:52:31','2019-04-10 13:41:40'),(76,'ಹನೀಫಾಬಾದ್','Place',74,'2019-04-08 10:52:31','2019-04-10 13:41:40'),(77,'ಕಾಯ್ಕಿಣಿ','Place',75,'2019-04-08 10:56:25','2019-04-10 13:41:40'),(78,'ಕೋಣಾರ','Place',76,'2019-04-08 10:57:09','2019-04-10 16:16:39'),(79,'ಕೊಪ್ಪ','Place',77,'2019-04-08 10:58:23','2019-04-10 13:41:40'),(80,'ಮಾರುಕೇರಿ','Place',78,'2019-04-08 10:58:52','2019-04-10 13:41:40'),(81,'ಮಾವಳ್ಳಿ-1','Place',79,'2019-04-08 10:59:25','2019-04-10 16:21:29'),(82,'ಮಾವಳ್ಳಿ-2','Place',80,'2019-04-08 11:00:16','2019-04-10 16:22:38'),(83,'ಮಾವಿನಕುರ್ವೆ','Place',81,'2019-04-08 11:00:52','2019-04-10 13:41:40'),(84,'ಮುಂಡಳ್ಳಿ','Place',82,'2019-04-08 11:01:21','2019-04-10 13:41:41'),(85,'ಮುಟ್ಟಳ್ಳಿ','Place',83,'2019-04-08 11:01:47','2019-04-10 16:24:26'),(86,'ಶಿರಾಲಿ-1','Place',84,'2019-04-08 11:02:14','2019-04-10 16:27:06'),(87,'ಯಲ್ವಡಿಕವುರು','Place',85,'2019-04-08 11:02:59','2019-04-10 16:27:57'),(88,'ಭಟ್ಕಳ','Place',86,'2019-04-08 11:03:38','2019-04-10 16:30:02'),(89,'ಜಾಲಿ ದೊಡ್ಮನೆ','Place',87,'2019-04-08 11:04:07','2019-04-10 13:41:41'),(90,'ಬಳ್ಕೂರು-1','Place',88,'2019-04-08 11:04:46','2019-04-22 07:44:49'),(91,'ಚಿಕ್ಕನಕೋಡ','Place',89,'2019-04-08 11:05:25','2019-04-10 16:35:47'),(92,'ಹಡಿನಬಾಳ','Place',90,'2019-04-08 11:06:14','2019-04-10 16:36:26'),(93,'ಹೆರಂಗಡಿ','Place',91,'2019-04-08 11:07:48','2019-04-10 13:41:41'),(94,'ಜಲವಳ್ಳಿ','Place',92,'2019-04-08 11:08:22','2019-04-10 13:41:41'),(95,'ಕಾಸರಕೋಡ್','Place',93,'2019-04-08 11:08:54','2019-04-10 16:38:00'),(96,'ಕೆಳಗಿನೂರು','Place',94,'2019-04-08 11:09:35','2019-04-10 13:41:41'),(97,'ಖರ್ವಾ','Place',95,'2019-04-08 11:10:02','2019-04-10 16:38:38'),(98,'ಕೊಡಾಣಿ','Place',96,'2019-04-08 11:10:26','2019-04-10 13:41:41'),(99,'ಕುದ್ರಿಗಿ','Place',97,'2019-04-08 11:10:56','2019-04-10 13:41:41'),(100,'ಮಾಗೋಡ್','Place',98,'2019-04-08 11:11:20','2019-04-10 13:41:41'),(101,'ಮಂಕಿ ಏ (ಹಳೇಮಠ)','Place',99,'2019-04-08 11:11:44','2019-04-10 16:41:10'),(102,'ಅನಂತವಾಡಿ','Place',100,'2019-04-08 11:12:11','2019-04-10 16:43:18'),(103,'ಚಿತ್ತಾರ','Place',101,'2019-04-08 11:12:36','2019-04-10 16:44:16'),(104,'ಮಾವಿನಕುರ್ವಾ','Place',102,'2019-04-08 11:13:16','2019-04-10 13:41:41'),(105,'ಮೇಲಿನ ಇಡಗುಂಜಿ','Place',103,'2019-04-08 11:13:50','2019-04-10 13:41:41'),(106,'ಮುಗ್ವಾ','Place',104,'2019-04-08 11:14:44','2019-04-10 13:41:41'),(107,'ನಗರಬಸ್ತಿಕೇರಿ','Place',105,'2019-04-08 11:15:23','2019-04-10 13:41:41'),(108,'ಉಪ್ಪೋಣಿ','Place',106,'2019-04-08 11:18:03','2019-04-10 13:41:41'),(109,'ಬಿಲೂರಮನೆ','Place',107,'2019-04-08 12:39:57','2019-04-22 07:22:36'),(110,'ಕೆರೆಹಿತ್ಲು','Place',108,'2019-04-08 12:40:49','2019-04-10 13:41:41'),(111,'ಬೆಸೆ','Place',109,'2019-04-08 12:41:26','2019-04-10 16:16:56'),(112,'ಮುಗಳಿ','Place',110,'2019-04-08 12:53:02','2019-04-10 13:41:41'),(113,'ಹಡಿಲ','Place',111,'2019-04-08 12:53:34','2019-04-10 16:17:16'),(114,'ಹದ್ಲುರ್','Place',112,'2019-04-08 12:54:07','2019-04-10 16:17:32'),(115,'ಹಲ್ಲಾರಿ','Place',113,'2019-04-08 12:54:36','2019-04-10 16:17:58'),(116,'ಕೋಟಖಂಡ','Place',114,'2019-04-08 12:55:30','2019-04-10 16:20:08'),(117,'ಕಿತ್ರೆ','Place',115,'2019-04-08 12:56:01','2019-04-10 13:41:41'),(118,'ಆಂತ್ರೊಳ್ಳಿ','Place',116,'2019-04-08 12:56:38','2019-04-10 16:20:26'),(119,'ಕರಿಕಲ್','Place',117,'2019-04-08 12:57:25','2019-04-10 12:58:44'),(120,'ಬೆಳ್ನಿ','Place',118,'2019-04-08 12:57:55','2019-04-10 16:22:56'),(121,'ತಲಗೋಡ್','Place',119,'2019-04-08 12:58:25','2019-04-10 13:41:41'),(122,'ಚೌಥನಿ','Place',120,'2019-04-08 12:59:03','2019-04-10 16:23:46'),(123,'ಬಿಳಲಖಂಡ','Place',121,'2019-04-08 12:59:44','2019-04-10 13:41:41'),(124,'ಬೇಹಳ್ಳಿ','Place',122,'2019-04-08 13:00:24','2019-04-10 16:24:40'),(125,'ತಲಾನ್','Place',123,'2019-04-08 13:00:58','2019-04-16 06:33:26'),(126,'ಮೂಡಭಟ್ಕಳ','Place',124,'2019-04-08 13:01:31','2019-04-10 16:24:52'),(127,'ಶಿರಾಲಿ-2','Place',125,'2019-04-08 13:02:18','2019-04-10 16:27:21'),(128,'ಪುರವರ್ಗ','Place',126,'2019-04-08 13:02:59','2019-04-10 12:58:44'),(129,'ಬಸ್ತಿಗಳ ಮಿಗ್ತೆ (ಹಡೀನ್)','Place',127,'2019-04-08 13:03:46','2019-04-10 16:28:14'),(130,'ಬೆಣಂದೂರು','Place',128,'2019-04-08 13:04:20','2019-04-10 13:41:41'),(131,'ಹಡೀನ್','Place',129,'2019-04-08 13:04:47','2019-04-10 13:41:41'),(132,'ಹೇರೂರು','Place',130,'2019-04-08 13:05:12','2019-04-10 13:41:41'),(133,'ಗೋಳಿಬೀರುರು','Place',131,'2019-04-08 13:05:46','2019-04-10 16:28:39'),(134,'ಕಾರಗದ್ದೆ','Place',132,'2019-04-08 13:07:16','2019-04-10 13:41:41'),(135,'ಹುರುಳಿಸಾಲ','Place',133,'2019-04-08 13:08:01','2019-04-10 16:30:25'),(136,'ವೆಂಕಟಾಪುರ','Place',134,'2019-04-08 13:09:15','2019-04-10 13:41:41'),(137,'ತಲಗೇರಿ','Place',135,'2019-04-08 13:09:55','2019-04-10 12:58:43'),(138,'ಅಜಾದನಗರ','Place',136,'2019-04-08 13:10:34','2019-04-10 16:30:51'),(139,'ಕೆಳಗಿನಮಣ್ಣಿಗೆ','Place',137,'2019-04-08 13:11:27','2019-04-10 13:41:41'),(140,'ತಲಗೋಡ','Place',138,'2019-04-08 13:12:07','2019-04-10 16:35:17'),(141,'ಮೇಲಿನಮಣ್ಣಿಗೆ','Place',139,'2019-04-08 13:12:45','2019-04-10 13:41:41'),(142,'ಜನ್ನಕಡ್ಕಲ್','Place',140,'2019-04-08 13:13:23','2019-04-10 13:41:41'),(143,'ಗುಂಡಬಾಳ-1','Place',141,'2019-04-08 13:13:54','2019-04-22 07:48:02'),(144,'ಹಿರೇಬೈಲ್','Place',142,'2019-04-08 13:14:25','2019-04-10 13:41:41'),(145,'ಹೆರವಲಿ','Place',143,'2019-04-08 13:14:52','2019-04-10 13:41:41'),(146,'ಹೊಸಗೋಡ್','Place',144,'2019-04-08 13:15:48','2019-04-10 13:41:41'),(147,'ಬೇರೊಳ್ಳಿ','Place',145,'2019-04-08 13:16:19','2019-04-10 13:41:41'),(148,'ಮುಟ್ಟ','Place',146,'2019-04-08 13:16:48','2019-04-10 16:36:48'),(149,'ಕೆಳಗಿನಮೂಡ್ಕಣಿ','Place',147,'2019-04-08 13:17:23','2019-04-10 13:41:41'),(150,'ತುಂಬೊಳ್ಳಿ','Place',148,'2019-04-08 13:17:58','2019-04-10 16:37:06'),(151,'ಮೇಲಿನಮೂಡ್ಕಣಿ','Place',149,'2019-04-08 13:18:33','2019-04-10 13:41:41'),(152,'ಅಡ್ಕಾರ್','Place',150,'2019-04-08 13:18:57','2019-04-10 13:41:41'),(153,'ಜಲವಳಕರ್ಕಿ','Place',151,'2019-04-08 13:19:33','2019-04-10 16:37:27'),(154,'ಕೆರವಳ್ಳಿ','Place',152,'2019-04-08 13:20:11','2019-04-10 13:41:41'),(155,'ಪಡಕುಳಿ','Place',153,'2019-04-08 13:20:42','2019-04-10 16:37:42'),(156,'ಕಣಕಿಚಿಟ್ಟಾ','Place',154,'2019-04-08 13:21:19','2019-04-10 16:38:22'),(157,'ಹೊಸಪಟ್ಟಣ','Place',155,'2019-04-08 13:21:50','2019-04-10 13:41:41'),(158,'ಗುಣವಂತೆ','Place',156,'2019-04-08 13:22:24','2019-04-10 13:41:41'),(159,'ಕೂಡ್ಲ','Place',157,'2019-04-08 13:22:55','2019-04-10 16:38:52'),(160,'ಬೇರಂಕಿ','Place',158,'2019-04-08 13:23:29','2019-04-10 13:41:41'),(161,'ಅನಿಲಗೋಡ್','Place',159,'2019-04-08 13:23:59','2019-04-10 13:41:41'),(162,'ಹಿನ್ನೂರ್','Place',160,'2019-04-08 13:24:30','2019-04-10 12:58:44'),(163,'ಶೀರ್ಕುರ್','Place',161,'2019-04-08 13:25:06','2019-04-10 13:41:41'),(164,'ಬೀರನಗೋಡ್','Place',162,'2019-04-08 13:25:46','2019-04-10 16:39:19'),(165,'ಬಾಳಿಮೇಟ','Place',163,'2019-04-08 13:26:23','2019-04-10 16:39:42'),(166,'ಮಡಿ','Place',164,'2019-04-08 13:28:13','2019-04-10 16:40:08'),(167,'ದೇವರಗದ್ದೆ','Place',165,'2019-04-08 13:28:52','2019-04-10 13:41:41'),(168,'ಹಳೇಮಠ','Place',166,'2019-04-08 13:29:24','2019-04-10 16:40:22'),(169,'ಮೂಲೆಮನೆ','Place',167,'2019-04-08 13:30:17','2019-04-10 13:41:41'),(170,'ನವಾಯತಕೇರಿ','Place',168,'2019-04-08 13:30:45','2019-04-10 13:41:41'),(171,'ಕೆಳಗಿನ ನವಾಯತಕೇರಿ','Place',169,'2019-04-08 13:31:26','2019-04-10 13:41:41'),(172,'ಬನಸಾಲೆ','Place',170,'2019-04-08 13:32:07','2019-04-10 16:41:36'),(173,'ಕರವಸ','Place',171,'2019-04-08 13:32:37','2019-04-10 16:41:56'),(174,'ಕಟ್ಟೆಅಂಗಡಿ','Place',172,'2019-04-08 13:33:06','2019-04-10 16:42:19'),(175,'ನಾವಿನಕಟ್ಟೆ','Place',173,'2019-04-08 13:33:33','2019-04-10 16:42:32'),(176,'ನಖಮೊಹಲ್ಲಾ','Place',174,'2019-04-08 13:34:02','2019-04-10 16:42:53'),(177,'ಘಜನಿಹಿತ್ಲ','Place',175,'2019-04-08 13:34:31','2019-04-10 13:41:41'),(178,'ಕೆಪ್ಪನಹಿತ್ಲ','Place',176,'2019-04-08 13:35:00','2019-04-10 13:41:41'),(179,'ಹೊಸಹಿತ್ಲ','Place',177,'2019-04-08 13:35:25','2019-04-10 13:41:41'),(180,'ಸಣ್ಣಗುಂದ','Place',178,'2019-04-08 13:35:54','2019-04-10 13:41:41'),(181,'ಹಡವು','Place',179,'2019-04-08 13:36:32','2019-04-10 12:58:41'),(182,'ನಡ','Place',180,'2019-04-08 13:36:58','2019-04-10 13:41:41'),(183,'ಸೇನಾಪುರ','Place',181,'2019-04-08 13:37:27','2019-04-10 13:41:41'),(184,'ಬಡಾಕೆರೆ','Place',182,'2019-04-08 13:37:54','2019-04-10 13:41:41'),(185,'ಅಡಕುಲ','Place',183,'2019-04-08 13:38:26','2019-04-10 13:41:41'),(186,'ಡಬ್ಬೊಡ','Place',184,'2019-04-08 13:39:11','2019-04-10 16:44:28'),(187,'ಸಂಪೊಳ್ಳಿ','Place',185,'2019-04-08 13:39:41','2019-04-10 16:44:41'),(188,'ಅಡಕೆಕುಳಿ','Place',186,'2019-04-08 13:40:17','2019-04-10 13:41:41'),(189,'ಅಶಿಕೇರಿ','Place',187,'2019-04-08 13:41:00','2019-04-10 13:41:41'),(190,'ಹಡಿಕಲ್','Place',188,'2019-04-08 13:41:30','2019-04-10 13:41:41'),(191,'ನೀಲಗಿರಿ','Place',189,'2019-04-08 13:42:14','2019-04-10 13:41:41'),(192,'ಉಪ್ಲೆ','Place',190,'2019-04-08 13:42:41','2019-04-10 16:45:16'),(193,'ಮಂಕಿ-ಸಿ(ಚಿತ್ತಾರ)','Place',191,'2019-04-08 13:43:52','2019-04-10 16:45:35'),(194,'ಕಂಚಿಕೋಡ್ಲ','Place',192,'2019-04-08 13:44:28','2019-04-10 16:45:56'),(195,'ಹಳೆಸಂಪ್ಲ','Place',193,'2019-04-08 13:44:56','2019-04-10 16:46:12'),(196,'ತೊಟ್ಟಿಮೂಲೆ','Place',194,'2019-04-08 13:45:24','2019-04-10 13:41:41'),(197,'ಮುಂದರ','Place',195,'2019-04-08 13:45:52','2019-04-10 16:46:26'),(198,'ಶಶಿಕೋಡ್ಲಾ','Place',196,'2019-04-08 13:46:34','2019-04-10 13:41:41'),(199,'ಅರಳೆ','Place',197,'2019-04-08 13:47:01','2019-04-10 13:41:41'),(200,'ಗಂಜಗೇರಿ','Place',198,'2019-04-08 13:47:31','2019-04-10 13:41:41'),(201,'ವಡಗೆರೆ','Place',199,'2019-04-08 13:47:58','2019-04-10 13:41:41'),(202,'ಮಂಡಲಕುರ್ವಾ','Place',200,'2019-04-08 13:48:42','2019-04-10 16:46:55'),(203,'ಹೊಸಾಡ','Place',201,'2019-04-08 13:49:09','2019-04-10 16:47:08'),(204,'ಕೆಳಗಿನ ಇಡಗುಂಜಿ','Place',202,'2019-04-08 13:49:52','2019-04-10 13:41:41'),(205,'ಮಾಳ್ಕೋಡ','Place',203,'2019-04-08 13:50:21','2019-04-10 16:47:30'),(206,'ಮೊಳ್ಕೋಡ','Place',204,'2019-04-08 13:51:27','2019-04-10 16:48:00'),(207,'ಖಂಡೋಡಿ','Place',205,'2019-04-08 13:52:07','2019-04-10 16:48:22'),(208,'ಹನೇಹಳ್ಳಿ ಕಬ್ಬಿನಹಕ್ಲ','Place',206,'2019-04-08 13:52:56','2019-04-10 16:48:48'),(209,'ಹಡಗೇರಿ','Place',207,'2019-04-08 13:53:24','2019-04-10 13:41:41'),(210,'ಬೆಗೋಡಿ','Place',208,'2019-04-08 13:53:58','2019-04-10 13:41:41'),(211,'ಹುಳಗಾರ','Place',209,'2019-04-08 13:54:25','2019-04-10 16:49:19'),(212,'ಮಹಿಮೆ','Place',210,'2019-04-08 13:54:52','2019-04-10 13:41:41'),(213,'ಸರಳಗಿ','Place',211,'2019-04-08 13:55:19','2019-04-10 16:49:35'),(214,'ಮಾರುಕೇರಿ','Panchayat',36,'2019-04-08 15:28:14','2019-04-10 11:01:52'),(215,'ಜಾಲಿ ಪಟ್ಟಣ ಪಂಚಾಯತ','Panchayat',45,'2019-04-08 15:28:14','2019-04-10 11:06:17'),(216,'ಭಟ್ಕಳ','Taluk',1,'2019-04-08 15:28:14','2019-04-10 11:00:05'),(217,'ಮಂಕಿ ಏ (ಹಳೇಮಟ)','Panchayat',56,'2019-04-08 15:28:14','2019-04-10 11:18:39'),(218,'ಹೊನ್ನಾವರ','Taluk',8,'2019-04-08 15:28:14','2019-04-10 11:11:50'),(219,'ಹೆಗ್ಗಾರ','Place',212,'2019-04-08 17:21:14','2019-04-10 16:35:27'),(220,'ಗುಡೇಮಕ್ಕಿ','Place',213,'2019-04-08 17:22:09','2019-04-10 13:41:41'),(221,'ಸೋನಾರಿಕೇರಿ','Place',214,'2019-04-08 17:23:28','2019-04-10 13:41:41'),(222,'ಅಳ್ವೆಕೋಡಿ','Place',215,'2019-04-08 17:24:05','2019-04-10 13:41:41'),(224,'ಕೋಣಾರಕೇರಿ','Place',217,'2019-04-08 17:26:38','2019-04-10 16:21:44'),(225,'ಹೊಸಹಿತ್ಲ','Place',218,'2019-04-08 17:27:13','2019-04-10 13:41:41'),(226,'ದಾಲ್ಜಿರಕೇರಿ','Place',219,'2019-04-08 17:27:53','2019-04-10 13:41:41'),(227,'ಹಿರೇದೋಮಿ','Place',220,'2019-04-08 17:28:41','2019-04-10 16:22:00'),(228,'ಬೆಟ್ಕೂರು','Place',221,'2019-04-08 17:32:25','2019-04-10 16:19:27'),(229,'ಕರೂರ್','Place',222,'2019-04-08 17:33:48','2019-04-10 13:41:41'),(230,'ಉತ್ತರಕೊಪ್ಪ','Place',223,'2019-04-08 17:34:32','2019-04-10 13:41:41'),(231,'ಜಾಗಟೆಬೈಲು','Place',224,'2019-04-09 07:01:25','2019-04-10 13:41:41'),(232,'ಐಸ್ ಫ್ಯಾಕ್ಟರಿ','Place',225,'2019-04-09 07:02:05','2019-04-10 13:41:41'),(233,'ಹೆಗಲು','Place',226,'2019-04-09 07:02:32','2019-04-10 13:41:41'),(234,'ಮಿನಿಹಿತ್ಲು','Place',227,'2019-04-09 07:03:11','2019-04-10 16:31:12'),(235,'ಕಂಡೆಕೋಡ್ಲು','Place',228,'2019-04-09 07:03:45','2019-04-10 13:41:41'),(236,'ಕಡವಿನಕಟ್ಟ','Place',229,'2019-04-09 07:04:11','2019-04-10 13:41:41'),(237,'ಡಿ.ಪಿ ಕಾಲೋನಿ','Place',230,'2019-04-09 07:04:41','2019-04-10 16:31:29'),(238,'ಹಿಂದೂ ಕಾಲೋನಿ','Place',231,'2019-04-09 07:05:08','2019-04-10 13:41:41'),(239,'ಕೆ.ಎಚ್.ಬಿ ಕಾಲೋನಿ','Place',232,'2019-04-09 07:05:57','2019-04-10 16:31:47'),(240,'ಭಟ್ರುಮನೆ','Place',233,'2019-04-09 07:07:07','2019-04-10 13:41:41'),(241,'ಹಾರುಮಕ್ಕಿ','Place',234,'2019-04-09 07:07:31','2019-04-10 13:41:41'),(242,'ಸಣ್ಮನೆ','Place',235,'2019-04-09 07:08:05','2019-04-10 16:32:10'),(243,'ಜನತಾಮನೆ','Place',236,'2019-04-09 07:09:13','2019-04-10 16:32:28'),(244,'ದೇವಿನಗರ','Place',237,'2019-04-09 07:09:44','2019-04-10 16:32:38'),(245,'ಜಂಗನಗದ್ದೆ','Place',238,'2019-04-09 07:10:31','2019-04-10 13:41:41'),(246,'ತೆಂಗಿನಹಿತ್ಲು','Place',239,'2019-04-09 07:11:08','2019-04-10 13:41:41'),(247,'ಭಟ್ನಹಿತ್ಲು','Place',240,'2019-04-09 07:11:45','2019-04-10 16:32:49'),(248,'ಹಾರ್ನಗದ್ದೆ','Place',241,'2019-04-09 07:12:13','2019-04-10 16:33:47'),(249,'ಜಾಲಿಕೋಡಿ','Place',242,'2019-04-09 07:12:43','2019-04-10 16:33:09'),(250,'ಜಾಲಿಕೋಡಿ ಪೂರ್ವ','Place',243,'2019-04-09 07:13:13','2019-04-10 16:33:27'),(251,'ಹನುಮಾನ್ ನಗರ','Place',244,'2019-04-09 07:13:52','2019-04-10 16:33:57'),(252,'ಬಂಗಾರಮಕ್ಕಿ','Place',245,'2019-04-09 07:14:26','2019-04-10 13:41:41'),(253,'ಶೇಡಿಕುಳಿ','Place',246,'2019-04-09 07:14:57','2019-04-10 13:41:41'),(254,'ಮದೀನಾ ಕಾಲೋನಿ','Place',247,'2019-04-09 07:15:26','2019-04-10 13:41:41'),(255,'ಮೂಸಾನಗರ','Place',248,'2019-04-09 07:16:19','2019-04-10 16:34:20'),(256,'ತಗ್ಗರಗೋಡ','Place',249,'2019-04-09 07:18:32','2019-04-10 16:34:38'),(257,'ಬೆಂಡೆಕಾನ','Place',250,'2019-04-09 07:19:01','2019-04-10 16:34:47'),(258,'ಹಾವಳಿಕಂಟ','Place',251,'2019-04-09 07:29:29','2019-04-10 16:23:07'),(259,'ಶಿರಜ್ಜಿಮನೆ','Place',252,'2019-04-09 07:36:46','2019-04-10 13:41:41'),(260,'ಕಾನಮದ್ಲು','Place',253,'2019-04-09 07:37:20','2019-04-10 16:05:15'),(261,'ನಾಗರಮನೆ','Place',254,'2019-04-09 07:38:26','2019-04-10 16:05:29'),(262,'ಹೆರಬುಡ್ಕಿ','Place',255,'2019-04-09 07:39:12','2019-04-10 13:41:41'),(263,'ಮದ್ಗಾರಕೇರಿ','Place',256,'2019-04-09 07:39:58','2019-04-10 16:05:44'),(264,'ಅಶಿಕಾನ','Place',257,'2019-04-09 07:40:38','2019-04-10 16:05:58'),(265,'ಗರಡಿಹಿತ್ಲು','Place',258,'2019-04-09 07:41:22','2019-04-10 13:41:41'),(266,'ಬಾಳೆಹಿತ್ಲು','Place',259,'2019-04-09 07:44:28','2019-04-10 13:41:41'),(267,'ಹೊಳೆಗದ್ದೆ','Place',260,'2019-04-09 07:47:46','2019-04-10 13:41:41'),(268,'ಬಂಗಾರಮಕ್ಕಿ','Place',261,'2019-04-09 07:51:08','2019-04-10 13:41:41'),(269,'ಮಾವಿನಕಟ್ಟಾ','Place',262,'2019-04-09 07:52:01','2019-04-10 16:07:24'),(270,'ಮಲ್ಲಾರಿ','Place',263,'2019-04-09 07:52:39','2019-04-10 13:41:41'),(271,'ಚಿಟ್ಟಿಹಕ್ಲ','Place',264,'2019-04-09 07:53:36','2019-04-10 16:07:37'),(272,'ತೆರ್ನಮಕ್ಕಿ','Place',265,'2019-04-09 07:54:23','2019-04-10 13:41:41'),(273,'ಶೇಡಬರಿ','Place',266,'2019-04-09 07:59:07','2019-04-10 16:12:44'),(274,'ತೆರ್ನಮಕ್ಕಿ','Place',267,'2019-04-09 08:08:13','2019-04-10 13:41:41'),(275,'ಸಭತಿ','Place',268,'2019-04-09 08:09:08','2019-04-10 16:15:43'),(276,'ಹೆರಾಡಿ','Place',269,'2019-04-09 08:09:44','2019-04-10 16:16:01'),(277,'ಬೆದ್ರಮನೆ','Place',270,'2019-04-09 08:10:16','2019-04-22 07:04:21'),(278,'ಅಬ್ರೇ','Place',271,'2019-04-09 08:10:47','2019-04-10 13:41:41'),(279,'ಮಠದಹಿತ್ಲು','Place',272,'2019-04-09 08:11:22','2019-04-10 16:16:24'),(280,'ಕೆಳಗಿನಕೇರಿ','Place',273,'2019-04-09 08:13:09','2019-04-10 13:41:41'),(281,'ಒಂದಲಸೆ','Place',274,'2019-04-09 08:13:48','2019-04-10 16:18:18'),(282,'ಕಟಗಾರಕೊಪ್ಪ','Place',275,'2019-04-09 08:14:37','2019-04-10 16:18:32'),(283,'ತಲಹೊಂಡ','Place',276,'2019-04-09 08:15:25','2019-04-10 16:18:49'),(284,'ಕೊಳಗೇರಿ','Place',277,'2019-04-09 08:15:57','2019-04-10 13:41:41'),(285,'ಹಲ್ಲಾಂದಿ','Place',278,'2019-04-09 08:16:34','2019-04-10 16:19:10'),(286,'ಬೆಸೆ','Place',279,'2019-04-09 08:18:53','2019-04-10 16:19:45'),(287,'ಕಲ್ಲಬ್ಬೆ','Place',280,'2019-04-09 08:19:20','2019-04-10 13:41:41'),(288,'ಕಿಸ್ಸಾರಮಕ್ಕಿ','Place',281,'2019-04-09 09:16:26','2019-04-10 16:20:47'),(289,'ಬಾಕಡಕೇರಿ','Place',282,'2019-04-09 09:17:18','2019-04-10 16:21:06'),(290,'ಮುರ್ಡೇಶ್ವರ','Place',283,'2019-04-09 09:17:58','2019-04-10 13:41:41'),(291,'ಕಕ್ಕೆ','Place',284,'2019-04-09 09:18:39','2019-04-10 13:41:41'),(292,'ಗಂಡಿಮುಂಡಕಿ','Place',285,'2019-04-09 09:20:50','2019-04-10 13:41:41'),(293,'ದೀವಗೇರಿ','Place',286,'2019-04-09 09:22:26','2019-04-10 13:41:41'),(294,'ಕೊಡ್ಸುಳು','Place',287,'2019-04-09 09:23:05','2019-04-10 13:41:41'),(295,'ಬಾಡಗೇರಿ','Place',288,'2019-04-09 09:24:45','2019-04-10 16:22:23'),(296,'ಜೋಗಿಮನೆ','Place',289,'2019-04-09 09:26:44','2019-04-10 13:41:41'),(297,'ಪಾವ್ಣಿಹಿತ್ಲು','Place',290,'2019-04-09 09:27:29','2019-04-10 16:23:28'),(298,'ಮೊಗೇರಕೇರಿ','Place',291,'2019-04-09 09:28:22','2019-04-10 13:41:41'),(299,'ಹೊಸ್ಮನೆ ಮಕ್ಕಿಗದ್ದೆ','Place',292,'2019-04-09 09:29:05','2019-04-10 13:41:41'),(300,'‌ಹಡೀನ್','Place',293,'2019-04-09 09:30:34','2019-04-10 16:23:58'),(301,'ಕೋಟೆಬಾಗಿಲು','Place',294,'2019-04-09 09:32:12','2019-04-10 13:41:41'),(302,'ತಟ್ಟಿಹಕ್ಕಲ','Place',295,'2019-04-09 09:32:50','2019-04-10 13:41:41'),(303,'ಬಂಡಿಕಾಶಿ','Place',296,'2019-04-09 09:33:23','2019-04-10 16:25:10'),(304,'ಚಿತ್ರಾಪುರ','Place',297,'2019-04-09 09:34:08','2019-04-10 13:41:41'),(305,'ಮೊಗೇರಕೇರಿ','Place',298,'2019-04-09 09:35:24','2019-04-10 13:41:41'),(306,'ಕುಕ್ನೀರ್','Place',299,'2019-04-09 09:36:01','2019-04-10 13:41:41'),(307,'ಸಾರದಹೊಳೆ','Place',300,'2019-04-09 09:36:29','2019-04-10 16:25:24'),(308,'ಕೆಂಬ್ರೆ','Place',301,'2019-04-09 09:37:09','2019-04-10 16:25:52'),(309,'ಗುಡಿಹಿತ್ಲ','Place',302,'2019-04-09 09:37:58','2019-04-10 13:41:41'),(310,'ಪಳ್ಳಿಹಕ್ಲು','Place',303,'2019-04-09 09:38:42','2019-04-10 16:26:08'),(311,'ಮಣ್ಣಹೊಂಡ','Place',304,'2019-04-09 09:39:25','2019-04-10 13:41:41'),(312,'ಹಿರೇಹಿತ್ಲು','Place',305,'2019-04-09 09:40:13','2019-04-10 16:26:20'),(313,'ಸೋಡಿಗದ್ದೆ','Place',306,'2019-04-09 09:42:07','2019-04-10 13:41:41'),(314,'ಬೀಳುರಮನೆ','Place',307,'2019-04-09 09:43:26','2019-04-10 16:28:53'),(315,'ಸರ್ಪನಕಟ್ಟ','Place',308,'2019-04-09 09:44:18','2019-04-10 13:41:41'),(316,'ಮಾವಳ್ಳಿ-1','Panchayat',37,'2019-04-09 09:47:27','2019-04-10 11:02:26'),(317,'ಅಮೀನುದ್ದೀನ್ ರಸ್ತೆ','Place',309,'2019-04-10 06:09:31','2019-04-16 07:03:21'),(318,'ತೆಂಗಿನಗುಂಡಿ','Place',310,'2019-04-10 06:10:09','2019-04-10 13:41:42'),(319,'ಶಂಶುದ್ದೀನ್ ರಸ್ತೆ','Place',311,'2019-04-10 06:10:47','2019-04-16 07:03:36'),(320,'ಮೇನ್ ರೋಡ್','Place',312,'2019-04-10 06:11:13','2019-04-10 13:41:42'),(321,'ಎನ್ಎಚ್-66','Place',313,'2019-04-10 06:12:23','2019-04-10 16:29:43'),(322,'ತಂಝೀಮ್ ರಸ್ತೆ','Place',314,'2019-04-10 06:13:06','2019-04-16 07:03:47'),(323,'ಮೌಲಾನ್ ರಸ್ತೆ','Place',315,'2019-04-10 06:14:14','2019-04-16 07:03:59'),(324,'ಗುಲ್ಜಾರ್ ಸ್ಟ್ರೀಟ್','Place',316,'2019-04-10 06:21:19','2019-04-10 13:41:42'),(325,'ಸೋನಾರಕೇರಿ','Place',317,'2019-04-10 07:41:41','2019-04-10 13:41:42'),(326,'ಬಿಟ್ಟಿಬೀಳು','Place',318,'2019-04-10 07:58:39','2019-04-10 13:41:42'),(327,'ಪಂಚಾಯತರಾಜ್‌ ಇಂಜಿನಿಯರಿಂಗ ವಿಭಾಗ','Department',1,'2019-04-10 10:01:51','2019-04-10 10:01:51'),(328,'ಭೂಸೇನಾ ನಿಗಮ','Department',2,'2019-04-10 10:02:07','2019-04-10 10:02:07'),(329,'ಲೋಕೋಪಯೋಗಿ ಇಲಾಖೆ','Department',3,'2019-04-10 10:02:26','2019-04-10 10:02:26'),(330,'ಎಗ್ರಿಮೆಂಟ','Department',4,'2019-04-10 10:02:46','2019-04-10 10:02:46'),(331,'ಸಣ್ಣ ನೀರಾವರಿ ಇಲಾಖೆ','Department',5,'2019-04-10 10:03:03','2019-04-10 10:03:03'),(332,'ಕಾಮಗಾರಿ ಮಂಜೂರಾಗಿರುತ್ತದೆ.','EntityStatus',1,'2019-04-10 10:03:33','2019-04-12 06:27:35'),(333,'ಕಾಮಗಾರಿ ಪ್ರಗತಿಯಲ್ಲಿರುತ್ತದೆ.','EntityStatus',2,'2019-04-10 10:03:59','2019-04-10 10:03:59'),(334,'ಬೈಲೂರು','Panchayat',1,'2019-04-10 11:00:22','2019-04-10 11:00:22'),(335,'ಬೆಳಕೆ','Panchayat',2,'2019-04-10 11:00:33','2019-04-10 18:05:58'),(336,'ಬೇಂಗ್ರೆ','Panchayat',3,'2019-04-10 11:00:44','2019-04-10 11:00:44'),(337,'ಹಾಡುವಳ್ಳಿ','Panchayat',4,'2019-04-10 11:00:57','2019-04-10 11:00:57'),(338,'ಹೆಬಳೆ','Panchayat',5,'2019-04-10 11:01:07','2019-04-10 11:01:07'),(339,'ಕಾಯ್ಕಿಣಿ','Panchayat',33,'2019-04-10 11:01:21','2019-04-10 11:01:21'),(340,'ಕೋಣಾರ','Panchayat',34,'2019-04-10 11:01:31','2019-04-10 11:01:31'),(341,'ಕೊಪ್ಪ','Panchayat',35,'2019-04-10 11:01:40','2019-04-10 11:01:40'),(342,'ಮಾವಳ್ಳಿ-2','Panchayat',38,'2019-04-10 11:02:44','2019-04-10 11:02:44'),(343,'ಮಾವಿನಕುರ್ವೆ','Panchayat',39,'2019-04-10 11:02:59','2019-04-10 11:02:59'),(344,'ಮುಂಡಳ್ಳಿ','Panchayat',40,'2019-04-10 11:03:12','2019-04-10 11:03:12'),(345,'ಮುಠ್ಠಳ್ಳಿ','Panchayat',41,'2019-04-10 11:03:23','2019-04-10 11:03:23'),(346,'ಶಿರಾಲಿ','Panchayat',42,'2019-04-10 11:03:33','2019-04-10 11:03:33'),(347,'ಯಲ್ವಡಿಕವೂರು','Panchayat',43,'2019-04-10 11:03:50','2019-04-10 11:03:50'),(348,'ಭಟ್ಕಳ ಪುರಸಭೆ','Panchayat',44,'2019-04-10 11:04:08','2019-04-10 11:04:08'),(349,'ಬಳ್ಕೂರು','Panchayat',28,'2019-04-10 11:13:23','2019-04-10 11:13:23'),(350,'ಚಿಕ್ಕನಕೋಡ','Panchayat',46,'2019-04-10 11:13:43','2019-04-10 11:13:43'),(351,'ಹಡಿನಬಾಳ','Panchayat',47,'2019-04-10 11:15:33','2019-04-10 11:15:33'),(352,'ಜಲವಳ್ಳಿ','Panchayat',49,'2019-04-10 11:15:48','2019-04-10 11:15:48'),(353,'ಕಾಸರಕೋಡ','Panchayat',50,'2019-04-10 11:16:32','2019-04-10 11:16:32'),(354,'ಕೆಳಗಿನೂರು','Panchayat',51,'2019-04-10 11:17:04','2019-04-10 11:17:04'),(355,'ಖರ್ವಾ','Panchayat',52,'2019-04-10 11:17:17','2019-04-10 11:17:17'),(356,'ಕೊಡಾಣಿ','Panchayat',53,'2019-04-10 11:17:31','2019-04-10 11:17:31'),(357,'ಕುದ್ರಿಗಿ','Panchayat',54,'2019-04-10 11:17:48','2019-04-10 11:17:48'),(358,'ಮಾಗೋಡ','Panchayat',55,'2019-04-10 11:18:05','2019-04-10 11:18:05'),(359,'ಮಂಕಿ ಬಿ (ಅನಂತವಾಡಿ)','Panchayat',57,'2019-04-10 11:19:05','2019-04-10 11:19:05'),(360,'ಮಂಕಿ ಸಿ (ಚಿತ್ತಾರ)','Panchayat',58,'2019-04-10 11:19:51','2019-04-10 11:19:51'),(361,'ಮಾವಿನಕುರ್ವಾ','Panchayat',59,'2019-04-10 11:20:15','2019-04-10 11:20:15'),(362,'ಮೇಲಿನ ಇಡಗುಂಜಿ','Panchayat',60,'2019-04-10 11:20:49','2019-04-10 11:20:49'),(363,'ಮುಗ್ವಾ','Panchayat',61,'2019-04-10 11:21:07','2019-04-10 11:21:07'),(364,'ನಗರಬಸ್ತಿಕೇರಿ','Panchayat',62,'2019-04-10 11:21:19','2019-04-10 11:21:19'),(365,'ಉಪ್ಪೋಣಿ','Panchayat',63,'2019-04-10 11:21:42','2019-04-10 11:21:42'),(366,'ಅಡಿಗಲ್ಲು ಹಾಕಲಾಗಿದೆ','EntityStatus',4,'2019-04-10 17:30:12','2019-04-10 17:30:12'),(367,'ಉಧ್ಘಾಟನೆ ಮಾಡಲಾಗಿದೆ.','EntityStatus',5,'2019-04-10 17:32:00','2019-04-10 17:32:00'),(368,'ಕಾಮಗಾರಿ ಪಟ್ಟಿಯಲ್ಲಿ ಸೇರಿಸಲಾಗಿದೆ.','EntityStatus',6,'2019-04-10 17:35:27','2019-04-10 17:35:27'),(369,'ಮಂಜೂರಾತಿಗೆ ಸರ್ಕಾರಕ್ಕೆ ಸಲ್ಲಿಸಲ್ಲಾಗಿದೆ.','EntityStatus',7,'2019-04-10 17:37:57','2019-04-10 17:37:57'),(370,'ಟೆಂಡರ ಪ್ರಗತಿಯಲ್ಲಿದೆ','EntityStatus',8,'2019-04-10 17:39:05','2019-04-12 05:15:59'),(371,'ಕಾಮಗಾರಿ ಮುಗಿದಿರುತ್ತದೆ.','EntityStatus',9,'2019-04-10 17:39:47','2019-04-10 17:39:47'),(372,'ಅರ್ಜಿ ಪ್ರಗತಿಯಲ್ಲಿದೆ.','EntityStatus',10,'2019-04-10 17:43:40','2019-04-10 17:43:40'),(373,'ದಾಖಲೆಗಳನ್ನು ಸಲ್ಲಿಸಲಾಗಿದೆ.','EntityStatus',11,'2019-04-10 17:46:29','2019-04-12 09:22:22'),(374,'ವಿಲೇಗೆ ತರಲಾಗಿದೆ.','EntityStatus',12,'2019-04-10 17:47:59','2019-04-10 17:47:59'),(375,'ಮಂಜೂರಾಗಿರುತ್ತದೆ.','EntityStatus',13,'2019-04-10 17:50:01','2019-04-10 17:50:01'),(376,'ಮಂಜೂರಾಗಿರುವುದಿಲ್ಲ.','EntityStatus',14,'2019-04-10 17:51:53','2019-04-10 17:51:53'),(377,'ನಿಮ್ಮ ದೂರನ್ನು ಪರಿಶೀಲಿಸಿ ಸೂಕ್ತ ಕ್ರಮ ಕೈಗೊಳ್ಳಲಾಗುವುದು','EntityStatus',15,'2019-04-10 17:52:53','2019-04-12 17:46:59'),(378,'ತಮ್ಮ ಬೇಡಿಕೆಯನ್ನು ಪರಿಶೀಲಿಸಿ ಸೂಕ್ತ ಕ್ರಮ ಕೈಗೊಳ್ಳಲಾಗುವುದು.','EntityStatus',16,'2019-04-10 17:53:20','2019-04-12 18:03:21'),(379,'ದೂರನ್ನು ಸಂಭಂದಿಸಿದ ಇಲಾಖೆಗೆ ವರ್ಗಾಯಿಸಲಾಗಿದೆ','EntityStatus',17,'2019-04-10 17:54:07','2019-04-12 17:51:42'),(380,'ಕಾರ್ಯಕ್ರಮ ಪಟ್ಟಿಯಲ್ಲಿ ಸೇರಿಸಲಾಗಿದೆ.ಅಂತಿಮವಾದಲ್ಲಿ ತಿಳಿಸಲಾಗುವುದು.','EntityStatus',18,'2019-04-10 17:55:06','2019-04-12 18:07:36'),(381,'ಶಾಸಕರು ಕಾರ್ಯಕ್ರಮಕ್ಕೆ ಬರಲು ಒಪ್ಪಿಕೊಂಡಿರುತ್ತಾರೆ.','EntityStatus',19,'2019-04-10 17:56:01','2019-04-12 17:59:01'),(382,'ಅನ್ಯ ಕಾರ್ಯ ನಿಮಿತ್ತ ಬರಲಾಗುತ್ತಿಲ್ಲ. ಕ್ಷಮಿಸಿ .ಕಾರ್ಯಕ್ರಮಕ್ಕೆ ಶುಭವಾಗಲಿ.','EntityStatus',20,'2019-04-10 17:57:17','2019-04-12 18:01:31'),(383,'ತಮ್ಮ ಕೋರಿಕೆಯು ಪರಿಶೀಲನೆಯಲ್ಲಿದೆ.','EntityStatus',21,'2019-04-10 17:57:48','2019-04-12 18:05:47'),(389,'ಸೋನಾರಕೇರಿ','Place',319,'2019-04-11 05:20:18','2019-04-11 05:20:18'),(390,'ಗುಮ್ಮನಹಕ್ಲು','Place',320,'2019-04-11 05:54:32','2019-04-11 05:54:32'),(391,'ಜಾಲಿ','Place',321,'2019-04-11 06:33:52','2019-04-11 06:33:52'),(392,'ಗುಂಡ್ಲಕಟ್ಟೆ','Place',322,'2019-04-11 06:49:47','2019-04-11 06:49:47'),(393,'ತಲಮೋಟೆ','Place',323,'2019-04-11 09:41:52','2019-04-11 09:41:52'),(394,'ಇಡಗುಂಜಿ','Place',324,'2019-04-11 15:12:29','2019-04-11 15:12:29'),(395,'ಕಾಸ್ಮುಡಿ','Place',325,'2019-04-11 15:14:12','2019-04-11 15:14:12'),(396,'ಗಂಜಿಕೇರಿ','Place',326,'2019-04-11 15:17:21','2019-04-11 15:17:21'),(397,'ಕುಳಕೋಡ','Place',327,'2019-04-11 15:18:50','2019-04-11 15:18:50'),(398,'ಕೋಟದಮಕ್ಕಿ','Place',328,'2019-04-12 05:08:07','2019-04-12 05:08:07'),(399,'ನೀರಕಂಠ','Place',329,'2019-04-12 05:23:56','2019-04-12 05:23:56'),(400,'ವಸತಿ ಸೌಕರ್ಯ','SchemeType',1,'2019-04-12 06:43:34','2019-04-12 06:52:25'),(401,'ಮುಖ್ಯಮಂತ್ರಿ ವೈದ್ಯಕೀಯ ಪರಿಹಾರ','SchemeType',2,'2019-04-12 06:53:18','2019-04-12 06:53:18'),(402,'ವಿಧ್ಯಾಭ್ಯಾಸ ಧನಸಹಾಯ','SchemeType',3,'2019-04-12 06:54:09','2019-04-12 06:54:09'),(403,'ಸಂಘಸಂಸ್ಥೆಗಳಿಗೆ ಕ್ರೀಡೆಗೆ ಸಹಾಯಧನ','SchemeType',4,'2019-04-12 06:55:29','2019-04-12 06:55:29'),(404,'ಬಡರೋಗಿಗಳಿಗೆ ಸಹಾಯಧನ','SchemeType',5,'2019-04-12 06:56:15','2019-04-12 06:56:31'),(405,'ಬಡವರ ಮದುವೆ ಕಾರ್ಯಕ್ರಮಕ್ಕೆ ಸಹಾಯಧನ','SchemeType',6,'2019-04-12 06:57:56','2019-04-12 06:57:56'),(406,'ಬಡವರಿಗೆ ಸಹಾಯಧನ','SchemeType',7,'2019-04-12 06:58:53','2019-04-12 06:58:53'),(407,'ಪ್ರವಾಸೋದ್ಯಮ ವಾಹನ','SchemeType',8,'2019-04-12 06:59:34','2019-04-12 06:59:34'),(408,'ಅಂಗವಿಕಲರಿಗೆ ತ್ರಿಚಕ್ರ ವಾಹನ','SchemeType',9,'2019-04-12 07:00:24','2019-04-12 07:00:24'),(409,'ಮೀನುಗಾರರಿಗೆ ಸಲಕರಣೆ ','SchemeType',10,'2019-04-12 07:01:42','2019-04-12 07:01:42'),(410,'ರೈತರಿಗೆ ಸಲಕರಣೆ','SchemeType',11,'2019-04-12 07:02:22','2019-04-12 07:02:22'),(411,'ದಾಖಲೆ ಕೇಳಿ ಪತ್ರ ಬರೆಯಲಾಗಿದೆ','EntityStatus',27,'2019-04-12 07:07:23','2019-04-12 07:07:23'),(412,'ಒಪ್ಪನಕೋಡ್ಲು','Place',330,'2019-04-12 08:47:10','2019-04-12 08:47:10'),(413,'ಮಳ್ಳಿಕೇರಿ','Place',331,'2019-04-12 08:48:18','2019-04-12 08:48:18'),(414,'ಗುಳದಕೇರಿ','Place',332,'2019-04-12 09:12:33','2019-04-12 09:12:33'),(415,'ಕೊರ್ಲಿಕಾನ','Place',333,'2019-04-12 09:24:23','2019-04-12 09:24:23'),(416,'ಬಾಳೇಮಟ್ಟು','Place',334,'2019-04-12 09:36:32','2019-04-12 09:36:32'),(417,'ನಿಮ್ಮ ಸಲಹೆಗೆ ಧನ್ಯವಾದಗಳು.','EntityStatus',3,'2019-04-12 17:44:03','2019-04-12 17:44:03'),(418,'ದೂರನ್ನು ಪರಿಹರಿಸಲಾಗಿದೆ.','EntityStatus',28,'2019-04-12 17:52:43','2019-04-12 17:52:43'),(419,'ಕಾಮಗಾರಿ ಕೋರಿಕೆಯನ್ನು ಪರಿಗಣಿಸಿ ಕ್ರಿಯಾಯೋಜನೆಯಲ್ಲಿ ಸೇರಿಸಲಾಗಿದೆ.','EntityStatus',29,'2019-04-12 17:54:54','2019-04-12 17:54:54'),(420,'ದೂರನ್ನು ವಿಲೇಗೆ ತರಲಾಗಿದೆ.','EntityStatus',30,'2019-04-12 17:55:45','2019-04-12 17:55:45'),(421,'ಕಾನಗೋಡ','Place',335,'2019-04-13 07:09:08','2019-04-13 07:09:08'),(422,'ಗೊಂಚಿಹಿತ್ಲು','Place',336,'2019-04-13 07:12:06','2019-04-13 07:12:06'),(423,'ಕೆಂಚಗಾರ','Place',337,'2019-04-13 07:24:52','2019-04-13 07:24:52'),(424,'ಚಂದ್ರಹಿತ್ಲ','Place',338,'2019-04-13 07:28:58','2019-04-13 07:28:58'),(425,'ಬೊಳೆಬಸ್ಸಿ','Place',339,'2019-04-13 07:36:49','2019-04-13 07:36:49'),(426,'ಕೊಂಕಣಕೇರಿ','Place',340,'2019-04-13 07:47:15','2019-04-13 07:47:15'),(427,'ನೀರಗದ್ದೆ','Place',341,'2019-04-13 07:55:30','2019-04-13 07:55:30'),(428,'ತಾಳಮಕ್ಕಿ','Place',342,'2019-04-13 08:09:08','2019-04-13 08:09:08'),(429,'ಮಾವಿನಸಾಗ','Place',343,'2019-04-13 08:14:37','2019-04-13 08:14:37'),(430,'ಜನತಾ ಕಾಲೋನಿ','Place',344,'2019-04-13 08:33:14','2019-04-13 08:33:14'),(431,'ನರೇಕುಳಿ','Place',345,'2019-04-13 08:39:01','2019-04-13 08:39:01'),(432,'ಕೋಸುಂಕೆ','Place',346,'2019-04-13 09:22:24','2019-04-13 09:22:24'),(433,'ನಡಗಿನಕೇರಿ','Place',347,'2019-04-13 09:44:10','2019-04-13 09:44:10'),(434,'ಯಲಕೊಟ್ಟಿಗೆ','Place',348,'2019-04-13 09:48:21','2019-04-13 09:48:21'),(435,'ಮಾಳುಗದ್ದೆ','Place',349,'2019-04-13 10:07:50','2019-04-13 10:07:50'),(436,'ಬಸ್ತಿ','Place',350,'2019-04-13 10:08:25','2019-04-13 10:08:25'),(437,'ಕೊಳೆಗದ್ದೆ','Place',351,'2019-04-13 10:29:38','2019-04-13 10:29:38'),(438,'ಮುಖ್ಯಮಂತ್ರಿ ಕಾರ್ಯಾಲಯಕ್ಕೆ ಸಲ್ಲಿಸಲಾಗಿದ್ದು ಪ್ರಗತಿಯಲ್ಲಿದೆ','EntityStatus',31,'2019-04-13 10:38:12','2019-04-13 10:38:12'),(439,'ಹೊನ್ನಾವರ ಪಟ್ಟಣ ಪಂಚಾಯತ','Panchayat',64,'2019-04-13 10:56:39','2019-04-15 12:21:14'),(440,'ಉದ್ಯಮಭಾಗ','Place',352,'2019-04-13 10:57:17','2019-04-13 10:57:17'),(441,'ಭಟ್ಟರಕೇರಿ','Place',353,'2019-04-13 17:04:50','2019-04-13 17:04:50'),(442,'ಕುಳಿಮನೆ','Place',354,'2019-04-13 17:09:23','2019-04-13 17:09:23'),(443,'ಬಸಟ್ಟಿಹಕ್ಕು','Place',355,'2019-04-13 17:13:46','2019-04-13 17:13:46'),(444,'ಬಂದರು ಮತ್ತು ಒಳನಾಡು ಜಲಸಾರಿಗೆ','Department',6,'2019-04-13 18:09:25','2019-04-13 18:09:25'),(445,'ಭಟ್ಕಳ ಮಂಡಲ','Taluk',9,'2019-04-15 12:11:45','2019-04-15 12:22:06'),(446,'ಬೆಳಕೆ ಮಹಾಶಕ್ತಿ ಕೇಂದ್ರ','Panchayat',65,'2019-04-15 12:14:52','2019-04-15 12:14:52'),(447,'ಶಿರಾಲಿ ಮಹಾಶಕ್ತಿ ಕೇಂದ್ರ','Panchayat',66,'2019-04-15 12:15:57','2019-04-15 12:15:57'),(448,'ಹೆಬಳೆ ಮಹಾಶಕ್ತಿ ಕೇಂದ್ರ','Panchayat',67,'2019-04-15 12:17:15','2019-04-15 12:17:15'),(449,'ಮಾವಳ್ಳಿ ಮಹಾಶಕ್ತಿ ಕೇಂದ್ರ','Panchayat',68,'2019-04-15 12:18:57','2019-04-15 12:18:57'),(450,'ಹೊನ್ನಾವರ ಮಂಡಲ','Taluk',10,'2019-04-15 12:20:27','2019-04-15 12:20:27'),(451,'ಮಂಕಿ ಮಹಾಶಕ್ತಿ ಕೇಂದ್ರ','Panchayat',69,'2019-04-15 12:23:30','2019-04-15 12:23:30'),(452,'ಮಾವಿನಕುರ್ವಾ ಮಹಾಶಕ್ತಿ ಕೇಂದ್ರ','Panchayat',70,'2019-04-15 12:24:48','2019-04-15 12:24:48'),(453,'ನಗರಬಸ್ತಕೇರಿ ಮಹಾಶಕ್ತಿ ಕೇಂದ್ರ','Panchayat',71,'2019-04-15 12:26:10','2019-04-15 12:26:10'),(454,'ಬೆಳಕೆ-1 ಶಕ್ತಿ ಕೇಂದ್ರ','Place',356,'2019-04-15 15:51:20','2019-04-17 16:37:56'),(455,'ಮಾರುಕೇರಿ ಶಕ್ತಿ ಕೇಂದ್ರ','Place',357,'2019-04-15 15:52:48','2019-04-15 15:52:48'),(456,'ಕೋಣಾರ ಶಕ್ತಿ ಕೇಂದ್ರ','Place',358,'2019-04-15 15:54:43','2019-04-15 15:54:43'),(457,'ಮುಟ್ಟಳ್ಳಿ ಶಕ್ತಿ ಕೇಂದ್ರ','Place',359,'2019-04-15 15:55:53','2019-04-15 15:55:53'),(458,'ಯಲ್ವಡಿಕವೂರು ಶಕ್ತಿ ಕೇಂದ್ರ','Place',360,'2019-04-15 15:56:56','2019-04-15 15:56:56'),(459,'ಶಿರಾಲಿ ಶಕ್ತಿ ಕೇಂದ್ರ','Place',361,'2019-04-15 15:59:05','2019-04-15 15:59:05'),(460,'ಬೇಂಗ್ರೆ-1 ಶಕ್ತಿ ಕೇಂದ್ರ','Place',362,'2019-04-15 15:59:57','2019-04-17 16:32:29'),(461,'ಕೊಪ್ಪ ಶಕ್ತಿ ಕೇಂದ್ರ','Place',363,'2019-04-15 16:00:40','2019-04-15 16:00:40'),(462,'ಹೆಬಳೆ-1 ಶಕ್ತಿ ಕೇಂದ್ರ','Place',364,'2019-04-15 16:01:32','2019-04-17 16:42:25'),(463,'ಮಾವಿನಕುರ್ವೆ ಶಕ್ತಿ ಕೇಂದ್ರ','Place',365,'2019-04-15 16:02:45','2019-04-15 16:02:45'),(464,'ಮುಂಡಳ್ಳಿ ಶಕ್ತಿ ಕೇಂದ್ರ','Place',366,'2019-04-15 16:03:37','2019-04-15 16:03:37'),(465,'ಮಾವಳ್ಳಿ-1ಶಕ್ತಿ ಕೇಂದ್ರ','Place',367,'2019-04-15 16:05:34','2019-04-17 16:45:31'),(466,'ಮಾವಳ್ಳಿ-2 ಶಕ್ತಿ ಕೇಂದ್ರ','Place',368,'2019-04-15 16:08:21','2019-04-15 16:08:21'),(467,'ಕಾಯ್ಕಿಣಿ-1 ಶಕ್ತಿ ಕೇಂದ್ರ','Place',369,'2019-04-15 16:09:39','2019-04-17 16:50:04'),(468,'ಬೈಲೂರು-1 ಶಕ್ತಿ ಕೇಂದ್ರ','Place',370,'2019-04-15 16:10:51','2019-04-17 16:44:20'),(469,'ಹಾಡುವಳ್ಳಿ ಶಕ್ತಿ ಕೇಂದ್ರ','Place',371,'2019-04-15 16:29:49','2019-04-15 16:29:49'),(470,'ಬೆಳಕೆ ಮಹಾಶಕ್ತಿ ಕೇಂದ್ರ','Place',372,'2019-04-15 16:33:40','2019-04-15 16:33:40'),(472,'ಭಟ್ಕಳ ಮಂಡಲ','Panchayat',72,'2019-04-15 16:45:14','2019-04-15 16:45:14'),(473,'ಭಟ್ಕಳ ಮಂಡಲ','Place',374,'2019-04-15 16:50:51','2019-04-16 19:18:17'),(474,'ಹೊನ್ನಾವರ ಮಂಡಲ','Panchayat',73,'2019-04-15 17:02:20','2019-04-15 17:02:20'),(475,'ಹೊನ್ನಾವರ ಮಂಡಲ','Place',375,'2019-04-15 17:03:37','2019-04-15 17:03:37'),(476,'ಮಂಕಿ ಮಹಾಶಕ್ತಿ ಕೇಂದ್ರ','Place',376,'2019-04-15 17:05:33','2019-04-15 17:05:33'),(477,'ಮಾವಿನಕುರ್ವಾ ಮಹಾಶಕ್ತಿ ಕೇಂದ್ರ','Place',377,'2019-04-15 17:06:54','2019-04-15 17:06:54'),(478,'ನಗರಬಸ್ತಿಕೇರಿ ಮಹಾಶಕ್ತಿ ಕೇಂದ್ರ','Place',378,'2019-04-15 17:07:46','2019-04-15 17:07:46'),(479,'ಮಾವಳ್ಳಿ ಮಹಾಶಕ್ತಿ ಕೇಂದ್ರ','Place',379,'2019-04-15 17:09:42','2019-04-15 17:09:42'),(480,'ಹೆಬಳೆ ಮಹಾಶಕ್ತಿ ಕೇಂದ್ರ','Place',380,'2019-04-15 17:11:15','2019-04-15 17:11:15'),(481,'ಶಿರಾಲಿ ಮಹಾಶಕ್ತಿ ಕೇಂದ್ರ','Place',381,'2019-04-15 17:12:23','2019-04-15 17:12:23'),(482,'ನಶಿಮನ್‌ ಸ್ಟ್ರೀಟ','Place',382,'2019-04-16 06:55:41','2019-04-16 06:55:41'),(483,'ನಗೀನಾ ಸ್ಟ್ರೀಟ','Place',383,'2019-04-16 06:56:33','2019-04-16 06:56:33'),(484,'ಬಂದರ್‌ ರಸ್ತೆ','Place',384,'2019-04-16 06:57:17','2019-04-16 07:04:20'),(485,'ಹಿಲಾಲ ಪಳ್ಳಿ ರಸ್ತೆ','Place',385,'2019-04-16 06:58:25','2019-04-16 07:03:07'),(486,'ಸಫಾ ಸ್ಟ್ರೀಟ','Place',386,'2019-04-16 06:59:24','2019-04-16 06:59:24'),(487,'ಅರಸ್ತಾ ಸ್ಟ್ರೀಟ','Place',387,'2019-04-16 07:00:02','2019-04-16 07:00:02'),(488,'ನೂರವಳ್ಳಿ ರಸ್ತೆ','Place',388,'2019-04-16 07:00:39','2019-04-16 07:02:53'),(489,'ಸಲ್ಮಾನಬಾದ ರಸ್ತೆ','Place',389,'2019-04-16 07:01:26','2019-04-16 07:02:40'),(490,'ಸಾಗರ ರಸ್ತೆ','Place',390,'2019-04-16 07:02:24','2019-04-16 07:02:24'),(493,'ಆಸರಕೇರಿ','Place',393,'2019-04-16 07:09:35','2019-04-16 07:09:35'),(494,'ಕುದ್ರಿ ಬೀರಪ್ಪ ರಸ್ತೆ','Place',394,'2019-04-16 07:11:32','2019-04-16 07:11:32'),(495,'ಕಾಳಿಕಾಂಬ ರಸ್ತೆ','Place',395,'2019-04-16 07:12:10','2019-04-16 07:12:10'),(496,'ರಘುನಾಥ ರಸ್ತೆ','Place',396,'2019-04-16 07:12:57','2019-04-16 07:12:57'),(497,'ಮಹ್ಮದ ಅಲಿ ರಸ್ತೆ','Place',397,'2019-04-16 07:13:35','2019-04-16 07:13:35'),(498,'ಮೌಲಾನ ಅಜಾದ ರಸ್ತೆ','Place',398,'2019-04-16 07:14:08','2019-04-16 07:14:08'),(499,'ಮೊಮೀನ ರಸ್ತೆ','Place',399,'2019-04-16 07:14:41','2019-04-16 07:14:41'),(500,'ಖಾಜಿಯಾ ಸ್ಟ್ರೀಟ','Place',400,'2019-04-16 07:15:19','2019-04-16 07:15:19'),(501,'ಅಂಬಾರಿಹಿತ್ಲು','Place',401,'2019-04-16 07:20:11','2019-04-16 07:20:11'),(502,'ನಸ್ತಾರ','Place',402,'2019-04-16 08:15:26','2019-04-16 08:15:26'),(503,'ತಣ್ಣೀರಮಡಿ','Place',403,'2019-04-16 08:16:01','2019-04-16 08:16:01'),(504,'ಹೂವಿನಹಿತ್ಲು','Place',404,'2019-04-16 08:16:37','2019-04-16 08:16:37'),(505,'ಅಧ್ತಕ್ಷರು','Position',1,'2019-04-16 18:58:53','2019-04-16 19:00:30'),(506,'ಪ್ರಧಾನ ಕಾರ್ಯದರ್ಶಿ','Position',2,'2019-04-16 19:01:22','2019-04-16 19:01:22'),(507,'ಉಪಾಧ್ಯಕ್ಷರು','Position',3,'2019-04-16 19:01:59','2019-04-16 19:01:59'),(508,'ಕಾರ್ಯದರ್ಶಿ','Position',4,'2019-04-16 19:02:26','2019-04-16 19:02:26'),(509,'ಕೋಶಾದ್ಯಕ್ಷರು','Position',5,'2019-04-16 19:03:03','2019-04-16 19:03:03'),(510,'ಸದಸ್ಯರು','Position',6,'2019-04-16 19:03:21','2019-04-16 19:03:21'),(511,'ಲಕ್ಷ್ಮಣ ನಾಯ್ಕ','Citizen',1,'2019-04-16 19:23:52','2019-04-16 19:23:52'),(512,'ವಿನಾಯಕ ಆಚಾರಿ','Citizen',2,'2019-04-16 19:24:18','2019-04-16 19:24:18'),(513,'ಶ್ರೀಧರ ನಾಯ್ಕ','Citizen',3,'2019-04-16 19:26:04','2019-04-16 19:26:04'),(514,'ಶಬರೀಶ ನಾಯ್ಕ','Citizen',4,'2019-04-16 19:26:44','2019-04-16 19:26:44'),(515,'ಮಹೇಂದ್ರ ನಾಯ್ಕ','Citizen',5,'2019-04-16 19:27:22','2019-04-16 19:27:22'),(516,'ನಿತೀಶ ಮಾಹಾಲೆ','Citizen',6,'2019-04-16 19:30:01','2019-04-16 19:30:01'),(517,'ಉದಯ ನಾಯ್ಕ','Citizen',7,'2019-04-16 19:31:29','2019-04-16 19:31:29'),(518,'ಚಂದ್ರಶೇಖರ ದೇವಾಡಿಗ','Citizen',8,'2019-04-16 19:33:10','2019-04-16 19:33:10'),(519,'ಆನಂದ ಬಾಳಿಗಾ','Citizen',9,'2019-04-16 19:34:27','2019-04-16 19:34:27'),(520,'ಅಜಯ ಖಾರ್ವಿ','Citizen',10,'2019-04-16 19:35:55','2019-04-16 19:35:55'),(521,'ಶ್ರೀಧರ ಶೆಟ್ಟಿ','Citizen',11,'2019-04-16 19:37:53','2019-04-16 19:37:53'),(522,'ನಿರಂಜನ ನಾಯ್ಕ','Citizen',12,'2019-04-16 19:39:20','2019-04-16 19:39:20'),(523,'ಮಹೇಶ ಮೊಗೇರ','Citizen',13,'2019-04-16 19:40:36','2019-04-16 19:40:36'),(524,'ಗೋಪಾಲ ನಾಯ್ಕ','Citizen',14,'2019-04-16 19:41:59','2019-04-16 19:41:59'),(525,'ತಿಮ್ಮಪ್ಪ ನಾಯ್ಕ','Citizen',15,'2019-04-16 19:43:43','2019-04-16 19:43:43'),(526,'ಬಾಲಚಂದ್ರ ನಾಯ್ಕ','Citizen',16,'2019-04-16 19:44:46','2019-04-16 19:44:46'),(527,'ಆನಂದ ನಾಯ್ಕ','Citizen',17,'2019-04-16 19:46:43','2019-04-16 19:46:43'),(528,'ರವಿ ದೇವಾಡಿಗ','Citizen',18,'2019-04-16 19:48:06','2019-04-16 19:48:06'),(529,'ಗಣೇಶ ಗೊಂಡ','Citizen',19,'2019-04-16 19:49:19','2019-04-16 19:49:19'),(530,'ರಾಘವೇಂದ್ರ ನಾಯ್ಕ','Citizen',20,'2019-04-16 19:51:20','2019-04-16 19:51:20'),(532,'ಭಟ್ಕಳ ಯುವಮೋರ್ಚಾ','Place',405,'2019-04-17 07:04:39','2019-04-17 07:04:39'),(533,'ಭಟ್ಕಳ ಮಹಿಳಾ ಮೋರ್ಚಾ','Place',406,'2019-04-17 07:06:05','2019-04-17 07:06:05'),(534,'ಸುಬ್ರಾಯ ಬಿ ನಾಯ್ಕ','Citizen',21,'2019-04-17 07:15:53','2019-04-17 07:15:53'),(535,'ರಾಜು ಭಂಡಾರಿ','Citizen',22,'2019-04-17 07:17:48','2019-04-17 07:17:48'),(536,'ಮಂಜುನಾಥ ನಾಯ್ಕ','Citizen',23,'2019-04-17 07:18:52','2019-04-17 07:18:52'),(537,'ಗಣೇಶ ಪೈ','Citizen',24,'2019-04-17 07:19:59','2019-04-17 07:19:59'),(538,'ಸತ್ಯನಾರಾಯಣ ಶೇಟ್','Citizen',25,'2019-04-17 07:23:25','2019-04-17 07:23:25'),(539,'ಉದಯ ಈಶ್ವರ ನಾಯ್ಕ','Citizen',26,'2019-04-17 07:28:00','2019-04-17 07:28:00'),(540,'ಮಂಜುನಾಥ ಗೌಡ','Citizen',27,'2019-04-17 07:29:39','2019-04-17 07:29:39'),(541,'ಮಂಜುನಾಥ ಎಮ್‌ ನಾಯ್ಕ','Citizen',28,'2019-04-17 07:33:50','2019-04-17 07:33:50'),(542,'ಎಮ್.ಎಸ್.ಹೆಗಡೆ','Citizen',29,'2019-04-17 07:39:21','2019-04-17 07:39:21'),(543,'ಆರ್.ಟಿ. ಹೆಬ್ಬಾರ','Citizen',30,'2019-04-17 07:41:10','2019-04-17 07:41:10'),(544,'ಗಣಪತಿ ನಾಯ್ಕ','Citizen',31,'2019-04-17 07:42:43','2019-04-17 07:42:43'),(545,'ಉದಯ ಪ್ರಭು','Citizen',32,'2019-04-17 07:43:55','2019-04-17 07:43:55'),(546,'ಹನುಮಂತ ಕೆ ತಾಂಡೇಲ','Citizen',33,'2019-04-17 07:45:08','2019-04-17 07:45:08'),(547,'ಅರುಣ ನಾಯ್ಕ','Citizen',34,'2019-04-17 07:46:23','2019-04-17 07:46:23'),(548,'ಉಲ್ಲಾಸ ಶಾನಭಾಗ','Citizen',35,'2019-04-17 07:47:57','2019-04-17 07:47:57'),(549,'ಮಾಬ್ಲೇಶ್ವರ ಮಡಿವಾಳ','Citizen',36,'2019-04-17 07:49:25','2019-04-17 07:49:25'),(550,'ಮಾರುತಿ ದೇವಾ ಗೌಡ','Citizen',37,'2019-04-17 07:50:42','2019-04-17 07:50:42'),(551,'ಸರೋಜಾ ಪಿ ನಾಯ್ಕ','Citizen',38,'2019-04-17 07:52:48','2019-04-17 07:52:48'),(552,'ರೋಹಿಣಿ ಈಶ್ವರ ಮೊಗೇರ','Citizen',39,'2019-04-17 07:54:04','2019-04-17 07:54:04'),(553,'ಮಂಜುನಾಥ ಶೇಟ್','Citizen',40,'2019-04-17 07:55:54','2019-04-17 07:55:54'),(554,'ದೇವ ಕನ್ಯ ಗೌಡ','Citizen',41,'2019-04-17 07:57:33','2019-04-17 07:57:33'),(555,'ಈಶ್ವರ ಮಾದೇವ ನಾಯ್ಕ','Citizen',42,'2019-04-17 07:59:53','2019-04-17 07:59:53'),(556,'ಲಕ್ಷ್ಮಣ ಎಮ್‌ ನಾಯ್ಕ','Citizen',43,'2019-04-17 08:02:39','2019-04-17 08:02:39'),(557,'ಗಜಾನನ ನಾರಾಯಣ ಹೆಗ್ಡೆ','Citizen',44,'2019-04-17 08:04:03','2019-04-17 08:04:03'),(558,'ಮಂಜುನಾಥ ಅಂಕುಶ ಗೌಡ','Citizen',45,'2019-04-17 08:05:32','2019-04-17 08:05:32'),(559,'ಪ್ರದೀಪ ಮಂಜುನಾಥ ನಾಯ್ಕ','Citizen',46,'2019-04-17 08:06:54','2019-04-17 08:06:54'),(560,'ನಾರಾಯಣ ಸಣ್ಕೂಸ ಅಂಬಿಗ','Citizen',47,'2019-04-17 08:08:24','2019-04-17 08:08:24'),(561,'ರಾಮಚಂದ್ರ ಜಿ ಭಾಗ್ವತ','Citizen',48,'2019-04-17 08:09:57','2019-04-17 08:09:57'),(562,'ಗಣಪತಿ ಸಣಶಂಬು ಭಟ್ಟ','Citizen',49,'2019-04-17 08:13:08','2019-04-17 08:13:08'),(563,'ಕಿರಣ ಬಾಡಕರ','Citizen',50,'2019-04-17 08:14:45','2019-04-17 08:14:45'),(564,'ಜಿ.ಎಸ್‌ ಹೆಗ್ಡೆ','Citizen',51,'2019-04-17 08:19:15','2019-04-17 08:19:15'),(565,'ಶಾರದಾ ಗಂಗಾಧರ ಆಚಾರಿ','Citizen',52,'2019-04-17 08:20:57','2019-04-17 08:20:57'),(566,'ಮಂಜುನಾಥ ಶಿವು ಮುಕ್ರಿ','Citizen',53,'2019-04-17 08:32:35','2019-04-17 08:32:35'),(567,'ನಾಗಪ್ಪ ಕೆ ಗೌಡ','Citizen',54,'2019-04-17 08:33:45','2019-04-17 08:34:40'),(568,'ಸುರೇಶ ಮೇಸ್ತಾ','Citizen',55,'2019-04-17 08:42:36','2019-04-17 08:42:36'),(569,'ಶ್ರೀಧರ ಮೇಸ್ತಾ','Citizen',56,'2019-04-17 08:43:43','2019-04-17 08:43:43'),(570,'ಯೋಗೇಶ ಮೇಸ್ತಾ','Citizen',57,'2019-04-17 08:44:50','2019-04-17 08:44:50'),(571,'ಸಿ.ಡಿ.ನಾಯ್ಕ','Citizen',58,'2019-04-17 08:45:41','2019-04-17 08:45:41'),(572,'ಕೇಶವ ನಾಯ್ಕ','Citizen',59,'2019-04-17 08:46:51','2019-04-17 08:46:51'),(573,'ಗಜಾನನ ಸುಬ್ರಾಯ ನಾಯ್ಕ','Citizen',60,'2019-04-17 08:48:09','2019-04-17 08:48:09'),(574,'ಮೋಹನ ಹನುಮಂತ ನಾಯ್ಕ','Citizen',61,'2019-04-17 08:49:20','2019-04-17 08:49:20'),(575,'ವಿಘ್ನೇಶ್ವರ ಶಿವಯ್ಯ ಖಾರ್ವಿ','Citizen',62,'2019-04-17 08:52:24','2019-04-17 08:52:24'),(576,'ಗಜಾನನ ಜಟ್ಟಿ ನಾಯ್ಕ','Citizen',63,'2019-04-17 08:53:32','2019-04-17 08:53:32'),(577,'ವಿನೋದ ವಿಠಲ ಪೈ','Citizen',64,'2019-04-17 09:06:45','2019-04-17 09:06:45'),(578,'ಉದಯ ವೆಂಕಟೇಶ ಮೇಸ್ತ','Citizen',65,'2019-04-17 09:07:59','2019-04-17 09:07:59'),(579,'ಶಿವಾನಂದ ಎಸ್‌ ಮಡಿವಾಳ','Citizen',66,'2019-04-17 09:09:13','2019-04-17 09:09:13'),(580,'ಮೋಹಿನಿ ಲಕ್ಷ್ಮಣ ನಾಯ್ಕ','Citizen',67,'2019-04-17 09:10:46','2019-04-17 09:10:46'),(581,'ಶಂಕರ ತಮ್ಮಪ್ಪ ನಾಯ್ಕ','Citizen',68,'2019-04-17 09:11:57','2019-04-17 09:11:57'),(582,'ಮಾರುತಿ ಪ್ರಭು','Citizen',69,'2019-04-17 09:12:58','2019-04-17 09:12:58'),(583,'ಮಹೇಶ ಕೃಷ್ಣ ನಾಯ್ಕ','Citizen',70,'2019-04-17 09:14:00','2019-04-17 09:14:00'),(584,'ಗಜಾನನ ನಾರಾಯಣ ಹೆಗ್ಡೆ','Citizen',71,'2019-04-17 09:15:03','2019-04-17 09:15:03'),(585,'ಕಾಂತು ಶಿವಪ್ಪ ನಾಯ್ಕ','Citizen',72,'2019-04-17 09:16:14','2019-04-17 09:16:14'),(586,'ಸಂತೋಷ ಶ್ರೀಪಾದ ನಾಯ್ಕ','Citizen',73,'2019-04-17 09:17:16','2019-04-17 09:17:16'),(587,'ಪುರುಷು ಜೋಗಿ ಮರಾಠಿ','Citizen',74,'2019-04-17 09:18:18','2019-04-17 09:18:18'),(588,'ಉಲ್ಲಾಸ ನೇಮಯ್ಯ ನಾಯ್ಕ','Citizen',75,'2019-04-17 09:25:26','2019-04-17 09:25:26'),(589,'ರವೀಂದ್ರ ಶೇಟ','Citizen',76,'2019-04-17 09:26:58','2019-04-17 09:26:58'),(590,'ಮಹೇಶ ಗಂಗಾಧರ ನಾಯ್ಕ','Citizen',77,'2019-04-17 09:28:03','2019-04-17 09:28:03'),(591,'ರಾಧಾಕೃಷ್ಣ ದತ್ತ ವೈದ್ಯ','Citizen',78,'2019-04-17 09:29:52','2019-04-17 09:29:52'),(592,'ಗಣೇಶ ಗೌಡ','Citizen',79,'2019-04-17 09:31:01','2019-04-17 09:31:01'),(593,'ಕೇಶವ ಓಮಯ್ಯ ಮೇಸ್ತ','Citizen',80,'2019-04-17 09:32:10','2019-04-17 09:32:10'),(594,'ಮಾಬ್ಲು ನಾಯ್ಕ','Citizen',81,'2019-04-17 09:33:26','2019-04-17 09:33:26'),(595,'ಪಾರ್ವತಿ ಎನ್‌ ನಾಯ್ಕ','Citizen',82,'2019-04-17 09:34:41','2019-04-17 09:34:41'),(596,'ಗಣಪತಿ ನಾಯ್ಕ','Citizen',83,'2019-04-17 09:35:40','2019-04-17 09:35:40'),(597,'ಚಂದ್ರಕಾಂತ ಬಿ ನಾಯ್ಕ','Citizen',84,'2019-04-17 09:36:49','2019-04-17 09:36:49'),(598,'ಕೇಶವ ತಿಮ್ಮಪ್ಪ ನಾಯ್ಕ','Citizen',85,'2019-04-17 09:37:59','2019-04-17 09:37:59'),(599,'ರತ್ನಾಕರ ಶಂಕರ ನಾಯ್ಕ','Citizen',86,'2019-04-17 09:39:17','2019-04-17 09:55:29'),(600,'ನಾಗೇಶ ಮಂಜು ಹರಿಕಾಂತ','Citizen',87,'2019-04-17 09:40:24','2019-04-17 09:40:24'),(601,'ಆಶಾ ಗಜಾನನ ನಾಯ್ಕ','Citizen',88,'2019-04-17 09:41:34','2019-04-17 09:41:34'),(602,'ಜೀವಯ್ಯ ಎಮ್‌ ನಾಯ್ಕ','Citizen',89,'2019-04-17 09:42:46','2019-04-17 09:42:46'),(603,'ವಿನೋದ ರಾಮಚಂದ್ರ ನಾಯ್ಕ','Citizen',90,'2019-04-17 09:44:06','2019-04-17 09:53:50'),(604,'ಚಂದ್ರು ಬಳೆಗಾರ','Citizen',91,'2019-04-17 09:44:58','2019-04-17 09:44:58'),(605,'ರಾಜು ವೆಂಕಪ್ಪ ಮೇಸ್ತ','Citizen',92,'2019-04-17 09:46:10','2019-04-17 09:46:10'),(606,'ಸುಬ್ರಾಯ ಎಮ್‌ ನಾಯ್ಕ','Citizen',93,'2019-04-17 09:47:08','2019-04-17 09:47:08'),(607,'ಈಶ್ವರ ಶಾಂತ ಹಳ್ಳೇರ','Citizen',94,'2019-04-17 09:48:03','2019-04-17 09:52:57'),(608,'ಮಾರುತಿ ಎಮ್‌ ನಾಯ್ಕ','Citizen',95,'2019-04-17 09:49:16','2019-04-17 09:59:45'),(609,'ಬಾಬು ರಾಮಯ್ಯ ನಾಯ್ಕ','Citizen',96,'2019-04-17 09:50:44','2019-04-17 09:50:44'),(610,'ಕಮಲಾಕರ ಸುಬ್ರಾಯ ನಾಯ್ಕ','Citizen',97,'2019-04-17 10:00:55','2019-04-17 10:00:55'),(611,'ಶ್ರೀಕಾಂತ ನಾಯ್ಕ','Citizen',98,'2019-04-17 10:02:29','2019-04-17 10:02:29'),(612,'ಅನ್ನಪೂರ್ಣ ಶಾಸ್ತ್ರಿ','Citizen',99,'2019-04-17 10:04:05','2019-04-17 10:04:05'),(613,'ಪದ್ಮವತಿ ಕೇಶವ ನಾಯ್ಕ','Citizen',100,'2019-04-17 10:05:20','2019-04-17 10:05:20'),(614,'ಗೋವಿಂದ ಸಣ್ಕೂಸ ಗೌಡ','Citizen',101,'2019-04-17 10:06:48','2019-04-17 10:06:48'),(615,'ಯಶ್ವಂತ ವಿ ದೇವಾಡಿಗ','Citizen',102,'2019-04-17 10:09:49','2019-04-17 10:09:49'),(616,'ವೆಂಕಟೇಶ ನಾರಾಯಣ ನಾಯ್ಕ','Citizen',103,'2019-04-17 10:11:21','2019-04-17 10:17:36'),(617,'ಕೇಶವ ಶಂಕರ ನಾಯ್ಕ','Citizen',104,'2019-04-17 10:19:18','2019-04-17 10:19:18'),(618,'ಬಾಲಚಂದ್ರ ಶಂಕರ ನಾಯ್ಕ','Citizen',105,'2019-04-17 10:21:57','2019-04-17 10:21:57'),(619,'ರವಿ ಕೆ ಅಂಬಿಗ','Citizen',106,'2019-04-17 10:23:44','2019-04-17 10:23:44'),(620,'ತಿಮ್ಮಪ್ಪ ನಾಗಪ್ಪ ನಾಯ್ಕ','Citizen',107,'2019-04-17 10:25:25','2019-04-17 10:25:25'),(621,'ಶ್ರೀಧರ ಮಂಜುನಾಥ ನಾಯ್ಕ','Citizen',108,'2019-04-17 10:36:14','2019-04-17 10:36:14'),(622,'ನಾಗರಾಜ ಈಶ್ವರ ನಾಯ್ಕ','Citizen',109,'2019-04-17 10:37:49','2019-04-17 10:37:49'),(623,'ಪ್ರಭು ಈಶ್ವರ ಹಳ್ಳೇರ','Citizen',110,'2019-04-17 10:38:57','2019-04-17 10:38:57'),(624,'ರಾಜೇಶ ಗಣಪತಿ ಕೊಡಿಯಾ','Citizen',111,'2019-04-17 10:40:26','2019-04-17 10:40:26'),(625,'ಜಟ್ಟಪ್ಪ ದೇವಪ್ಪ ನಾಯ್ಕ','Citizen',112,'2019-04-17 10:42:40','2019-04-17 10:42:40'),(626,'ಮೋಹನ ಗಣಪತಿ ನಾಯ್ಕ','Citizen',113,'2019-04-17 10:44:28','2019-04-17 10:44:28'),(627,'ಸುರೇಶ ರಾಮಚಂದ್ರ ನಾಯ್ಕ','Citizen',114,'2019-04-17 10:46:11','2019-04-17 10:46:11'),(628,'ಚಿತ್ತಾರ ಶಕ್ತಿಕೇಂದ್ರ','Place',407,'2019-04-17 11:30:19','2019-04-17 11:30:19'),(629,'ಕೆಳಗಿನೂರು ಶಕ್ತಿ ಕೇಂದ್ರ','Place',408,'2019-04-17 11:32:16','2019-04-17 11:32:16'),(630,'ಕಾಸರಕೋಡ-1 ಶಕ್ತಿ ಕೇಂದ್ರ','Place',409,'2019-04-17 11:34:09','2019-04-17 11:45:32'),(631,' ಅನಂತವಾಡಿ ಶಕ್ತಿ ಕೇಂದ್ರ','Place',410,'2019-04-17 11:35:12','2019-04-17 11:35:12'),(632,'ಗುಳದಕೇರಿ ಶಕ್ತಿ ಕೇಂದ್ರ','Place',411,'2019-04-17 11:36:04','2019-04-17 11:36:04'),(633,'ಹಳೇಮಠ-1 ಶಕ್ತಿ ಕೇಂದ್ರ','Place',412,'2019-04-17 11:37:42','2019-04-17 11:37:42'),(634,'ಹಳೆಮಠ-2 ಶಕ್ತಿ ಕೇಂದ್ರ','Place',413,'2019-04-17 11:38:40','2019-04-17 11:38:40'),(635,'ಕಾಸರಕೋಡ-2 ಶಕ್ತಿಕೇಂದ್ರ','Place',414,'2019-04-17 11:46:25','2019-04-17 11:46:25'),(636,'ಮಾವಿನಕುರ್ವಾ ಶಕ್ತಿ ಕೇಂದ್ರ','Place',415,'2019-04-17 11:49:16','2019-04-17 11:49:16'),(637,'ನಗರಬಸ್ತಿಕೇರಿ ಶಕ್ತಿ ಕೇಂದ್ರ','Place',416,'2019-04-17 11:51:55','2019-04-17 11:51:55'),(638,'ಇಡಗುಂಜಿ ಶಕ್ತಿ ಕೇಂದ್ರ','Place',417,'2019-04-17 11:52:47','2019-04-17 11:52:47'),(639,'ಬಳ್ಕೂರು ಶಕ್ತಿ ಕೇಂದ್ರ','Place',418,'2019-04-17 11:53:35','2019-04-17 11:53:35'),(640,'ಕೋಡಾಣಿ ಶಕ್ತಿ ಕೇಂದ್ರ','Place',419,'2019-04-17 11:54:15','2019-04-17 11:54:15'),(641,'ಮಾಗೋಡ ಶಕ್ತಿ ಕೇಂದ್ರ','Place',420,'2019-04-17 12:00:01','2019-04-17 12:00:01'),(642,'ಕುದ್ರಿಗಿ ಶಕ್ತಿ ಕೇಂದ್ರ','Place',421,'2019-04-17 12:00:40','2019-04-17 12:00:40'),(643,'ಉಪ್ಪೋಣಿ-1 ಶಕ್ತಿ ಕೇಂದ್ರ','Place',422,'2019-04-17 12:01:54','2019-04-17 12:01:54'),(644,'ಉಪ್ಪೋಣಿ-2 ಶಕ್ತಿ ಕೇಂದ್ರ','Place',423,'2019-04-17 12:02:41','2019-04-17 12:02:41'),(645,'ಹೆರಂಗಡಿ ಶಕ್ತಿ ಕೇಂದ್ರ','Place',424,'2019-04-17 12:04:28','2019-04-17 12:04:28'),(646,'ಜಲವಳ್ಳಿ ಶಕ್ತಿ ಕೇಂದ್ರ','Place',425,'2019-04-17 12:05:10','2019-04-17 12:05:10'),(647,'ಖರ್ವಾ ಶಕ್ತಿ ಕೇಂದ್ರ','Place',426,'2019-04-17 12:05:46','2019-04-17 12:05:46'),(648,'ಚಿಕ್ಕನಕೋಡ ಶಕ್ತಿ ಕೇಂದ್ರ','Place',427,'2019-04-17 12:06:29','2019-04-17 12:06:29'),(649,'ಹಡಿನಬಾಳ ಶಕ್ತಿ ಕೇಂದ್ರ','Place',428,'2019-04-17 12:08:33','2019-04-17 12:08:33'),(650,'ಮುಗ್ವಾ ಮಹಾಶಕ್ತಿ ಕೇಂದ್ರ','Panchayat',74,'2019-04-17 12:11:46','2019-04-19 02:44:17'),(651,'ಮುಗ್ವಾ ಶಕ್ತಿ ಕೇಂದ್ರ','Place',429,'2019-04-17 12:13:05','2019-04-17 12:13:05'),(652,'ಪ್ರಮುಖರು','Position',8,'2019-04-17 12:16:07','2019-04-17 12:16:07'),(653,'ಪ್ರಭಾರಿ','Position',9,'2019-04-17 12:16:28','2019-04-17 12:16:28'),(654,'ಎಮ್.ಎಸ್.ಹೆಗಡೆ','Citizen',115,'2019-04-17 12:27:50','2019-04-17 12:27:50'),(655,'ಅಶೋಕ ಜಿ ನಾಯ್ಕ','Citizen',116,'2019-04-17 12:31:45','2019-04-17 12:31:45'),(656,'ವಿಘ್ನೇಶ್ವರ ಹೆಗಡೆ','Citizen',117,'2019-04-17 12:35:14','2019-04-17 12:35:14'),(657,'ಮಾರುತಿ ಗೌಡ','Citizen',118,'2019-04-17 12:41:42','2019-04-17 12:41:42'),(658,'ಚಂದ್ರಹಾಸ','Citizen',119,'2019-04-17 12:45:21','2019-04-17 12:45:21'),(659,'ಗಣೇಶ ಹಳ್ಳೇರ','Citizen',120,'2019-04-17 12:51:54','2019-04-17 12:51:54'),(660,'ರಮೇಶ ನಾಯ್ಕ','Citizen',121,'2019-04-17 12:54:29','2019-04-17 12:54:29'),(661,'ಅರುಣ ನಾಯ್ಕ','Citizen',122,'2019-04-17 12:56:30','2019-04-17 12:56:30'),(662,'ವಿನಾಯಕ ನಾಯ್ಕ','Citizen',123,'2019-04-17 12:59:22','2019-04-17 12:59:22'),(663,'ನಾಗರಾಜ ನಾಯ್ಕ','Citizen',124,'2019-04-17 13:02:10','2019-04-17 13:02:10'),(664,'ಗುರುಪ್ರಸಾದ ಹೆಗ್ಡೆ','Citizen',125,'2019-04-17 13:04:18','2019-04-17 13:04:18'),(665,'ಶ್ರೀಕಾಂತ ನಾಯ್ಕ','Citizen',126,'2019-04-17 13:07:46','2019-04-17 13:07:46'),(666,'ಗಣಪತಿ ಎಮ್‌ ನಾಯ್ಕ','Citizen',127,'2019-04-17 13:10:57','2019-04-17 13:10:57'),(667,'ಮಂಜುನಾಥ ಆಚಾರಿ','Citizen',128,'2019-04-17 13:14:34','2019-04-17 13:14:34'),(668,'ನಾರಾಯಣ ನಾಯ್ಕ ಹೊಸಪಟ್ಟಣ','Citizen',129,'2019-04-17 13:25:14','2019-04-17 13:25:14'),(669,'ಹೇಮಂತ ಖಾರ್ವಿ','Citizen',130,'2019-04-17 13:28:26','2019-04-17 13:28:26'),(670,'ಮಂಜುನಾಥ ಗೌಡ','Citizen',131,'2019-04-17 13:32:37','2019-04-17 13:32:37'),(671,'ಉಲ್ಲಾಸ ಶಾನಭಾಗ','Citizen',132,'2019-04-17 13:35:52','2019-04-17 13:35:52'),(672,'ಸುರೇಶ ಖಾರ್ವಿ','Citizen',133,'2019-04-17 13:39:22','2019-04-17 13:39:22'),(673,'ಆನಂದ ನಾಯ್ಕ','Citizen',134,'2019-04-17 14:43:26','2019-04-17 14:43:26'),(674,'ಉದಯ ನಾಯ್ಕ','Citizen',135,'2019-04-17 14:46:22','2019-04-17 14:46:22'),(675,'ಉಲ್ಲಾಸ ಎಚ್‌ ನಾಯ್ಕ','Citizen',136,'2019-04-17 14:49:00','2019-04-17 14:49:00'),(676,'ಮೋಹನ ನಾಯ್ಕ','Citizen',137,'2019-04-17 14:51:47','2019-04-17 14:51:47'),(677,'ಲಂಬೋದರ ನಾಯ್ಕ','Citizen',138,'2019-04-17 15:34:12','2019-04-17 15:34:12'),(678,'ಕಮಲಾಕರ ಗಣಪ ಆಚಾರಿ','Citizen',139,'2019-04-17 15:35:42','2019-04-17 15:35:42'),(679,'ಪಾರ್ವತಿ ಗಜಾನನ ನಾಯ್ಕ','Citizen',140,'2019-04-17 15:38:10','2019-04-17 15:38:10'),(680,'ಶ್ರೀಧರ ನಾಯ್ಕ','Citizen',142,'2019-04-17 15:48:45','2019-04-17 15:48:45'),(681,'ಬಾಲಚಂದ್ರ ಶಿವರಾಮ ಹೆಗ್ಡೆ','Citizen',143,'2019-04-17 15:51:19','2019-04-17 15:51:19'),(682,'ದತ್ತಾತ್ರೇಯ ಶ್ಯಾಮಲ ಮೇಸ್ತ','Citizen',144,'2019-04-17 15:52:50','2019-04-17 15:52:50'),(683,'ಸಂತೋಷ ವಿನಯ ಶೇಟ','Citizen',145,'2019-04-17 15:54:44','2019-04-17 15:54:44'),(684,'ಮಹಾಭಲೇಸ್ವರ ಎಸ್‌ ಹೆಗ್ಡೆ','Citizen',146,'2019-04-17 15:56:30','2019-04-17 15:56:30'),(685,'ಹರೀಶ ನಾರಾಯಣ ಪ್ರಭು','Citizen',147,'2019-04-17 15:58:16','2019-04-17 15:58:16'),(686,'ಮಾರುತಿ ಮೋಹನ ನಾಯ್ಕ','Citizen',148,'2019-04-17 15:59:44','2019-04-17 15:59:44'),(687,'ಮಾರುತಿ ಗಣಪತಿ ನಾಯ್ಕ','Citizen',150,'2019-04-17 16:03:42','2019-04-17 16:03:42'),(688,'ನಾಗರತ್ನ ಹಳ್ಳೇರ','Citizen',151,'2019-04-17 16:05:26','2019-04-17 16:05:26'),(689,'ನಿರ್ಮಲಾ ಶಂಕರ ನಾಯ್ಕ','Citizen',152,'2019-04-17 16:06:36','2019-04-17 16:06:36'),(690,'ಪಾಂಡುರಂಗ ಗಾಬಿತ','Citizen',153,'2019-04-17 16:08:17','2019-04-17 16:08:17'),(691,'ನಾರಾಯಣ ಗೌಡ','Citizen',154,'2019-04-17 16:09:24','2019-04-17 16:09:24'),(692,'ಸತೀಶ ಮೇಸ್ತ','Citizen',156,'2019-04-17 16:19:11','2019-04-17 16:19:11'),(693,'ರಮೇಶ ನಾಯ್ಕ','Citizen',157,'2019-04-17 16:20:34','2019-04-17 16:20:34'),(694,'ಮಂಜುನಾಥ ಗೌಡ','Citizen',158,'2019-04-17 16:22:17','2019-04-17 16:22:17'),(695,'ದೇವರಾಜಚಂದ್ರ ಜೈನ','Citizen',155,'2019-04-17 16:23:13','2019-04-17 16:23:13'),(696,'ರವಿ ನಾಗೇಶ ಶೇಟ್','Citizen',149,'2019-04-17 16:23:52','2019-04-17 16:23:52'),(697,'ರಾಘವೇಂದ್ರ ಗನಪತಿ ಶೇಟ್','Citizen',141,'2019-04-17 16:24:53','2019-04-17 16:24:53'),(698,'ಬೇಂಗ್ರೆ-2 ಶಕ್ತಿ ಕೇಂದ್ರ','Place',430,'2019-04-17 16:33:23','2019-04-17 16:33:23'),(699,'ಶಿರಾಲಿ ಪೂರ್ವ ಶಕ್ತಿ ಕೇಂದ್ರ','Place',431,'2019-04-17 16:35:01','2019-04-17 16:35:01'),(700,'ಶಿರಾಲಿ ಪಶ್ಚಿಮ ಶಕ್ತಿ ಕೇಂದ್ರ','Place',432,'2019-04-17 16:36:18','2019-04-17 16:36:18'),(701,'ಬೇಳಕೆ-2 ಶಕ್ತಿ ಕೇಂದ್ರ','Place',433,'2019-04-17 16:39:51','2019-04-17 16:39:51'),(702,'ಹೆಬಳೆ-2 ಶಕ್ತಿ ಕೇಂದ್ರ','Place',434,'2019-04-17 16:43:14','2019-04-17 16:43:14'),(703,'ಬೈಲೂರು-2 ಶಕ್ತಿ ಕೇಂದ್ರ','Place',435,'2019-04-17 16:44:55','2019-04-17 16:44:55'),(704,'ಮಾವಳ್ಳಿ-2 ಶಕ್ತಿ ಕೇಂದ್ರ','Place',436,'2019-04-17 16:46:54','2019-04-17 16:48:41'),(705,'ಮಾವಳ್ಳಿ-1A ಶಕ್ತಿ ಕೇಂದ್ರ','Place',437,'2019-04-17 16:48:10','2019-04-17 16:48:10'),(706,'ಮಾವಳ್ಳಿ-2A ಶಕ್ತಿ ಕೇಂದ್ರ','Place',438,'2019-04-17 16:49:23','2019-04-17 16:49:23'),(707,'ಕಾಯ್ಕಿಣಿ-2 ಶಕ್ತಿ ಕೇಂದ್ರ','Place',439,'2019-04-17 16:51:17','2019-04-17 16:51:17'),(708,'ಭಟ್ಕಳ ಮಹಾಶಕ್ತಿ ಕೇಂದ್ರ','Panchayat',75,'2019-04-17 16:54:17','2019-04-17 16:54:17'),(709,'ಜಾಲಿ ಮಹಾಶಕ್ತಿ ಕೇಂದ್ರ','Panchayat',76,'2019-04-17 16:56:21','2019-04-17 16:56:21'),(710,'ಜಾಲಿ-1 ಶಕ್ತಿ ಕೇಂದ್ರ','Place',440,'2019-04-17 16:58:47','2019-04-17 16:58:47'),(711,'ಜಾಲಿ-2 ಶಕ್ತಿ ಕೇಂದ್ರ','Place',441,'2019-04-17 16:59:49','2019-04-17 16:59:49'),(712,'ಜಾಲಿ-3 ಶಕ್ತಿ ಕೇಂದ್ರ','Place',442,'2019-04-17 17:00:41','2019-04-17 17:00:41'),(713,'ಭಟ್ಕಳ-1 ಶಕ್ತಿ ಕೇಂದ್ರ','Place',443,'2019-04-17 17:01:41','2019-04-17 17:01:41'),(714,'ಭಟ್ಕಳ-2 ಶಕ್ತಿ ಕೇಂದ್ರ','Place',444,'2019-04-17 17:02:40','2019-04-17 17:02:40'),(715,'ಭಟ್ಕಳ-3 ಶಕ್ತಿ ಕೇಂದ್ರ','Place',445,'2019-04-17 17:03:17','2019-04-17 17:03:17'),(716,'ಮಂಕಿ','Panchayat',77,'2019-04-21 13:38:06','2019-04-21 13:38:06'),(717,'ಉಲ್ಲಾಸ ಜಿ ನಾಯ್ಕ ','Citizen',159,'2019-04-21 17:00:08','2019-04-21 17:00:08'),(718,'ಬಳಕೆದಾರರು ','Position',20,'2019-04-21 17:09:45','2019-04-21 17:09:45'),(719,'ಆಡಳಿತಗಾರರು','Position',21,'2019-04-21 17:10:37','2019-04-21 17:10:37'),(720,'ವಿಧ್ಯಾರ್ಥಿ','Position',10,'2019-04-21 17:11:19','2019-04-21 17:11:19'),(721,'ರೈತ ','Position',11,'2019-04-21 17:11:39','2019-04-21 17:11:39'),(722,'ಖಾಸಗಿ ಉದ್ಯೋಗಿ','Position',12,'2019-04-21 17:12:12','2019-04-21 17:12:12'),(723,'ಸರ್ಕಾರಿ ನೌಕರ','Position',13,'2019-04-21 17:12:38','2019-04-21 17:12:38'),(724,'ಗ್ರಹಿಣಿ','Position',14,'2019-04-21 17:14:47','2019-04-21 17:14:47'),(725,'ಮೀನುಗಾರ','Position',15,'2019-04-21 17:15:28','2019-04-22 06:37:47'),(726,'ವೈದ್ಯ','Position',16,'2019-04-21 17:16:07','2019-04-21 17:16:07'),(727,'ಇಂಜಿನಿಯರ','Position',17,'2019-04-21 17:16:40','2019-04-21 17:16:40'),(728,'ಇತರೆ','Position',18,'2019-04-21 17:16:58','2019-04-21 17:16:58'),(729,'ಕಾರ್ಯಕರ್ತ','Position',19,'2019-04-21 17:17:33','2019-04-21 17:17:33'),(730,'ಜಾಮೀಯಾಬಾದ್','Place',446,'2019-04-22 07:02:38','2019-04-22 07:02:38'),(731,'ದೇವಿಕಾನ','Place',447,'2019-04-22 07:05:27','2019-04-22 07:05:27'),(732,'ಕಬ್ರೆ','Place',448,'2019-04-22 07:24:22','2019-04-22 07:24:22'),(733,'ಹರಿಕಂತ್ರಕೇರಿ','Place',449,'2019-04-22 07:26:16','2019-04-22 07:26:16'),(734,'ನಾಶನಲ ಕಾಲೋನಿ','Place',450,'2019-04-22 07:27:00','2019-04-22 07:27:00'),(735,'ಕಂಡಕ','Place',451,'2019-04-22 07:27:27','2019-04-22 07:27:27'),(736,'ಚಂದ್ರಹಿತ್ಲ','Place',452,'2019-04-22 07:28:43','2019-04-22 07:28:43'),(737,' ನಾಡವರಕೇರಿ','Place',453,'2019-04-22 07:29:27','2019-04-22 07:29:27'),(738,'ಕೋಟದಮಕ್ಕಿ','Place',454,'2019-04-22 07:30:46','2019-04-22 07:30:46'),(739,'ಕನ್ನಡಶಾಲೆ ವಾರ್ಡ','Place',455,'2019-04-22 07:31:32','2019-04-22 07:31:32'),(740,'ಭಟ್ರಹಿತ್ಲು','Place',456,'2019-04-22 07:32:14','2019-04-22 07:32:14'),(741,'ಗುಮ್ಮನಹಕ್ಲ','Place',457,'2019-04-22 07:34:30','2019-04-22 07:35:39'),(742,'ಕೇಶುಮನೆ','Place',458,'2019-04-22 07:36:08','2019-04-22 07:36:08'),(743,'ಬಳ್ಕೂರು-2','Place',459,'2019-04-22 07:45:29','2019-04-22 07:45:29'),(744,' ಕಬಾಡಕೇರಿ','Place',460,'2019-04-22 07:46:25','2019-04-22 07:46:25'),(745,' ಗುಂಡಬಾಳ-2','Place',461,'2019-04-22 07:47:36','2019-04-22 07:47:36'),(746,'ಗುಂಡಿಬೈಲ','Place',462,'2019-04-22 07:49:10','2019-04-22 07:49:10');
/*!40000 ALTER TABLE `regional_names` ENABLE KEYS */;
UNLOCK TABLES;

--
-- Table structure for table `schema_migrations`
--

DROP TABLE IF EXISTS `schema_migrations`;
/*!40101 SET @saved_cs_client     = @@character_set_client */;
/*!40101 SET character_set_client = utf8 */;
CREATE TABLE `schema_migrations` (
  `version` varchar(255) NOT NULL,
  PRIMARY KEY (`version`)
) ENGINE=InnoDB DEFAULT CHARSET=utf8;
/*!40101 SET character_set_client = @saved_cs_client */;

--
-- Dumping data for table `schema_migrations`
--

LOCK TABLES `schema_migrations` WRITE;
/*!40000 ALTER TABLE `schema_migrations` DISABLE KEYS */;
INSERT INTO `schema_migrations` VALUES ('20190321145446'),('20190406070042'),('20190406070122'),('20190406070143'),('20190406071116'),('20190407060028'),('20190409191426'),('20190409191528'),('20190409200507'),('20190409201505'),('20190410120805'),('20190410152227'),('20190412190041'),('20190413050104'),('20190413053640'),('20190414085233'),('20190416091403'),('20190416093842'),('20190416191152'),('20190419084607');
/*!40000 ALTER TABLE `schema_migrations` ENABLE KEYS */;
UNLOCK TABLES;

--
-- Table structure for table `scheme_types`
--

DROP TABLE IF EXISTS `scheme_types`;
/*!40101 SET @saved_cs_client     = @@character_set_client */;
/*!40101 SET character_set_client = utf8 */;
CREATE TABLE `scheme_types` (
  `id` bigint(20) NOT NULL AUTO_INCREMENT,
  `name` varchar(255) DEFAULT NULL,
  `sub_type` varchar(255) DEFAULT NULL,
  `created_at` datetime NOT NULL,
  `updated_at` datetime NOT NULL,
  PRIMARY KEY (`id`)
) ENGINE=InnoDB AUTO_INCREMENT=12 DEFAULT CHARSET=utf8;
/*!40101 SET character_set_client = @saved_cs_client */;

--
-- Dumping data for table `scheme_types`
--

LOCK TABLES `scheme_types` WRITE;
/*!40000 ALTER TABLE `scheme_types` DISABLE KEYS */;
INSERT INTO `scheme_types` VALUES (1,'HOUSING','Govt. Scheme','2019-04-12 06:43:34','2019-04-12 06:52:25'),(2,'CM Medical Relief','Govt. Scheme','2019-04-12 06:53:18','2019-04-12 06:53:18'),(3,'Education Assistance','MLA Scheme','2019-04-12 06:54:09','2019-04-12 06:54:09'),(4,'Financial Assistance to Sport','MLA Scheme','2019-04-12 06:55:29','2019-04-22 06:36:07'),(5,'Financial Assistance to Poor Patients','MLA Scheme','2019-04-12 06:56:15','2019-04-12 06:56:15'),(6,'Financial Assistance to Marriage','MLA Scheme','2019-04-12 06:57:56','2019-04-12 06:57:56'),(7,'Financial Assistance to Poors','MLA Scheme','2019-04-12 06:58:53','2019-04-12 06:58:53'),(8,'Tourism Vehicle','Govt. Scheme','2019-04-12 06:59:34','2019-04-12 06:59:34'),(9,'Three Wheeler to Handicaped','Govt. Scheme','2019-04-12 07:00:24','2019-04-12 07:00:24'),(10,'Assistance to Fisherman','Govt. Scheme','2019-04-12 07:01:42','2019-04-12 07:01:42'),(11,'Assistance to Farmer','Govt. Scheme','2019-04-12 07:02:22','2019-04-12 07:02:22');
/*!40000 ALTER TABLE `scheme_types` ENABLE KEYS */;
UNLOCK TABLES;

--
-- Table structure for table `stored_files`
--

DROP TABLE IF EXISTS `stored_files`;
/*!40101 SET @saved_cs_client     = @@character_set_client */;
/*!40101 SET character_set_client = utf8 */;
CREATE TABLE `stored_files` (
  `id` bigint(20) NOT NULL AUTO_INCREMENT,
  `storage_type` varchar(255) DEFAULT NULL,
  `storage_id` int(11) DEFAULT NULL,
  `desc` varchar(255) DEFAULT NULL,
  `document` varchar(255) DEFAULT NULL,
  `created_at` datetime NOT NULL,
  `updated_at` datetime NOT NULL,
  PRIMARY KEY (`id`)
) ENGINE=InnoDB AUTO_INCREMENT=2 DEFAULT CHARSET=utf8;
/*!40101 SET character_set_client = @saved_cs_client */;

--
-- Dumping data for table `stored_files`
--

LOCK TABLES `stored_files` WRITE;
/*!40000 ALTER TABLE `stored_files` DISABLE KEYS */;
/*!40000 ALTER TABLE `stored_files` ENABLE KEYS */;
UNLOCK TABLES;

--
-- Table structure for table `stored_images`
--

DROP TABLE IF EXISTS `stored_images`;
/*!40101 SET @saved_cs_client     = @@character_set_client */;
/*!40101 SET character_set_client = utf8 */;
CREATE TABLE `stored_images` (
  `id` bigint(20) NOT NULL AUTO_INCREMENT,
  `media_type` varchar(255) DEFAULT NULL,
  `media_id` int(11) DEFAULT NULL,
  `image` varchar(255) DEFAULT NULL,
  `desc` varchar(255) DEFAULT NULL,
  `created_at` datetime NOT NULL,
  `updated_at` datetime NOT NULL,
  PRIMARY KEY (`id`)
) ENGINE=InnoDB AUTO_INCREMENT=36 DEFAULT CHARSET=utf8;
/*!40101 SET character_set_client = @saved_cs_client */;

--
-- Dumping data for table `stored_images`
--

LOCK TABLES `stored_images` WRITE;
/*!40000 ALTER TABLE `stored_images` DISABLE KEYS */;
INSERT INTO `stored_images` VALUES (5,'DevelopmentWork',203,'1555928932_heradi_raste___kaykini_panchayat_1.18_crore.jpg','','2019-04-22 10:28:52','2019-04-22 10:28:52'),(6,'DevelopmentWork',204,'1555928967_heralli_badageri_raste_100_laksha.jpg','','2019-04-22 10:29:27','2019-04-22 10:29:27'),(7,'DevelopmentWork',180,'1555929608_katagar_koppa_raste.jpg','','2019-04-22 10:40:08','2019-04-22 10:40:08'),(8,'DevelopmentWork',180,'1555929608_katgara_koppa_raste_30_lak.jpg','','2019-04-22 10:40:08','2019-04-22 10:40:08'),(9,'DevelopmentWork',139,'1555930268_ರಂದು_ಭಟ್ಕಳ_ತಾಲ್ಲೂಕಿನ_ಶಿರಾಲಿ_ಗ್ರಾಮ_ಪಂಚಾಯತ್_ವ್ಯಾಪ್ತಿ.jpg','','2019-04-22 10:51:08','2019-04-22 10:51:08'),(10,'DevelopmentWork',139,'1555930268_ರಂದು_ಭಟ್ಕಳ_ತಾಲ್ಲೂಕಿನ_ಶಿರಾಲಿ_ಗ್ರಾಮ_ಪಂಚಾಯತ್_ವ್ಯಾಪ್ತಿಯಲ್ಲಿನ_ತಟ್ಟಿಹಕ್ಕಲಿನ_ಮುಖ್ಯ_ರಸ್ತೆ_ಇ.jpg','','2019-04-22 10:51:08','2019-04-22 10:51:08'),(11,'DevelopmentWork',133,'1555930541_53032399_2420045648231260_3937561515153948672_n.jpg','','2019-04-22 10:55:41','2019-04-22 10:55:41'),(12,'DevelopmentWork',133,'1555930541_ಭಟ್ಕಳ_ತಾಲ್ಲೂಕಿನ__ಯಲ್ವಡಿಕವೂರು_ಪಂಚಾಯತ್_ವ್ಯಾಪ್ತಿಯ_ಹಡೀನ_ತಿಲಕ_ನಗರ_ರಸ್ತೆ_25_ಲಕ್ಷ.jpg','','2019-04-22 10:55:41','2019-04-22 10:55:41'),(13,'DevelopmentWork',134,'1555930674_52779864_2420046154897876_3489110149983895552_n.jpg','','2019-04-22 10:57:54','2019-04-22 10:57:54'),(14,'DevelopmentWork',135,'1555930804_53032382_2420046071564551_5879061417855811584_n.jpg','','2019-04-22 11:00:04','2019-04-22 11:00:04'),(15,'DevelopmentWork',132,'1555930913_52825979_2419843444918147_39065347487170560_n.jpg','','2019-04-22 11:01:53','2019-04-22 11:01:53'),(16,'DevelopmentWork',132,'1555930913_53098667_2419843534918138_944112650080485376_n.jpg','','2019-04-22 11:01:53','2019-04-22 11:01:53'),(17,'DevelopmentWork',130,'1555931018_52793101_2419843614918130_7985588798887034880_n.jpg','','2019-04-22 11:03:38','2019-04-22 11:03:38'),(18,'DevelopmentWork',130,'1555931018_52898489_2419843704918121_2704392652610076672_n.jpg','','2019-04-22 11:03:38','2019-04-22 11:03:38'),(19,'DevelopmentWork',131,'1555931104_52964735_2419843774918114_5294948468349992960_n.jpg','','2019-04-22 11:05:04','2019-04-22 11:05:04'),(20,'DevelopmentWork',131,'1555931104_52263871_2419843858251439_6344996585570566144_n.jpg','','2019-04-22 11:05:04','2019-04-22 11:05:04'),(21,'DevelopmentWork',138,'1555931246_52880641_2419477931621365_4218777861818941440_n.jpg','','2019-04-22 11:07:26','2019-04-22 11:07:26'),(22,'DevelopmentWork',138,'1555931246_52720437_2419477998288025_538481017929859072_n.jpg','','2019-04-22 11:07:26','2019-04-22 11:07:26'),(23,'DevelopmentWork',210,'1555932323_52736430_2419477574954734_2671539949546766336_n.jpg','','2019-04-22 11:25:23','2019-04-22 11:25:23'),(24,'DevelopmentWork',210,'1555932323_52717503_2419477768288048_5078220200935948288_n.jpg','','2019-04-22 11:25:23','2019-04-22 11:25:23'),(25,'DevelopmentWork',137,'1555932474_52918013_2419275678308257_2441862463109464064_n.jpg','','2019-04-22 11:27:54','2019-04-22 11:27:54'),(26,'DevelopmentWork',137,'1555932474_52852225_2419275748308250_6890642120051261440_n.jpg','','2019-04-22 11:27:54','2019-04-22 11:27:54'),(27,'DevelopmentWork',136,'1555932583_52717018_2419275891641569_5302831923771473920_n.jpg','','2019-04-22 11:29:43','2019-04-22 11:29:43'),(28,'DevelopmentWork',136,'1555932583_52688570_2419275974974894_1513703292956311552_n.jpg','','2019-04-22 11:29:43','2019-04-22 11:29:43'),(29,'DevelopmentWork',182,'1555933823_52918146_2417436761825482_8102958615725342720_n.jpg','','2019-04-22 11:50:23','2019-04-22 11:50:23'),(31,'DevelopmentWork',182,'1555933849_52833032_2417437001825458_469344001653211136_n.jpg','','2019-04-22 11:50:49','2019-04-22 11:50:49'),(32,'DevelopmentWork',211,'1555934347_51996486_2408895556012936_398075676575399936_n.jpg','','2019-04-22 11:59:07','2019-04-22 11:59:07'),(33,'DevelopmentWork',211,'1555934347_51272879_2408896752679483_7316460768507985920_n.jpg','','2019-04-22 11:59:07','2019-04-22 11:59:07'),(34,'DevelopmentWork',141,'1555934611_51489544_2408057706096721_272822683488485376_n.jpg','','2019-04-22 12:03:31','2019-04-22 12:03:31'),(35,'DevelopmentWork',141,'1555934611_51491153_2408057612763397_4061569238307962880_n.jpg','','2019-04-22 12:03:31','2019-04-22 12:03:31');
/*!40000 ALTER TABLE `stored_images` ENABLE KEYS */;
UNLOCK TABLES;

--
-- Table structure for table `taluks`
--

DROP TABLE IF EXISTS `taluks`;
/*!40101 SET @saved_cs_client     = @@character_set_client */;
/*!40101 SET character_set_client = utf8 */;
CREATE TABLE `taluks` (
  `id` bigint(20) NOT NULL AUTO_INCREMENT,
  `district_id` bigint(20) DEFAULT NULL,
  `name` varchar(255) DEFAULT NULL,
  `code` varchar(255) DEFAULT NULL,
  `created_at` datetime NOT NULL,
  `updated_at` datetime NOT NULL,
  PRIMARY KEY (`id`),
  KEY `index_taluks_on_district_id` (`district_id`),
  CONSTRAINT `fk_rails_0d7078be37` FOREIGN KEY (`district_id`) REFERENCES `districts` (`id`)
) ENGINE=InnoDB AUTO_INCREMENT=11 DEFAULT CHARSET=utf8;
/*!40101 SET character_set_client = @saved_cs_client */;

--
-- Dumping data for table `taluks`
--

LOCK TABLES `taluks` WRITE;
/*!40000 ALTER TABLE `taluks` DISABLE KEYS */;
INSERT INTO `taluks` VALUES (1,1,'BHATKAL','BKL01','2019-04-08 04:29:34','2019-04-08 08:07:09'),(8,1,'HONNAVAR','HNR02','2019-04-08 09:58:12','2019-04-08 09:58:12'),(9,1,'BHATKAL MANDALA','BKM','2019-04-15 12:11:45','2019-04-15 12:11:45'),(10,1,'HONNAVAR MANDALA','HM','2019-04-15 12:20:27','2019-04-15 12:20:27');
/*!40000 ALTER TABLE `taluks` ENABLE KEYS */;
UNLOCK TABLES;

--
-- Table structure for table `users`
--

DROP TABLE IF EXISTS `users`;
/*!40101 SET @saved_cs_client     = @@character_set_client */;
/*!40101 SET character_set_client = utf8 */;
CREATE TABLE `users` (
  `id` bigint(20) NOT NULL AUTO_INCREMENT,
  `email` varchar(255) NOT NULL DEFAULT '',
  `encrypted_password` varchar(255) NOT NULL DEFAULT '',
  `address` varchar(255) DEFAULT NULL,
  `pincode` varchar(255) DEFAULT NULL,
  `gender` varchar(255) DEFAULT NULL,
  `phone` varchar(255) DEFAULT NULL,
  `name` varchar(255) DEFAULT NULL,
  `age` varchar(255) DEFAULT NULL,
  `reset_password_token` varchar(255) DEFAULT NULL,
  `reset_password_sent_at` datetime DEFAULT NULL,
  `remember_created_at` datetime DEFAULT NULL,
  `sign_in_count` int(11) NOT NULL DEFAULT '0',
  `current_sign_in_at` datetime DEFAULT NULL,
  `last_sign_in_at` datetime DEFAULT NULL,
  `current_sign_in_ip` varchar(255) DEFAULT NULL,
  `last_sign_in_ip` varchar(255) DEFAULT NULL,
  `confirmation_token` varchar(255) DEFAULT NULL,
  `confirmed_at` datetime DEFAULT NULL,
  `confirmation_sent_at` datetime DEFAULT NULL,
  `unconfirmed_email` varchar(255) DEFAULT NULL,
  `failed_attempts` int(11) NOT NULL DEFAULT '0',
  `unlock_token` varchar(255) DEFAULT NULL,
  `locked_at` datetime DEFAULT NULL,
  `created_at` datetime NOT NULL,
  `updated_at` datetime NOT NULL,
  `access_token` varchar(255) DEFAULT NULL,
  `access_token_expiry` datetime DEFAULT NULL,
  `user_type` varchar(255) DEFAULT NULL,
  `dob` date DEFAULT NULL,
  PRIMARY KEY (`id`),
  UNIQUE KEY `index_users_on_confirmation_token` (`confirmation_token`),
  UNIQUE KEY `index_users_on_reset_password_token` (`reset_password_token`),
  UNIQUE KEY `index_users_on_unlock_token` (`unlock_token`),
  UNIQUE KEY `index_users_on_phone` (`phone`)
) ENGINE=InnoDB AUTO_INCREMENT=6 DEFAULT CHARSET=utf8;
/*!40101 SET character_set_client = @saved_cs_client */;

--
-- Dumping data for table `users`
--

LOCK TABLES `users` WRITE;
/*!40000 ALTER TABLE `users` DISABLE KEYS */;
INSERT INTO `users` VALUES (2,'jha.vishrut@gmail.com','$2a$11$BTcc3InkoKAkGc4WPUM6wO0e/PI6uorXWz0nCyscZYFVCOX0AuHZ6',NULL,'560016','Male','8431091924','Vishrut','26',NULL,NULL,NULL,0,NULL,NULL,NULL,NULL,NULL,NULL,NULL,NULL,0,NULL,NULL,'2019-04-08 08:37:18','2019-04-23 09:25:57',NULL,NULL,'Admin',NULL),(3,'pri20111992@gmail.com','$2a$11$aOhK3j3U8WfBcQ307D/uE.VQFNlgVjZ.Ju/BpY1pa./CGGse5Ay0W',NULL,'','','7259211113','Priyanka K','',NULL,NULL,NULL,0,NULL,NULL,NULL,NULL,NULL,NULL,NULL,NULL,0,NULL,NULL,'2019-04-08 14:59:51','2019-04-08 14:59:51',NULL,NULL,'Admin',NULL),(4,'ullasgn@gmail.com','$2a$11$giMO/4GOBf82XBp2sjwWXuTnROh/HAwWh2wj0PGHv6DKs7VwTT7US',' ಬೆಂಗಳೂರು','560043','Male','9980743670','ಉಲ್ಲಾಸ ಗಂಗಾಧರ ನಾಯ್ಕ','53',NULL,NULL,'2019-04-23 10:55:31',0,NULL,NULL,NULL,NULL,NULL,NULL,NULL,NULL,0,NULL,NULL,'2019-04-12 18:09:01','2019-04-23 10:55:31',NULL,NULL,'Admin','1966-07-15'),(5,'lalith.310@gmail.com','$2a$11$MeZFKZWOVNq31/NzQyfsU.9b8V2zL4qnqVK.FMtShKbDDkQvlmXx2',NULL,'560097','Male','9902355667','lalith','22',NULL,NULL,NULL,0,NULL,NULL,NULL,NULL,NULL,NULL,NULL,NULL,0,NULL,NULL,'2019-04-13 15:15:23','2019-04-13 15:15:23',NULL,NULL,'Admin',NULL);
/*!40000 ALTER TABLE `users` ENABLE KEYS */;
UNLOCK TABLES;

--
-- Table structure for table `videos`
--

DROP TABLE IF EXISTS `videos`;
/*!40101 SET @saved_cs_client     = @@character_set_client */;
/*!40101 SET character_set_client = utf8 */;
CREATE TABLE `videos` (
  `id` bigint(20) NOT NULL AUTO_INCREMENT,
  `vid_url` varchar(255) DEFAULT NULL,
  `desc` varchar(255) DEFAULT NULL,
  `media_id` int(11) DEFAULT NULL,
  `media_type` varchar(255) DEFAULT NULL,
  `created_at` datetime NOT NULL,
  `updated_at` datetime NOT NULL,
  PRIMARY KEY (`id`)
) ENGINE=InnoDB DEFAULT CHARSET=utf8;
/*!40101 SET character_set_client = @saved_cs_client */;

--
-- Dumping data for table `videos`
--

LOCK TABLES `videos` WRITE;
/*!40000 ALTER TABLE `videos` DISABLE KEYS */;
/*!40000 ALTER TABLE `videos` ENABLE KEYS */;
UNLOCK TABLES;
/*!40103 SET TIME_ZONE=@OLD_TIME_ZONE */;

/*!40101 SET SQL_MODE=@OLD_SQL_MODE */;
/*!40014 SET FOREIGN_KEY_CHECKS=@OLD_FOREIGN_KEY_CHECKS */;
/*!40014 SET UNIQUE_CHECKS=@OLD_UNIQUE_CHECKS */;
/*!40101 SET CHARACTER_SET_CLIENT=@OLD_CHARACTER_SET_CLIENT */;
/*!40101 SET CHARACTER_SET_RESULTS=@OLD_CHARACTER_SET_RESULTS */;
/*!40101 SET COLLATION_CONNECTION=@OLD_COLLATION_CONNECTION */;
/*!40111 SET SQL_NOTES=@OLD_SQL_NOTES */;

-- Dump completed on 2019-04-23 12:06:48
